GM102B_rel,GM302B_rel,GM502B_rel,GM702B_rel,temperature,humidity,treatment,timestamp,time
0.0,0.0,0.0,0.0,35.26,38.64,TEST_20250501_162446,1746091486.066232,1
-0.8926614999688809,-2.8504559448210784,-2.857684940305262,-0.6704864702112445,35.28,38.66,TEST_20250501_162446,1746091486.066232,2
-1.40287465698907,-4.7511139351236125,-4.769707515303708,-1.1259499925579348,35.29,38.69,TEST_20250501_162446,1746091486.066232,3
-1.2431686393993004,-3.5625388903918065,-3.5617572531918995,0.1746007255458153,35.29,38.64,TEST_20250501_162446,1746091486.066232,4
-0.9884851105227881,-3.56360097165998,-3.5824550975730745,0.14918309892641446,35.28,38.69,TEST_20250501_162446,1746091486.066232,5
-0.7648966858971562,-2.89959590903527,-1.8913247306154517,0.5699541042720284,35.28,38.62,TEST_20250501_162446,1746091486.066232,6
-2.1358301393684087,-6.412994835211975,-6.419442193498071,-0.49588574466520186,35.31,38.66,TEST_20250501_162446,1746091486.066232,7
-0.7968378894152011,-3.1373109179812673,-2.132914783038359,0.5098439606510965,35.28,38.63,TEST_20250501_162446,1746091486.066232,8
-0.06388240703586234,-1.4754300178929043,-0.48318010484399565,0.8797797127583635,35.26,38.66,TEST_20250501_162446,1746091486.066232,9
-1.2431686393993004,-4.5625388903918065,-3.5617572531918995,0.1746007255458153,35.29,38.64,TEST_20250501_162446,1746091486.066232,10
-0.8926614999688809,-2.8504559448210784,-2.857684940305262,0.3295135297887555,35.28,38.66,TEST_20250501_162446,1746091486.066232,11
0.12776481407172469,-0.04913996421419142,0.9663602096898103,1.2404405744830456,35.26,38.6,TEST_20250501_162446,1746091486.066232,12
0.6060367675743237,1.6138030171423452,2.6367927322653486,0.6357939532092587,35.25,38.58,TEST_20250501_162446,1746091486.066232,13
1.562580674579067,4.939688979856328,5.977657777417335,1.4265007106619123,35.23,38.54,TEST_20250501_162446,1746091486.066232,14
2.1047350351175282,7.078061979104859,8.131270404837778,1.942074376629762,35.22,38.5,TEST_20250501_162446,1746091486.066232,15
1.8181103027227437,6.841409051427036,7.910378196796955,1.9073818596282308,35.23,38.46,TEST_20250501_162446,1746091486.066232,16
1.9778163203127406,8.029984096159751,9.118328458908763,2.2079325777322083,35.23,38.41,TEST_20250501_162446,1746091486.066232,17
1.360264663261205,9.979782050676477,9.063990824217399,2.422955525595853,35.22,38.42,TEST_20250501_162446,1746091486.066232,18
2.0621250413892085,13.306730094656814,12.42555371374874,3.23907990966768,35.21,38.33,TEST_20250501_162446,1746091486.066232,19
2.0301838378711636,13.069015085709907,12.183963661325834,3.178969766046748,35.21,38.34,TEST_20250501_162446,1746091486.066232,20
3.401117291342416,16.582414011887522,16.712081124208453,3.2448096149839785,35.18,38.3,TEST_20250501_162446,1746091486.066232,21
4.389602401865659,20.146014983547502,20.294536221781527,4.095626516057564,35.16,38.25,TEST_20250501_162446,1746091486.066232,22
4.708168337778034,20.620382920172233,20.757018482245257,4.1904291766798,35.15,38.28,TEST_20250501_162446,1746091486.066232,23
3.6566469194863203,18.48413408345914,18.644801543588073,3.725690763950297,35.18,38.22,TEST_20250501_162446,1746091486.066232,24
3.6566469194863203,18.48413408345914,18.644801543588073,3.725690763950297,35.18,38.22,TEST_20250501_162446,1746091486.066232,25
3.7205293265221826,18.959564101351134,19.12798164843298,2.8459110511919334,35.18,38.2,TEST_20250501_162446,1746091486.066232,26
4.601675937013852,25.373621017832193,25.568121686312224,4.367214422476081,35.14,38.13,TEST_20250501_162446,1746091486.066232,27
4.2831100011012495,24.899253081207462,25.105639425848494,4.272411761853846,35.15,38.1,TEST_20250501_162446,1746091486.066232,28
4.793323158121666,26.799911071509996,27.01766200084603,4.727875284200763,35.14,38.07,TEST_20250501_162446,1746091486.066232,29
4.793323158121666,26.799911071509996,27.01766200084603,4.727875284200763,35.14,38.07,TEST_20250501_162446,1746091486.066232,30
6.132315408075101,31.075594988740704,31.304189411305742,5.733604989517289,35.11,38.04,TEST_20250501_162446,1746091486.066232,31
6.993035704525937,33.688335924613966,32.92028429918901,5.343981316107374,35.09,38.03,TEST_20250501_162446,1746091486.066232,32
7.056918111561799,34.16376594250687,33.40346440403391,5.464201603349011,35.09,38.01,TEST_20250501_162446,1746091486.066232,33
6.088859315079844,34.40148095145378,33.64505445645682,5.524311746969715,35.09,38.0,TEST_20250501_162446,1746091486.066232,34
6.408271350259383,36.77863104091739,36.060954980680435,6.12541318317767,35.09,37.9,TEST_20250501_162446,1746091486.066232,35
6.440212553777428,37.01634604986339,36.30254503310334,6.185523326798375,35.09,37.89,TEST_20250501_162446,1746091486.066232,36
7.555616379104777,39.628024904470294,38.89794207660543,6.770482026769287,35.06,37.93,TEST_20250501_162446,1746091486.066232,37
5.822660896725893,37.96614400438193,36.24820739841198,6.400546274662474,35.08,37.9,TEST_20250501_162446,1746091486.066232,38
7.193594350197145,42.47954293055864,40.77632486129369,7.466386123599705,35.05,37.86,TEST_20250501_162446,1746091486.066232,39
5.8546021002439375,38.20385901332793,36.489797450834885,5.460656418283179,35.08,37.89,TEST_20250501_162446,1746091486.066232,40
7.22553555371519,42.717257939504634,41.017914913716595,6.526496267220409,35.05,37.85,TEST_20250501_162446,1746091486.066232,41
7.671866303699744,44.142485911914264,42.446757383869226,6.861739502325918,35.04,37.84,TEST_20250501_162446,1746091486.066232,42
8.978917350135134,48.180454820198975,46.49169474190603,6.807359064021512,35.01,37.82,TEST_20250501_162446,1746091486.066232,43
7.978917350135134,48.180454820198975,46.49169474190603,6.807359064021512,35.01,37.82,TEST_20250501_162446,1746091486.066232,44
8.042799757170997,48.65588483809188,46.974874846750936,6.927579351263148,35.01,37.8,TEST_20250501_162446,1746091486.066232,45
8.903520053621833,51.26862577396605,48.5909697346342,7.537955677853233,34.99,37.79,TEST_20250501_162446,1746091486.066232,46
8.935461257139877,50.50634078291205,48.83255978705711,7.598065821473938,34.99,37.78,TEST_20250501_162446,1746091486.066232,47
9.031284867693557,51.21948580975186,49.55732994432401,7.778396252336279,34.99,37.75,TEST_20250501_162446,1746091486.066232,48
9.30639471061113,55.01973970908875,53.36067724993882,8.663905670411168,34.96,37.74,TEST_20250501_162446,1746091486.066232,49
9.338335914129175,56.25745471803475,53.602267302360815,8.7240158140321,34.96,37.73,TEST_20250501_162446,1746091486.066232,50
9.784666664113274,56.68268269044529,55.031109772513446,8.059259049137381,34.95,37.72,TEST_20250501_162446,1746091486.066232,51
9.30639471061113,56.01973970908875,52.36067724993882,7.663905670411168,34.96,37.74,TEST_20250501_162446,1746091486.066232,52
10.230997414098056,59.10791066285583,55.459952242667896,8.394502284243117,34.94,37.71,TEST_20250501_162446,1746091486.066232,53
9.784666664113274,57.68268269044529,54.031109772513446,8.059259049137381,34.95,37.72,TEST_20250501_162446,1746091486.066232,54
11.56998966405149,63.38359458008745,59.7464796531267,9.400231989559416,34.91,37.68,TEST_20250501_162446,1746091486.066232,55
11.219482524620616,62.6715116345149,59.04240734024006,9.245319185316248,34.92,37.66,TEST_20250501_162446,1746091486.066232,56
11.56998966405149,63.38359458008745,59.7464796531267,9.400231989559416,34.91,37.68,TEST_20250501_162446,1746091486.066232,57
11.187541321102799,62.4337966255689,58.80081728781806,8.185209041695316,34.92,37.67,TEST_20250501_162446,1746091486.066232,58
11.048261617553635,65.04653756144398,61.41691217570224,8.795585368285856,34.9,37.66,TEST_20250501_162446,1746091486.066232,59
11.016320414035818,63.80882255249708,61.17532212328024,8.735475224664924,34.9,37.67,TEST_20250501_162446,1746091486.066232,60
11.048261617553635,64.04653756144398,61.41691217570224,8.795585368285856,34.9,37.66,TEST_20250501_162446,1746091486.066232,61
11.877040710486426,66.42156348836943,63.791417011162594,9.34585155125501,34.88,37.66,TEST_20250501_162446,1746091486.066232,62
12.291430256953163,67.60907645183397,64.97866942889414,9.620984642739813,34.87,37.66,TEST_20250501_162446,1746091486.066232,63
11.291430256953163,67.60907645183397,63.978669428894136,9.620984642739813,34.87,37.66,TEST_20250501_162446,1746091486.066232,64
12.63042250690637,71.88476036906468,68.26519683935294,9.626714348056112,34.84,37.63,TEST_20250501_162446,1746091486.066232,65
12.566540099870508,71.40933035117177,67.78201673450803,9.506494060814475,34.84,37.65,TEST_20250501_162446,1746091486.066232,66
11.259489053435118,67.37136144288797,63.73707937647214,8.560874499118881,34.87,37.67,TEST_20250501_162446,1746091486.066232,67
13.650002721680266,73.78329419683178,70.13582372558812,10.031342617164682,34.81,37.7,TEST_20250501_162446,1746091486.066232,68
13.076753256891152,73.30998834147522,69.69403930950648,9.96195758316162,34.83,37.62,TEST_20250501_162446,1746091486.066232,69
13.745826332234174,74.49643922367068,69.86059388285594,10.211673048027023,34.81,37.67,TEST_20250501_162446,1746091486.066232,70
13.873591146305898,75.44729925945649,70.82695409254484,10.452113622510069,34.81,37.63,TEST_20250501_162446,1746091486.066232,71
15.052877378669564,78.53440813195448,73.90553124089274,11.157292609722845,34.78,37.65,TEST_20250501_162446,1746091486.066232,72
13.93747355334176,75.92272927734939,71.31013419739065,10.572333909751706,34.81,37.61,TEST_20250501_162446,1746091486.066232,73
14.531149332171708,80.19735111331102,75.57596376346737,11.55264598844883,34.77,37.63,TEST_20250501_162446,1746091486.066232,74
14.180642192741288,79.48526816774029,74.87189145058255,11.39773318420589,34.78,37.61,TEST_20250501_162446,1746091486.066232,75
13.988994971633474,78.05897811406157,73.42235113604784,11.037072322481208,34.78,37.67,TEST_20250501_162446,1746091486.066232,76
14.4353257216178,79.48420608647211,74.85119360620047,11.37231555758649,34.77,37.66,TEST_20250501_162446,1746091486.066232,77
13.084818582187381,78.77212314090048,73.14712129331474,11.21740275334355,34.78,37.64,TEST_20250501_162446,1746091486.066232,78
14.80625917508928,83.99760501264882,78.37931106908218,12.438155406523947,34.74,37.62,TEST_20250501_162446,1746091486.066232,79
14.838200378607098,83.23532002159573,78.62090112150509,11.498265550144652,34.74,37.61,TEST_20250501_162446,1746091486.066232,80
14.678494361017329,82.04674497686392,77.41295085939237,11.197714832040901,34.74,37.66,TEST_20250501_162446,1746091486.066232,81
15.921663000416856,85.60928386725391,80.97470811258518,12.023114106494859,34.71,37.66,TEST_20250501_162446,1746091486.066232,82
15.6350382680223,85.37263093957608,80.75381590454435,11.988421589493328,34.72,37.62,TEST_20250501_162446,1746091486.066232,83
16.367993750401183,87.03451183966445,82.40355058273781,12.358357341600367,34.7,37.65,TEST_20250501_162446,1746091486.066232,84
15.6350382680223,85.37263093957608,80.75381590454435,11.988421589493328,34.72,37.62,TEST_20250501_162446,1746091486.066232,85
16.017486610970764,86.32242889409372,80.69947826985299,12.2034445373572,34.71,37.63,TEST_20250501_162446,1746091486.066232,86
16.46381736095509,87.74765686650335,82.12832074000471,12.538687772462708,34.7,37.62,TEST_20250501_162446,1746091486.066232,87
17.579221186282666,90.35933572111026,84.72371778350771,12.12364647243362,34.67,37.66,TEST_20250501_162446,1746091486.066232,88
17.515338779246804,90.88390570321644,84.2405376786628,13.003426185191984,34.67,37.68,TEST_20250501_162446,1746091486.066232,89
17.025551936267448,91.7845636935208,86.15256025366216,12.458889707539129,34.66,37.65,TEST_20250501_162446,1746091486.066232,90
16.61116238980071,90.59705073005625,84.96530783593062,13.183756616054325,34.67,37.65,TEST_20250501_162446,1746091486.066232,91
17.025551936267448,91.7845636935208,86.15256025366216,13.458889707539129,34.66,37.65,TEST_20250501_162446,1746091486.066232,92
16.61116238980071,90.59705073005625,84.96530783593062,13.183756616054325,34.67,37.65,TEST_20250501_162446,1746091486.066232,93
17.886272232718056,94.39730462939315,88.76865514154451,13.069266034129214,34.64,37.64,TEST_20250501_162446,1746091486.066232,94
17.79044862216415,93.68415960255425,88.04388498427761,12.888935603266873,34.64,37.67,TEST_20250501_162446,1746091486.066232,95
17.85433102920024,94.15958962044715,88.52706508912252,13.00915589050851,34.64,37.65,TEST_20250501_162446,1746091486.066232,96
18.268720575666748,95.34710258391078,89.71431750685315,13.284288981993086,34.63,37.65,TEST_20250501_162446,1746091486.066232,97
17.300661779184566,95.58481759285678,89.95590755927515,13.344399125614018,34.63,37.64,TEST_20250501_162446,1746091486.066232,98
17.268720575666748,95.34710258391078,89.71431750685315,13.284288981993086,34.63,37.65,TEST_20250501_162446,1746091486.066232,99
18.41606560451237,98.19649644746278,92.55130460277724,13.92935782558493,34.6,37.68,TEST_20250501_162446,1746091486.066232,100
0.0,0.0,0.0,0.0,36.72,53.94,CONTROL_20250531_103844,1748662724.7852488,1
-0.5217280464976284,1.6629429813556271,1.6704325225755383,0.3953533787262131,36.71,53.92,CONTROL_20250531_103844,1748662724.7852488,2
-0.9361175929641377,0.4754300178929043,0.48318010484490515,0.12022028724163647,36.72,53.92,CONTROL_20250531_103844,1748662724.7852488,3
-1.796837889415201,-2.1373109179812673,-3.1329147830392685,-0.4901560393489035,36.74,53.93,CONTROL_20250531_103844,1748662724.7852488,4
-0.9680587964821825,0.2377150089459974,-0.7584099475780022,0.06011014362070455,36.72,53.93,CONTROL_20250531_103844,1748662724.7852488,5
-2.179286232363438,-3.087108872498902,-4.078577148346994,-0.7051789872125482,36.75,53.92,CONTROL_20250531_103844,1748662724.7852488,6
-2.083462621809531,-2.373963845659091,-3.3538069910800914,-0.5248485563502072,36.75,53.89,CONTROL_20250531_103844,1748662724.7852488,7
-2.5617345753119025,-4.036906827015628,-5.02423951365563,-0.9202019350764203,36.76,53.91,CONTROL_20250531_103844,1748662724.7852488,8
-1.6371318718254315,-0.9487358732494613,-1.9249645209274604,-0.18960532124492602,36.74,53.88,CONTROL_20250531_103844,1748662724.7852488,9
-3.2946900576912412,-5.6987877271049,-7.673974191849993,-1.2901376871836874,36.78,53.88,CONTROL_20250531_103844,1748662724.7852488,10
-2.3062049471682258,-2.13518675544492,-4.091519094276009,-0.43932078611010184,36.76,53.83,CONTROL_20250531_103844,1748662724.7852488,11
-2.0515214182917134,-2.1362488367130936,-4.112216938658094,0.5352615872704973,36.75,53.88,CONTROL_20250531_103844,1748662724.7852488,12
-2.1473450288453932,-2.8493938635519953,-4.8369870959249965,0.3549311564081563,36.75,53.91,CONTROL_20250531_103844,1748662724.7852488,13
-1.9556978077378062,-1.423103809874192,-3.387446781390281,0.7155920181328383,36.75,53.85,CONTROL_20250531_103844,1748662724.7852488,14
-1.9556978077378062,-2.423103809874192,-3.387446781390281,0.7155920181328383,36.75,53.85,CONTROL_20250531_103844,1748662724.7852488,15
-1.4774258542354346,-0.7601608285176553,-2.717014258814743,1.1109453968590515,36.74,53.83,CONTROL_20250531_103844,1748662724.7852488,16
-1.5413082612715243,-1.2355908464096501,-3.200194363659648,-0.009274890382585,36.74,53.85,CONTROL_20250531_103844,1748662724.7852488,17
-1.9556978077378062,-2.423103809874192,-4.387446781390281,0.7155920181328383,36.75,53.85,CONTROL_20250531_103844,1748662724.7852488,18
-1.9556978077378062,-2.423103809874192,-4.387446781390281,0.7155920181328383,36.75,53.85,CONTROL_20250531_103844,1748662724.7852488,19
-2.4659109647582227,-4.323761800176726,-6.299469356388727,-0.7398715042140793,36.76,53.88,CONTROL_20250531_103844,1748662724.7852488,20
-2.402028557722133,-3.8483317822838217,-5.816289251543822,-0.6196512169724429,36.76,53.86,CONTROL_20250531_103844,1748662724.7852488,21
-3.1349840401012443,-5.510212682372185,-7.4660239297372755,-0.9895869690797099,36.78,53.83,CONTROL_20250531_103844,1748662724.7852488,22
-3.389667568977984,-5.509150601104011,-7.4453260853561005,-0.964169342460309,36.79,53.78,CONTROL_20250531_103844,1748662724.7852488,23
-3.178440133096501,-2.1843267196591114,-4.125158884587108,-0.19888021162705627,36.76,53.79,CONTROL_20250531_103844,1748662724.7852488,24
-5.261902754906259,-5.558290565319112,-6.47896587566629,-0.7237287679772635,36.79,53.74,CONTROL_20250531_103844,1748662724.7852488,25
-4.84751320843975,-4.37077760185548,-6.291713457935657,-1.4485956764926868,36.78,53.74,CONTROL_20250531_103844,1748662724.7852488,26
-4.63628577255804,-1.0459537204096705,-2.971546257166665,-0.6833065456592067,36.75,53.75,CONTROL_20250531_103844,1748662724.7852488,27
-5.954851708470642,-2.520321657034401,-4.434028517629486,-0.7781092062816697,36.76,53.72,CONTROL_20250531_103844,1748662724.7852488,28
-7.84751320843975,-6.37077760185548,-7.291713457935657,-1.4485956764926868,36.78,53.74,CONTROL_20250531_103844,1748662724.7852488,29
-9.122623051357095,-10.171031501193283,-11.095060763551373,-3.334105094567576,36.81,53.75,CONTROL_20250531_103844,1748662724.7852488,30
-8.26190275490626,-7.558290565319112,-8.47896587566629,-2.7237287679772635,36.79,53.74,CONTROL_20250531_103844,1748662724.7852488,31
-10.229961551388215,-7.320575556372205,-9.237375823244292,-2.663618624356559,36.79,53.73,CONTROL_20250531_103844,1748662724.7852488,32
-10.134137940834307,-6.607430529533303,-9.51260566597648,-2.483288193494218,36.79,53.7,CONTROL_20250531_103844,1748662724.7852488,33
-10.78363080140366,-6.895347583962575,-8.808533353090752,-2.3283753892510504,36.78,53.72,CONTROL_20250531_103844,1748662724.7852488,34
-11.229961551388215,-8.320575556372205,-10.237375823244292,-2.663618624356559,36.79,53.73,CONTROL_20250531_103844,1748662724.7852488,35
-12.19802034787017,-8.082860547426208,-10.995785770821385,-2.603508480735627,36.79,53.72,CONTROL_20250531_103844,1748662724.7852488,36
-11.018734115506732,-4.995751674927305,-7.917208622474391,-2.898329493523079,36.76,53.74,CONTROL_20250531_103844,1748662724.7852488,37
-12.114557726060639,-6.708896701766207,-8.641978779742203,-3.07865992438542,36.76,53.77,CONTROL_20250531_103844,1748662724.7852488,38
-11.986792911988687,-6.7580366659803985,-8.675618570052393,-2.8382193499023742,36.76,53.73,CONTROL_20250531_103844,1748662724.7852488,39
-12.63628577255804,-6.0459537204096705,-7.971546257166665,-2.6833065456592067,36.75,53.75,CONTROL_20250531_103844,1748662724.7852488,40
-12.572403365522177,-5.570523702516766,-7.48836615232176,-2.5630862584177976,36.75,53.73,CONTROL_20250531_103844,1748662724.7852488,41
-13.764050586629992,-7.996813756195479,-9.937906466856475,-2.9237471201424796,36.75,53.79,CONTROL_20250531_103844,1748662724.7852488,42
-14.34966104016371,-6.809300792731847,-9.750654049125842,-2.6486140286576756,36.74,53.79,CONTROL_20250531_103844,1748662724.7852488,43
-13.520881947230691,-5.434274865804582,-8.376149213664576,-2.098347845688295,36.72,53.79,CONTROL_20250531_103844,1748662724.7852488,44
-13.520881947230691,-5.434274865804582,-8.376149213664576,-2.098347845688295,36.72,53.79,CONTROL_20250531_103844,1748662724.7852488,45
-13.724044057815718,-3.296963947823315,-6.243234430625307,-1.6081918063398462,36.7,53.8,CONTROL_20250531_103844,1748662724.7852488,46
-13.150794593026376,-3.823658092466758,-5.801450014542752,-1.5388067723365566,36.68,53.88,CONTROL_20250531_103844,1748662724.7852488,47
-14.023029778954424,-2.8727980566809492,-5.835089804852942,-1.298366197853511,36.68,53.84,CONTROL_20250531_103844,1748662724.7852488,48
-12.97150836066271,-0.7365492199687651,-3.722872866194848,-0.8336277851240084,36.65,53.9,CONTROL_20250531_103844,1748662724.7852488,49
-14.023875878221588,-4.77558020952074,-7.788508068614647,-1.804664973439003,36.67,53.97,CONTROL_20250531_103844,1748662724.7852488,50
-14.067331971216618,-2.449694246807667,-5.4476430234626605,-1.0139582159863494,36.65,53.93,CONTROL_20250531_103844,1748662724.7852488,51
-13.84458964585815,-2.6884713370227473,-5.709930920266743,-1.0994859862264548,36.64,53.99,CONTROL_20250531_103844,1748662724.7852488,52
-13.78070723882206,-2.213041319129843,-5.226750815421838,-0.9792656989848183,36.64,53.97,CONTROL_20250531_103844,1748662724.7852488,53
-13.761127024048392,-0.3145074913627468,-4.356123929186651,-1.5746374298762476,36.61,54.04,CONTROL_20250531_103844,1748662724.7852488,54
-13.410619884617745,-0.6024245457920188,-3.6520516163009233,-0.41972462563330737,36.6,54.06,CONTROL_20250531_103844,1748662724.7852488,55
-12.581840791684726,1.7726013811361554,-2.277546780839657,-0.8694584426636993,36.58,54.06,CONTROL_20250531_103844,1748662724.7852488,56
-12.29521605929017,1.0092543088130697,-2.056654572798834,-0.8347659256621682,36.57,54.1,CONTROL_20250531_103844,1748662724.7852488,57
-12.530319373393013,2.908850217849249,-0.16532984218156344,-0.404720029934424,36.55,54.12,CONTROL_20250531_103844,1748662724.7852488,58
-12.817790205054735,0.7694151373316345,-4.339640313983182,-1.945711322521447,36.55,54.21,CONTROL_20250531_103844,1748662724.7852488,59
-11.542680362137617,3.569669036668529,-0.5362930083692845,-1.0602019044465578,36.52,54.2,CONTROL_20250531_103844,1748662724.7852488,60
-12.563106676178222,-0.23164694393653917,-4.360338158364357,-0.9711289491406205,36.54,54.26,CONTROL_20250531_103844,1748662724.7852488,61
-11.52310014736372,5.468202864434716,1.3343338778659017,0.34442636466201293,36.49,54.27,CONTROL_20250531_103844,1748662724.7852488,62
-12.68280616495349,3.2796278197029096,-0.8736163842459064,-0.9561243534419646,36.49,54.32,CONTROL_20250531_103844,1748662724.7852488,63
-12.42812263607675,3.2785657384356455,-0.8943142286270813,-0.9815419800609106,36.48,54.37,CONTROL_20250531_103844,1748662724.7852488,64
-12.013733089610241,4.466078701899278,-0.7070618108964482,-0.706408888576334,36.47,54.37,CONTROL_20250531_103844,1748662724.7852488,65
-10.483939717816156,7.265270519968908,3.0755876503362742,0.1536829028793818,36.43,54.41,CONTROL_20250531_103844,1748662724.7852488,66
-11.771410549477878,5.1258354394512935,0.9012771785346558,-0.38730838970764125,36.43,54.5,CONTROL_20250531_103844,1748662724.7852488,67
-9.145793567130113,9.638172284358916,4.408696797035191,0.6531138326101882,36.39,54.51,CONTROL_20250531_103844,1748662724.7852488,68
-9.656006724150302,6.737514294056382,2.4966742220376545,0.1976503102632705,36.4,54.54,CONTROL_20250531_103844,1748662724.7852488,69
-10.337440788237927,7.211882230681113,1.9591564825004752,0.29245297088550615,36.39,54.57,CONTROL_20250531_103844,1748662724.7852488,70
-9.381742980499894,7.6349860405553045,3.346603263891666,0.5768609527526678,36.36,54.66,CONTROL_20250531_103844,1748662724.7852488,71
-9.317860573464031,8.110416058448209,3.829783368736571,0.6970812399943043,36.36,54.64,CONTROL_20250531_103844,1748662724.7852488,72
-8.437560062239527,11.621690822087658,8.316505142855021,1.7120858356927329,36.31,54.7,CONTROL_20250531_103844,1748662724.7852488,73
-8.055111719290608,12.571488776605293,8.262167508163657,1.9271087835570597,36.3,54.71,CONTROL_20250531_103844,1748662724.7852488,74
-8.150935329844515,11.85834374976639,7.537397350895844,0.7467783526947187,36.3,54.74,CONTROL_20250531_103844,1748662724.7852488,75
-9.470347365024281,9.481193660302779,5.121496826671319,1.1456769164867637,36.3,54.84,CONTROL_20250531_103844,1748662724.7852488,76
-8.163296318588891,12.51916256858658,8.166434184709033,2.09129647818213,36.27,54.82,CONTROL_20250531_103844,1748662724.7852488,77
-8.036377603784103,11.567240451533507,7.179376130638957,1.8254382770801385,36.26,54.91,CONTROL_20250531_103844,1748662724.7852488,78
-6.793208964384576,14.129779341924404,9.741133383830856,2.650837551534323,36.23,54.91,CONTROL_20250531_103844,1748662724.7852488,79
-7.048738592528252,12.228059270352787,7.808412964451236,2.1699564025677773,36.23,54.99,CONTROL_20250531_103844,1748662724.7852488,80
-6.869452360164814,15.31516814285078,10.88699011279732,2.8751353897803256,36.2,55.01,CONTROL_20250531_103844,1748662724.7852488,81
-7.550886424251985,15.78953607947642,11.349472373261051,1.9699380504027886,36.19,55.04,CONTROL_20250531_103844,1748662724.7852488,82
-8.124981988308718,12.413448071280072,8.9542696934177,1.394254240814007,36.2,55.09,CONTROL_20250531_103844,1748662724.7852488,83
-7.04151936649896,14.787411916939163,10.308076684498701,1.9191027971642143,36.17,55.14,CONTROL_20250531_103844,1748662724.7852488,84
-6.340505087637666,15.211577808081529,11.716221310270157,2.2289284056505494,36.15,55.18,CONTROL_20250531_103844,1748662724.7852488,85
-5.671432012294645,16.398028690276988,11.882775883619615,2.4786438705159526,36.13,55.23,CONTROL_20250531_103844,1748662724.7852488,86
-4.492145779931207,19.48513756277589,13.96135303196661,3.1838228577282734,36.1,55.25,CONTROL_20250531_103844,1748662724.7852488,87
-4.408683158121448,21.85910140843498,16.31516002304761,3.708671414078708,36.07,55.3,CONTROL_20250531_103844,1748662724.7852488,88
-2.675727675742337,22.520982308523344,17.964894701241064,4.078607166185748,36.05,55.33,CONTROL_20250531_103844,1748662724.7852488,89
-3.7396100827781993,22.04555229063044,16.48171459639616,3.9583868789443386,36.05,55.35,CONTROL_20250531_103844,1748662724.7852488,90
-2.624206257450851,24.657231145236437,19.07711163989825,4.543345578915023,36.02,55.39,CONTROL_20250531_103844,1748662724.7852488,91
-2.911677089112345,21.517796064718823,16.90280116809754,4.002354286328,36.02,55.48,CONTROL_20250531_103844,1748662724.7852488,92
-2.1148391996973714,23.65510698269918,19.0357159511359,4.492510325676676,36.0,55.49,CONTROL_20250531_103844,1748662724.7852488,93
-1.5415897349078023,24.128412838056647,18.477500367218454,4.561895359679738,35.98,55.57,CONTROL_20250531_103844,1748662724.7852488,94
-0.744751845493056,25.265723756037005,20.610415150256813,5.052051399028414,35.96,55.58,CONTROL_20250531_103844,1748662724.7852488,95
0.30676957279865746,27.40197259274919,21.722632088914906,5.516789811757917,35.93,55.64,CONTROL_20250531_103844,1748662724.7852488,96
0.24288716576279512,26.926542574857194,21.23945198407,5.396569524516281,35.93,55.66,CONTROL_20250531_103844,1748662724.7852488,97
0.8800190375879993,26.875278448106656,22.16441650499746,5.586174845760979,35.91,55.72,CONTROL_20250531_103844,1748662724.7852488,98
0.48520970589515855,27.58629931240921,21.847790973501105,5.715670023384746,35.89,55.79,CONTROL_20250531_103844,1748662724.7852488,99
0.5810333164490658,27.29944433924811,22.572561130768918,5.896000454247087,35.89,55.76,CONTROL_20250531_103844,1748662724.7852488,100
0.0,0.0,0.0,0.0,35.02,59.84,DSB_1_20250531_105033,1748663433.9116251,1
0.8287790929330185,2.375025926928174,2.3745048354630853,0.5502661829693807,35.0,59.84,DSB_1_20250531_105033,1748663433.9116251,2
1.3070510464353902,4.037968908284711,3.044937358037714,0.9456195616958212,34.99,59.82,DSB_1_20250531_105033,1748663433.9116251,3
0.9246027034869257,3.0881709537679853,2.0992749927299883,0.7305966138317217,35.0,59.81,DSB_1_20250531_105033,1748663433.9116251,4
0.9565439070049706,3.3258859627139827,2.3408650451528956,0.7907067574526536,35.0,59.8,DSB_1_20250531_105033,1748663433.9116251,5
0.08430872107669529,4.276745998499791,3.3072252548417964,1.0311473319356992,35.0,59.76,DSB_1_20250531_105033,1748663433.9116251,6
-1.0949775112869702,1.1896371260008891,0.22864810649389256,0.32596834472315095,35.03,59.74,DSB_1_20250531_105033,1748663433.9116251,7
-1.7959917901478093,-1.234528765140567,-2.179496519276654,0.01614273623704321,35.05,59.7,DSB_1_20250531_105033,1748663433.9116251,8
-1.0630363077689253,0.4273521349468865,-0.5297618410841096,0.38607848834408287,35.03,59.73,DSB_1_20250531_105033,1748663433.9116251,9
-1.7640505866297644,-0.9968137561945696,-1.9379064668537467,-0.9237471201422522,35.05,59.69,DSB_1_20250531_105033,1748663433.9116251,10
-1.986792911988914,-1.7580366659803985,-1.6756185700514834,-0.8382193499023742,35.06,59.63,DSB_1_20250531_105033,1748663433.9116251,11
-2.0826165225428213,-2.4711816928193002,-3.4003887273183864,-0.01854978076471525,35.06,59.66,DSB_1_20250531_105033,1748663433.9116251,12
-2.5724033655221774,-0.5705237025158567,-1.4883661523199407,-0.5630862584175702,35.05,59.63,DSB_1_20250531_105033,1748663433.9116251,13
-3.9752780225114748,-5.32163763763856,-6.258073667623648,-0.689036250975505,35.08,59.68,DSB_1_20250531_105033,1748663433.9116251,14
-5.634528406911386,-13.87725379717358,-14.913919866068682,-2.8021661680854777,35.1,59.94,DSB_1_20250531_105033,1748663433.9116251,15
-8.888300669408409,-28.610273945508197,-28.78901389435123,-5.4019069394776125,35.15,60.31,DSB_1_20250531_105033,1748663433.9116251,16
-8.890838967209447,-34.31862040402666,-34.649268685633615,-6.920803266234088,35.12,60.7,DSB_1_20250531_105033,1748663433.9116251,17
-13.369891852866203,-54.52120992066557,-55.12232960839356,-9.953912594143048,35.15,61.4,DSB_1_20250531_105033,1748663433.9116251,18
-14.80639991190742,-63.31560317041476,-64.04046370364176,-12.152570281492899,35.16,61.72,DSB_1_20250531_105033,1748663433.9116251,19
-15.923495935769324,-69.73284633069943,-70.54269727466635,-12.750126532634795,35.17,61.94,DSB_1_20250531_105033,1748663433.9116251,20
-16.690084820200354,-75.43800654541337,-76.3408585328043,-13.192769979533523,35.17,62.18,DSB_1_20250531_105033,1748663433.9116251,21
-19.540136326441143,-83.5171306057864,-84.49282678202235,-15.160261982782686,35.2,62.37,DSB_1_20250531_105033,1748663433.9116251,22
-19.445158815153945,-84.70676773178639,-85.72147488851442,-15.48623032750561,35.19,62.47,DSB_1_20250531_105033,1748663433.9116251,23
-21.070775797502165,-89.21910457669401,-90.22889450701496,-16.526652549823666,35.23,62.46,DSB_1_20250531_105033,1748663433.9116251,24
-21.592503843999793,-87.55616159533747,-89.55846198443942,-16.131299171097453,35.22,62.44,DSB_1_20250531_105033,1748663433.9116251,25
-21.816092268625425,-90.22016665796218,-91.24959235139613,-16.55207017644284,35.22,62.51,DSB_1_20250531_105033,1748663433.9116251,26
-22.103563100287147,-92.3596017384798,-93.42390282319866,-17.093061469029863,35.22,62.6,DSB_1_20250531_105033,1748663433.9116251,27
0.0,0.0,0.0,0.0,37.76,50.03,CONTROL_20250601_105902,1748750342.29635,1
-0.25552962814367675,-1.9017200715716172,-1.9327204193796206,0.5191188510339089,37.76,50.11,CONTROL_20250601_105902,1748750342.29635,2
1.179286232363438,3.087108872498902,3.0785771483469944,1.7051789872125482,37.73,50.05,CONTROL_20250601_105902,1748750342.29635,3
-1.0523675175588778,-4.039030989552884,-4.065635202418889,1.0289628116850054,37.78,50.1,CONTROL_20250601_105902,1748750342.29635,4
-0.25552962814367675,-2.901720071571617,-1.9327204193796206,4.519118851033909,37.76,50.11,CONTROL_20250601_105902,1748750342.29635,5
0.15885991832260515,-1.7142071081070753,-0.7454680016498969,4.7942519425184855,37.75,50.11,CONTROL_20250601_105902,1748750342.29635,6
-1.1801323316306025,-5.989891025338693,-6.031995412108699,3.78852223720196,37.78,50.14,CONTROL_20250601_105902,1748750342.29635,7
0.15885991832260515,-1.7142071081070753,-1.745468001649897,4.7942519425184855,37.75,50.11,CONTROL_20250601_105902,1748750342.29635,8
-0.15970601758999692,-2.188575044731806,-2.207950262111808,4.69944928189625,37.76,50.08,CONTROL_20250601_105902,1748750342.29635,9
-0.7329554823793387,-2.6618809000892725,-2.649734678195273,4.630064247892733,37.78,50.0,CONTROL_20250601_105902,1748750342.29635,10
-1.4339697612401778,-5.086046791229819,-4.057879303966729,1.3202386394068526,37.8,49.96,CONTROL_20250601_105902,1748750342.29635,11
-0.8918154007019439,-3.947673791980378,-2.9042666765462855,0.8358123053744748,37.79,49.92,CONTROL_20250601_105902,1748750342.29635,12
-1.3381461506862706,-5.372901764390917,-4.3331091466989164,-0.4994309297308064,37.8,49.93,CONTROL_20250601_105902,1748750342.29635,13
-1.9237566042199887,-4.1853888009263756,-4.145856728968283,-1.2242978382462297,37.79,49.93,CONTROL_20250601_105902,1748750342.29635,14
-1.9556978077380336,-4.423103809873282,-4.387446781391191,-2.2844079818669343,37.79,49.94,CONTROL_20250601_105902,1748750342.29635,15
-1.9556978077380336,-4.423103809873282,-4.387446781391191,-2.2844079818669343,37.79,49.94,CONTROL_20250601_105902,1748750342.29635,16
-2.019580214773896,-4.898533827766187,-4.870626886236096,-2.4046282691085707,37.79,49.96,CONTROL_20250601_105902,1748750342.29635,17
-2.115403825327803,-6.611678854605088,-5.595397043502999,-0.5849586999709118,37.79,49.99,CONTROL_20250601_105902,1748750342.29635,18
-1.4659109647582227,-7.3237618001758165,-6.299469356388727,0.26012849578614805,37.8,49.97,CONTROL_20250601_105902,1748750342.29635,19
-1.8918154007019439,-4.947673791980378,-4.9042666765462855,0.8358123053744748,37.79,49.92,CONTROL_20250601_105902,1748750342.29635,20
-3.1669252436195166,-8.747927691318182,-8.707613982160183,-0.049697112700414436,37.82,49.93,CONTROL_20250601_105902,1748750342.29635,21
-3.3700873542043155,-7.610616773336915,-6.574699199121824,0.44045892664848907,37.8,49.94,CONTROL_20250601_105902,1748750342.29635,22
-2.2202040275576564,0.9471235487335434,1.1225426880846499,2.6044240969965813,37.8,49.58,CONTROL_20250601_105902,1748750342.29635,23
-2.249606933274663,5.417754998305099,5.741207426945039,3.0632102801321253,37.83,49.2,CONTROL_20250601_105902,1748750342.29635,24
-2.036687298859306,12.548143185427762,12.968211155235622,1.841096962136362,37.82,48.95,CONTROL_20250601_105902,1748750342.29635,25
-1.7926725601923863,18.01346422865936,17.483386672188317,1.1727950121760387,37.8,48.82,CONTROL_20250601_105902,1748750342.29635,26
-3.206216007392186,18.728733418034608,17.24955251821848,0.4039606962767266,37.82,48.69,CONTROL_20250601_105902,1748750342.29635,27
-4.397017129232836,18.205225517195686,17.75343046744456,0.5495986101375365,37.83,48.62,CONTROL_20250601_105902,1748750342.29635,28
-4.759039158140695,20.05674354328403,20.631813252131906,-0.7544972930322729,37.82,48.55,CONTROL_20250601_105902,1748750342.29635,29
-6.141487501088932,19.106945588767303,18.68615088682418,-1.969520240896145,37.83,48.54,CONTROL_20250601_105902,1748750342.29635,30
-6.93832539050436,15.969634670785126,15.553236103784911,-2.459676280244821,37.85,48.53,CONTROL_20250601_105902,1748750342.29635,31
-7.810560576432408,16.920494706570935,16.51959631347472,-3.219235705761548,37.85,48.49,CONTROL_20250601_105902,1748750342.29635,32
-9.682795762360684,16.871354742355834,16.485956523164532,-3.9787951312785026,37.85,48.45,CONTROL_20250601_105902,1748750342.29635,33
-11.053729215831709,12.357955816180038,11.957839060281913,-5.04463498021596,37.88,48.49,CONTROL_20250601_105902,1748750342.29635,34
-10.650854558842639,16.10906975130274,15.72754657558653,-4.918684987657798,37.85,48.44,CONTROL_20250601_105902,1748750342.29635,35
-9.822075465909393,18.484095678230915,18.102051411047796,-4.36841880468819,37.83,48.44,CONTROL_20250601_105902,1748750342.29635,36
-11.650854558842639,15.10906975130274,14.72754657558653,-4.918684987657798,37.85,48.44,CONTROL_20250601_105902,1748750342.29635,37
-12.555030948288731,15.822214778141642,15.452316732854342,-5.738354556795457,37.85,48.41,CONTROL_20250601_105902,1748750342.29635,38
-12.279921105371386,19.622468677480356,18.25566403846824,-4.852845138720568,37.82,48.4,CONTROL_20250601_105902,1748750342.29635,39
-12.75819305887353,16.95952569612382,16.5852315158927,-5.248198517446781,37.83,48.42,CONTROL_20250601_105902,1748750342.29635,40
-12.75819305887353,16.95952569612382,15.585231515892701,-5.248198517446781,37.83,48.42,CONTROL_20250601_105902,1748750342.29635,41
-13.75819305887353,15.95952569612382,14.585231515892701,-5.248198517446781,37.83,48.42,CONTROL_20250601_105902,1748750342.29635,42
-14.279921105371386,17.622468677480356,16.25566403846824,-4.852845138720568,37.82,48.4,CONTROL_20250601_105902,1748750342.29635,43
-14.343803512407248,16.14703865958745,14.772483933623334,-4.973065425962204,37.82,48.42,CONTROL_20250601_105902,1748750342.29635,44
-15.854016669427438,13.246380669284918,12.860461358625798,-5.428528948309122,37.83,48.45,CONTROL_20250601_105902,1748750342.29635,45
-14.196458483561628,17.996432523139447,17.60947102954833,-4.327996582370361,37.79,48.45,CONTROL_20250601_105902,1748750342.29635,46
-14.642789233545727,15.571204550729817,15.1806285593957,-4.663239817475642,37.8,48.46,CONTROL_20250601_105902,1748750342.29635,47
-14.909833751166843,17.23308545081727,15.830363237589154,-5.2933040653688295,37.78,48.49,CONTROL_20250601_105902,1748750342.29635,48
-15.356164501151397,15.80785747840855,13.401520767436523,-5.628547300474338,37.79,48.5,CONTROL_20250601_105902,1748750342.29635,49
-15.909833751166843,16.23308545081727,14.830363237589154,-5.2933040653688295,37.78,48.49,CONTROL_20250601_105902,1748750342.29635,50
-16.738612844099634,13.858059523890915,11.455858402127888,-5.843570248337983,37.8,48.49,CONTROL_20250601_105902,1748750342.29635,51
-14.794429925839268,17.84476430542327,16.425760281091243,-4.708345365397918,37.75,48.53,CONTROL_20250601_105902,1748750342.29635,52
-16.324223297633353,14.045572487354548,11.64311081985852,-5.5684371568536335,37.79,48.49,CONTROL_20250601_105902,1748750342.29635,53
-16.27270187934164,15.181821324066732,13.755327758517524,-6.1036987441239035,37.76,48.55,CONTROL_20250601_105902,1748750342.29635,54
-14.997592036424294,17.982075223405445,17.55867506413142,-4.218189326049242,37.73,48.54,CONTROL_20250601_105902,1748750342.29635,55
-16.157298054014063,16.79350017867364,15.350724802019613,-4.518740044153219,37.73,48.59,CONTROL_20250601_105902,1748750342.29635,56
-16.986077146947082,14.418474251744556,12.976219966556528,-5.0690062271226,37.75,48.59,CONTROL_20250601_105902,1748750342.29635,57
-15.67902610051192,17.456443160029266,16.021157324594242,-4.123386665426779,37.72,48.57,CONTROL_20250601_105902,1748750342.29635,58
-16.392401368117135,17.69309608770709,15.242049532635974,-4.088694148425475,37.71,48.61,CONTROL_20250601_105902,1748750342.29635,59
-16.456283775152997,17.217666069815095,14.758869427791069,-4.208914435666884,37.71,48.63,CONTROL_20250601_105902,1748750342.29635,60
-16.58404858922495,15.266806034029287,13.792509218101259,-4.449355010150157,37.71,48.67,CONTROL_20250601_105902,1748750342.29635,61
-16.691387089256068,18.117261978849456,15.65019415840743,-3.7788685399391397,37.69,48.65,CONTROL_20250601_105902,1748750342.29635,62
-16.532527170933236,16.40305487074147,13.904726156758443,-3.984616597420427,37.68,48.73,CONTROL_20250601_105902,1748750342.29635,63
-17.43670356037933,17.116199897580373,14.629496314026255,-3.804286166558313,37.68,48.7,CONTROL_20250601_105902,1748750342.29635,64
-16.639865670964127,18.25351081556255,16.762411097064614,-3.314130127209637,37.66,48.71,CONTROL_20250601_105902,1748750342.29635,65
-15.843027781549381,20.390821733543817,17.895325880103883,-3.823974087860961,37.64,48.72,CONTROL_20250601_105902,1748750342.29635,66
-15.938851392103288,18.677676706704005,17.17055572283607,-4.004304518723302,37.64,48.75,CONTROL_20250601_105902,1748750342.29635,67
-16.20589590972395,20.33955760679237,17.820290401031343,-3.6343687666162623,37.62,48.78,CONTROL_20250601_105902,1748750342.29635,68
-16.333660723795674,18.38869757100656,16.853930191341533,-3.8748093410995352,37.62,48.82,CONTROL_20250601_105902,1748750342.29635,69
-15.60070524141679,20.050578471094923,17.503664869534987,-3.5048735889924956,37.6,48.85,CONTROL_20250601_105902,1748750342.29635,70
-17.42948433434958,17.675552544167658,15.12916003407463,-4.055139771961876,37.62,48.85,CONTROL_20250601_105902,1748750342.29635,71
-15.803867352001816,21.1878893890771,18.636579652574255,-3.0147175496438194,37.58,48.86,CONTROL_20250601_105902,1748750342.29635,72
-14.720404730192058,23.56185323473619,20.990386643654347,-2.489868993293612,37.55,48.91,CONTROL_20250601_105902,1748750342.29635,73
-15.549183823125077,21.186827307808926,17.61588180819308,-3.0401351762632203,37.57,48.91,CONTROL_20250601_105902,1748750342.29635,74
-15.369897590761639,23.27393618030692,20.694458956540075,-2.3349561890504447,37.54,48.93,CONTROL_20250601_105902,1748750342.29635,75
-15.115214061884899,23.272874099037836,20.6737611121589,-2.3603738156698455,37.53,48.98,CONTROL_20250601_105902,1748750342.29635,76
-14.254493765434063,24.885615034912917,22.289856000042164,-1.749997489079533,37.51,48.97,CONTROL_20250601_105902,1748750342.29635,77
-14.541964597095784,21.746179954395302,20.115545528240546,-2.290988781666556,37.51,49.06,CONTROL_20250601_105902,1748750342.29635,78
-14.713185504162993,24.121205881322567,21.490050363701812,-1.7407225986974026,37.49,49.06,CONTROL_20250601_105902,1748750342.29635,79
-14.618207992875796,22.931568755322587,20.26140225720974,-2.066690943420326,37.48,49.16,CONTROL_20250601_105902,1748750342.29635,80
-14.267700853445149,22.643651700893315,19.965474570094557,-1.9117781391771587,37.47,49.18,CONTROL_20250601_105902,1748750342.29635,81
-15.000656335824488,20.981770800804952,18.315739891900193,-2.2817138912844257,37.49,49.15,CONTROL_20250601_105902,1748750342.29635,82
-13.56668657458431,24.06781759203477,21.373619195866013,-1.601952530691051,37.45,49.22,CONTROL_20250601_105902,1748750342.29635,83
-13.08841462108171,24.730760573391308,22.04405171844246,-1.2065991519646104,37.44,49.2,CONTROL_20250601_105902,1748750342.29635,84
-12.494738842251763,29.005382409354752,26.30988128452009,-0.22628707326748554,37.4,49.22,CONTROL_20250601_105902,1748750342.29635,85
-13.036893202789997,26.86700941010531,23.156268657099645,-0.7418607392353351,37.41,49.26,CONTROL_20250601_105902,1748750342.29635,86
-11.825665766908742,29.19183329155021,26.476435857868637,0.023428391597917653,37.38,49.27,CONTROL_20250601_105902,1748750342.29635,87
-13.718327266877395,26.34137734673004,23.618750917563375,-0.6470580786128721,37.4,49.29,CONTROL_20250601_105902,1748750342.29635,88
-12.698747052103727,27.23991117449623,24.48937780379856,-0.24242980950430137,37.37,49.36,CONTROL_20250601_105902,1748750342.29635,89
-12.009247662719872,32.227678037297665,29.47997752714309,0.9182127000551645,37.33,49.35,CONTROL_20250601_105902,1748750342.29635,90
-13.890394273211541,24.813621120817515,22.039837489263846,-0.6030906712289834,37.37,49.42,CONTROL_20250601_105902,1748750342.29635,91
-12.168953680309642,30.03910299256586,27.272027265031284,0.617661981951187,37.33,49.4,CONTROL_20250601_105902,1748750342.29635,92
-11.053549854982066,32.65078184717095,28.867424308534282,1.2026206819223262,37.3,49.44,CONTROL_20250601_105902,1748750342.29635,93
-10.703042715551419,33.362864792741675,29.57149662142001,1.3575334861652664,37.29,49.46,CONTROL_20250601_105902,1748750342.29635,94
-11.24519707608988,30.224491793492234,26.417883993999567,1.8419598201976441,37.3,49.5,CONTROL_20250601_105902,1748750342.29635,95
-10.257558064834257,30.885310612312423,28.046920827811846,1.186477945685283,37.27,49.58,CONTROL_20250601_105902,1748750342.29635,96
-10.321440471870119,30.40988059441952,27.56374072296603,1.0662576584436465,37.27,49.6,CONTROL_20250601_105902,1748750342.29635,97
-10.034815739475334,30.646533522098252,26.784632931008673,1.100950175445405,37.26,49.64,CONTROL_20250601_105902,1748750342.29635,98
-9.759705896557989,34.446787421436966,30.58798023662257,1.9864595935202942,37.23,49.63,CONTROL_20250601_105902,1748750342.29635,99
-9.568904774717112,32.97029532227498,29.08410228739649,1.8408216796594843,37.22,49.7,CONTROL_20250601_105902,1748750342.29635,100
0.0,0.0,0.0,0.0,36.29,55.21,K_20250607_122730,1749274050.2824535,1
-0.4143895464665093,-1.1875129634645418,-1.1872524177306332,-0.275133091484804,36.3,55.21,K_20250607_122730,1749274050.2824535,2
-1.5297933717943124,-3.7991918180705397,-4.782649461233632,-0.8600917914557158,36.33,55.17,K_20250607_122730,1749274050.2824535,3
-0.6690730753434764,-1.1864508821963682,-2.1665545733494582,-0.24971546486563057,36.31,55.16,K_20250607_122730,1749274050.2824535,4
-1.4020285577223603,-3.848331782284731,-3.8162892515438216,0.3803487830273298,36.33,55.13,K_20250607_122730,1749274050.2824535,5
-1.4659109647582227,-4.3237618001776355,-4.299469356387817,0.2601284957859207,36.33,55.15,K_20250607_122730,1749274050.2824535,6
-0.605190668307614,-1.711020864303464,-1.683374468504553,0.8705048223760059,36.31,55.14,K_20250607_122730,1749274050.2824535,7
-0.19080112184087739,-1.523507900838922,-1.49612205077392,1.14563791386081,36.3,55.14,K_20250607_122730,1749274050.2824535,8
-1.338146150686498,-4.372901764391827,-4.3331091466989164,0.5005690702689662,36.33,55.11,K_20250607_122730,1749274050.2824535,9
-2.433969761240405,-5.086046791230729,-5.057879303965819,0.3202386394066252,36.33,55.14,K_20250607_122730,1749274050.2824535,10
-2.2742637436506357,-3.8974717464989226,-3.8499290418540113,0.6207893575106027,36.33,55.09,K_20250607_122730,1749274050.2824535,11
-2.210381336614546,-3.4220417286060183,-3.366748937009106,0.7410096447520118,36.33,55.07,K_20250607_122730,1749274050.2824535,12
-2.6247708830812826,-4.609554692069651,-4.554001354740649,1.4658765532672078,36.34,55.07,K_20250607_122730,1749274050.2824535,13
-2.5608884760454202,-4.134124674176746,-4.070821249895744,1.5860968405088443,36.34,55.05,K_20250607_122730,1749274050.2824535,14
-3.7721159119264485,-8.458948555621646,-8.390988450663826,0.8208077096755915,36.37,55.04,K_20250607_122730,1749274050.2824535,15
-3.740174708408631,-8.221233546675649,-8.149398398241829,0.8809178532965234,36.37,55.03,K_20250607_122730,1749274050.2824535,16
-4.293843958424304,-6.796005574265109,-6.7205559280891976,0.2161610884018046,36.36,55.02,K_20250607_122730,1749274050.2824535,17
-2.9229105049530517,-2.2826066480884037,-2.1924384652074878,1.2820009373390349,36.33,54.98,K_20250607_122730,1749274050.2824535,18
-4.261902754906259,-7.558290565319112,-7.47896587566629,0.2762712320227365,36.36,55.01,K_20250607_122730,1749274050.2824535,19
-4.644351097854724,-8.508088519835837,-8.424628240974926,0.06124828415886441,36.37,55.0,K_20250607_122730,1749274050.2824535,20
-4.580468690818634,-8.032658501942933,-7.94144813613002,0.1814685714002735,36.37,54.98,K_20250607_122730,1749274050.2824535,21
-5.7597549231822995,-11.119767374442745,-11.020025284477015,0.47628958418772527,36.4,54.96,K_20250607_122730,1749274050.2824535,22
-3.2708793465822055,1.713656864859331,1.9637440131891708,3.6459844598525706,36.37,54.57,K_20250607_122730,1749274050.2824535,23
-1.1602216165958907,22.111193913839088,22.7689422643507,10.132150265580549,36.4,53.52,K_20250607_122730,1749274050.2824535,24
5.429554166160187,46.07445609701608,47.19799130184674,68.51996822562023,36.43,52.32,K_20250607_122730,1749274050.2824535,25
10.451607511622342,70.31820076574331,71.77808311578974,115.57494999508253,36.4,51.45,K_20250607_122730,1749274050.2824535,26
12.188793490336593,80.49399243002972,83.19490911278717,142.47637962511703,36.43,50.83,K_20250607_122730,1749274050.2824535,27
14.562265241608884,91.71573781472489,94.58328136695036,165.06111580081074,36.43,50.4,K_20250607_122730,1749274050.2824535,28
16.381221643598792,101.4599290189899,105.4470778275072,179.47479643602446,36.41,50.09,K_20250607_122730,1749274050.2824535,29
15.361641428825124,99.56139519122371,105.5764509412711,190.0701681669159,36.44,50.02,K_20250607_122730,1749274050.2824535,30
16.585229853450983,101.22540025384842,109.26758130822873,200.49093917226128,36.44,49.95,K_20250607_122730,1749274050.2824535,31
16.202781510502064,100.27560229933079,109.32191894292009,206.27591622439718,36.45,49.94,K_20250607_122730,1749274050.2824535,32
16.6171710569688,102.46311526279533,111.50917136065073,209.5510493158822,36.44,49.94,K_20250607_122730,1749274050.2824535,33
14.831848057031038,96.76220337315408,107.79380148003838,211.21007637546018,36.48,49.98,K_20250607_122730,1749274050.2824535,34
16.202781510502064,101.27560229933079,112.32191894292009,212.27591622439718,36.45,49.94,K_20250607_122730,1749274050.2824535,35
15.725355656266856,101.51544147081404,113.60490468410535,212.38686162125668,36.47,49.83,K_20250607_122730,1749274050.2824535,36
16.108650098482485,104.36802157817056,117.50398531317387,210.10818334470605,36.47,49.71,K_20250607_122730,1749274050.2824535,37
15.67207687232849,112.21049271086486,125.43506135435109,207.04098283095323,36.45,49.48,K_20250607_122730,1749274050.2824535,38
13.482121849754776,114.58976696286572,127.89235756733797,197.69291952039953,36.47,49.28,K_20250607_122730,1749274050.2824535,39
11.387144338468033,115.7794040888657,129.12100567383186,190.0188878651229,36.48,49.18,K_20250607_122730,1749274050.2824535,40
11.80237998420148,118.86969920516913,132.2616763553233,188.8003197321932,36.48,49.05,K_20250607_122730,1749274050.2824535,41
11.50424036232971,121.19664724915037,135.62323924485554,188.61644411626457,36.47,48.96,K_20250607_122730,1749274050.2824535,42
9.82365239750925,122.5737973386149,138.03913976907916,187.21754555247253,36.47,48.86,K_20250607_122730,1749274050.2824535,43
9.345380444006878,120.91085435725836,137.36870724650362,186.82219217374632,36.48,48.88,K_20250607_122730,1749274050.2824535,44
10.97099742635487,125.42319120216689,141.87612686500415,187.86261439606437,36.44,48.89,K_20250607_122730,1749274050.2824535,45
8.930144798273432,117.82055924095494,134.2280365650122,188.04076030667625,36.48,49.01,K_20250607_122730,1749274050.2824535,46
9.184828327149944,117.81949715968676,135.20733872063101,194.01534268005685,36.47,49.06,K_20250607_122730,1749274050.2824535,47
9.88584260601101,120.24366305082822,136.61548334640247,199.32516828854295,36.45,49.1,K_20250607_122730,1749274050.2824535,48
8.737651477898453,115.49148703443643,131.8250779867176,201.17380066936585,36.47,49.2,K_20250607_122730,1749274050.2824535,49
9.247018535651705,115.48936287190008,131.78368229795433,205.12296541612727,36.45,49.3,K_20250607_122730,1749274050.2824535,50
9.151194925097798,114.77621784506118,132.05891214068743,204.94263498526493,36.45,49.33,K_20250607_122730,1749274050.2824535,51
9.406724553241474,116.6779379166328,133.99163256006705,205.42351613423125,36.45,49.25,K_20250607_122730,1749274050.2824535,52
7.694195384903196,117.8173729971495,136.16594303186866,203.96450742681827,36.45,49.16,K_20250607_122730,1749274050.2824535,53
7.555761780621424,122.33289608586347,140.73545618351272,199.08118252899408,36.44,49.02,K_20250607_122730,1749274050.2824535,54
7.193739751713338,125.18441411195272,143.61383896820007,193.77708662582427,36.43,48.95,K_20250607_122730,1749274050.2824535,55
6.545092990410922,126.79927921036233,146.2713295448466,189.4382982056527,36.43,48.84,K_20250607_122730,1749274050.2824535,56
7.501636897415892,130.1251651730754,149.61219458999858,189.22900496310558,36.41,48.8,K_20250607_122730,1749274050.2824535,57
5.736740211518736,127.22556926404104,147.7208698593813,186.79895906737738,36.43,48.78,K_20250607_122730,1749274050.2824535,58
7.043791257954126,131.26353817232484,151.76580721741902,187.7445786290732,36.4,48.76,K_20250607_122730,1749274050.2824535,59
8.191136286799974,134.11293203587775,154.60279431334402,190.38964747266505,36.37,48.79,K_20250607_122730,1749274050.2824535,60
6.660496815738725,128.41095806496833,148.8667265883496,189.02325690562384,36.4,48.88,K_20250607_122730,1749274050.2824535,61
7.138768769240869,129.07390104632395,150.53715911092422,192.41861028435005,36.39,48.86,K_20250607_122730,1749274050.2824535,62
8.095312676246067,132.39978700903794,153.8780241560762,193.2093170418027,36.37,48.82,K_20250607_122730,1749274050.2824535,63
6.903665455138253,130.97349695536013,152.4284838415415,193.8486561800778,36.37,48.88,K_20250607_122730,1749274050.2824535,64
5.75547432702524,126.22132093896744,147.6380784818557,195.6972885609007,36.39,48.98,K_20250607_122730,1749274050.2824535,65
6.870878152353043,128.83299979357434,150.2334755253587,198.2822472608716,36.36,49.02,K_20250607_122730,1749274050.2824535,66
5.870878152353043,128.83299979357434,150.2334755253587,198.2822472608716,36.36,49.02,K_20250607_122730,1749274050.2824535,67
6.369576419896248,134.29725875553595,155.72795319793022,199.5885276842921,36.33,48.94,K_20250607_122730,1749274050.2824535,68
5.3900027339368535,137.09857473614193,158.5519983479253,196.49945472898594,36.31,48.88,K_20250607_122730,1749274050.2824535,69
5.453885140972716,136.57400475403483,159.0351784527702,193.61967501622757,36.31,48.86,K_20250607_122730,1749274050.2824535,70
5.8682746874394525,137.76151771749937,160.22243087050083,193.89480810771238,36.3,48.86,K_20250607_122730,1749274050.2824535,71
4.772451076885545,137.04837269065956,159.49766071323393,191.71447767685004,36.3,48.89,K_20250607_122730,1749274050.2824535,72
5.1868406233520545,138.2358856541232,160.68491313096456,191.98961076833461,36.29,48.89,K_20250607_122730,1749274050.2824535,73
6.079502123320708,141.08634159894336,163.54259807127073,194.6600972385454,36.27,48.87,K_20250607_122730,1749274050.2824535,74
7.577354291596976,143.647818408067,167.08365748008237,195.46007888638064,36.23,48.92,K_20250607_122730,1749274050.2824535,75
5.7281488846233515,137.47147650053284,160.8851074946242,194.99888565871697,36.27,48.98,K_20250607_122730,1749274050.2824535,76
6.971317524022652,141.03401539092374,164.4468647478161,196.82428493317116,36.24,48.98,K_20250607_122730,1749274050.2824535,77
7.9278614310276225,143.35990135363772,167.7877297929681,198.61499169062358,36.22,48.94,K_20250607_122730,1749274050.2824535,78
6.832037820473715,142.64675632679882,166.06295963570028,199.43466125976124,36.22,48.97,K_20250607_122730,1749274050.2824535,79
7.979382849319336,145.49615019035082,168.89994673162528,202.07973010335309,36.19,49.0,K_20250607_122730,1749274050.2824535,80
8.56414720358589,142.4058550740483,165.75927605013385,203.2982982362828,36.19,49.13,K_20250607_122730,1749274050.2824535,81
9.265161482446729,143.83002096518885,167.1674206759053,205.60812384476912,36.17,49.17,K_20250607_122730,1749274050.2824535,82
8.116970354334399,139.07784494879888,163.3770153162195,210.45675622559202,36.19,49.27,K_20250607_122730,1749274050.2824535,83
9.26431538318002,140.92723881234997,166.2140024121445,211.10182506918363,36.16,49.3,K_20250607_122730,1749274050.2824535,84
9.073514261339142,141.40373091151014,166.7178803613706,211.24746298304444,36.17,49.23,K_20250607_122730,1749274050.2824535,85
9.125881778897792,145.44276190106393,170.78351556378948,207.2185001713592,36.15,49.16,K_20250607_122730,1749274050.2824535,86
9.656521249959042,151.14473587197244,175.5195832887839,203.58489073840042,36.12,49.07,K_20250607_122730,1749274050.2824535,87
7.975933285138581,152.52188596143696,177.93548381300752,200.18599217460815,36.12,48.97,K_20250607_122730,1749274050.2824535,88
9.431175459686528,161.31203088611164,186.77082653073012,196.28297935548107,36.07,48.85,K_20250607_122730,1749274050.2824535,89
7.4115952449126326,158.41349705834546,183.90019964449402,187.87835108637228,36.1,48.78,K_20250607_122730,1749274050.2824535,90
7.7621023843432795,159.12558000391527,183.60427195737975,188.03326389061567,36.09,48.8,K_20250607_122730,1749274050.2824535,91
9.10024853502955,160.498481768308,185.93738110407958,188.5326948203467,36.05,48.9,K_20250607_122730,1749274050.2824535,92
8.716954092814149,157.6459016609515,183.03830047501015,192.81137309689734,36.05,49.02,K_20250607_122730,1749274050.2824535,93
9.33365965059852,154.79332155359407,180.13921984594072,199.09005137344798,36.05,49.14,K_20250607_122730,1749274050.2824535,94
9.619438283725913,153.127192328433,178.40669379022165,205.6184451148638,36.03,49.31,K_20250607_122730,1749274050.2824535,95
11.25572405628418,152.17314604884177,177.3782400473874,212.301751660523,36.0,49.5,K_20250607_122730,1749274050.2824535,96
11.93631202110464,149.79599595937816,174.9623395231638,217.70065022431527,36.0,49.6,K_20250607_122730,1749274050.2824535,97
12.477620282376165,150.03158680578872,176.16253388682435,219.70992511469763,35.98,49.69,K_20250607_122730,1749274050.2824535,98
11.775759904247934,146.70463876180656,173.80097099729028,220.8938007306258,35.99,49.78,K_20250607_122730,1749274050.2824535,99
12.795340119021603,148.60317258957366,175.67159788352546,221.29842899973437,35.96,49.85,K_20250607_122730,1749274050.2824535,100
0.0,0.0,0.0,0.0,36.89,48.6,K2_20250607_125131,1749275491.5982704,1
-1.2112274358817103,-3.3248238814448996,-3.3201672007699017,-0.7652891308332528,36.92,48.59,K2_20250607_125131,1749275491.5982704,2
-0.31856593591260207,-0.47436793662382115,-0.4624822604628207,-0.09480266062246301,36.9,48.57,K2_20250607_125131,1749275491.5982704,3
-1.1792862323636655,-3.0871088724979927,-3.0785771483469944,-0.7051789872125482,36.92,48.58,K2_20250607_125131,1749275491.5982704,4
0.6814340640873979,-0.47436793662382115,-1.4624822604628207,0.905197339377537,36.9,48.57,K2_20250607_125131,1749275491.5982704,5
-0.14734502884562062,-2.8493938635519953,-3.836987095924087,0.3549311564081563,36.92,48.57,K2_20250607_125131,1749275491.5982704,6
-0.4978521682760402,-3.5614768091227234,-4.541059408810725,1.2000183521652161,36.93,48.55,K2_20250607_125131,1749275491.5982704,7
-1.5936757788299474,-4.274621835961625,-5.2658295660776275,1.019687921302875,36.93,48.58,K2_20250607_125131,1749275491.5982704,8
-1.019580214773896,-1.8985338277661867,-2.8706268862351862,1.5953717308914293,36.92,48.53,K2_20250607_125131,1749275491.5982704,9
-0.22274232535869487,-0.76122290978401,-0.7377121031959177,1.0855277702401054,36.9,48.54,K2_20250607_125131,1749275491.5982704,10
-0.22274232535869487,-0.76122290978401,-0.7377121031959177,1.0855277702401054,36.9,48.54,K2_20250607_125131,1749275491.5982704,11
-2.390513668245376,-7.411932753943802,-7.3987443491178055,-0.4704681180460284,36.95,48.57,K2_20250607_125131,1749275491.5982704,12
-1.1473450288456206,-3.8493938635519953,-3.836987095924087,-0.6450688435918437,36.92,48.57,K2_20250607_125131,1749275491.5982704,13
-1.0515214182917134,-3.136248836712184,-4.112216938657184,-0.46473841272950267,36.92,48.54,K2_20250607_125131,1749275491.5982704,14
0.25552962814367675,0.9017200715716172,-0.06727958062037942,0.4808811489663185,36.89,48.52,K2_20250607_125131,1749275491.5982704,15
-1.0515214182917134,-3.136248836712184,-4.112216938657184,-0.46473841272950267,36.92,48.54,K2_20250607_125131,1749275491.5982704,16
-1.4978521682760402,-4.561476809122723,-5.541059408810725,-0.7999816478347839,36.93,48.55,K2_20250607_125131,1749275491.5982704,17
-0.19080112184087739,-0.5235079008380126,-1.49612205077392,0.14563791386080993,36.9,48.53,K2_20250607_125131,1749275491.5982704,18
-0.19080112184087739,-0.5235079008380126,-1.49612205077392,0.14563791386080993,36.9,48.53,K2_20250607_125131,1749275491.5982704,19
-1.0515214182917134,-3.136248836712184,-4.112216938657184,-0.46473841272950267,36.92,48.54,K2_20250607_125131,1749275491.5982704,20
-1.5936757788299474,-6.274621835961625,-6.2658295660776275,0.01968792130287511,36.93,48.58,K2_20250607_125131,1749275491.5982704,21
-0.9556978077380336,-3.4231038098732824,-4.387446781390281,0.7155920181328383,36.92,48.51,K2_20250607_125131,1749275491.5982704,22
-2.2946900576914686,-7.698787727103991,-8.673974191849993,-0.29013768718346,36.95,48.54,K2_20250607_125131,1749275491.5982704,23
0.9961000039259034,18.68864034721446,18.163219471420234,6.4075058813425585,36.96,47.38,K2_20250607_125131,1749275491.5982704,24
7.3294348921583605,55.484264688423536,55.55533996220129,25.939601090427686,36.95,45.84,K2_20250607_125131,1749275491.5982704,25
15.099343006545269,83.4374178969374,84.01638441180785,87.53889681326586,36.96,44.53,K2_20250607_125131,1749275491.5982704,26
21.632455608294777,110.48460270880878,112.46191706450827,129.55564088066035,36.93,43.5,K2_20250607_125131,1749275491.5982704,27
23.96416346510614,127.8377983618957,130.09799089134412,157.9436813649777,36.93,42.77,K2_20250607_125131,1749275491.5982704,28
25.911730780434482,139.4356317547863,142.88156582535066,174.10410135025995,36.92,42.29,K2_20250607_125131,1749275491.5982704,29
27.253261328188955,149.41966213053547,153.02834802709185,180.62872738233273,36.92,41.87,K2_20250607_125131,1749275491.5982704,30
26.968328794328272,152.9885735085354,156.7142923465717,182.60663241650218,36.95,41.57,K2_20250607_125131,1749275491.5982704,31
26.575211661169533,157.50515867851664,161.30450334259785,183.74872514529693,36.95,41.38,K2_20250607_125131,1749275491.5982704,32
26.265557149820552,164.39570769415877,168.2485213297041,185.41566643044212,36.92,41.24,K2_20250607_125131,1749275491.5982704,33
27.413748277933337,169.14788371055056,173.03892668938988,187.56703404961922,36.9,41.14,K2_20250607_125131,1749275491.5982704,34
26.680792795553998,167.4860028104613,172.38919201119552,188.1970982975124,36.92,41.11,K2_20250607_125131,1749275491.5982704,35
25.872440016661812,168.91229286414,173.83873232573023,188.5577591592371,36.92,41.05,K2_20250607_125131,1749275491.5982704,36
26.956748737738735,172.1890388626398,178.1459575805702,189.58890649117257,36.9,40.97,K2_20250607_125131,1749275491.5982704,37
25.000204830733765,168.8631528999258,174.80509253541913,188.79819973372014,36.92,41.01,K2_20250607_125131,1749275491.5982704,38
25.064087237769627,169.3385829178187,176.28827264026404,189.91842002096178,36.92,40.99,K2_20250607_125131,1749275491.5982704,39
25.892866330702645,171.71360884474598,178.6627774757253,190.46868620393116,36.9,40.99,K2_20250607_125131,1749275491.5982704,40
25.19185205184158,170.2894429536036,177.25463284995385,190.15886059544482,36.92,40.95,K2_20250607_125131,1749275491.5982704,41
25.988689941256553,172.4267538715858,179.38754763299312,192.6490166347935,36.9,40.96,K2_20250607_125131,1749275491.5982704,42
26.498056999010032,172.42462970904853,179.34615194422986,194.59818138155492,36.88,41.06,K2_20250607_125131,1749275491.5982704,43
25.81746903418957,174.80177979851214,181.76205246845439,195.19928281776288,36.88,40.96,K2_20250607_125131,1749275491.5982704,44
25.881351441225434,174.27720981640505,182.2452325732993,195.3195031050043,36.88,40.94,K2_20250607_125131,1749275491.5982704,45
25.13688106936911,176.17892988797576,184.177952992678,190.8003842539706,36.88,40.86,K2_20250607_125131,1749275491.5982704,46
24.392410697513014,178.08064995954737,185.11067341205762,182.28126540293692,36.88,40.78,K2_20250607_125131,1749275491.5982704,47
24.325924825563334,187.5337378655804,195.61644865235576,173.77360596253607,36.82,40.64,K2_20250607_125131,1749275491.5982704,48
21.14663859319967,184.4466289930815,191.53787150400785,165.06842697532352,36.85,40.62,K2_20250607_125131,1749275491.5982704,49
22.039300093168777,186.29708493790258,194.39555644431493,165.73891344553454,36.83,40.6,K2_20250607_125131,1749275491.5982704,50
22.64449076147571,187.00810580220423,195.07893091281858,165.8684086231583,36.81,40.67,K2_20250607_125131,1749275491.5982704,51
23.261196319260307,184.1555256948468,192.17985028374915,173.14708689970894,36.81,40.79,K2_20250607_125131,1749275491.5982704,52
24.05803420867528,186.29283661282898,194.31276506678932,180.63724293905761,36.79,40.8,K2_20250607_125131,1749275491.5982704,53
25.10955562696722,188.42908544954207,196.4249820054465,185.10198135178712,36.76,40.86,K2_20250607_125131,1749275491.5982704,54
24.726261184751593,185.57650534218556,193.525901376378,188.38065962833775,36.76,40.98,K2_20250607_125131,1749275491.5982704,55
26.235628242504617,185.5743811796492,194.48450568761473,194.32982437509918,36.74,41.08,K2_20250607_125131,1749275491.5982704,56
24.927731096802518,179.63363011852562,188.48615006581804,198.8779060378181,36.76,41.23,K2_20250607_125131,1749275491.5982704,57
25.53292176510945,180.34465098282817,189.16952453432168,205.00740121544186,36.74,41.3,K2_20250607_125131,1749275491.5982704,58
25.914524008791204,179.39166678450601,189.16176863586952,210.71612538772047,36.72,41.44,K2_20250607_125131,1749275491.5982704,59
26.754817991201207,178.2030917397733,187.9538183737577,214.4155746696165,36.72,41.49,K2_20250607_125131,1749275491.5982704,60
27.232243845436415,177.96325256829095,187.67083263257246,217.30462927275698,36.7,41.6,K2_20250607_125131,1749275491.5982704,61
27.008655420810783,177.29924750566624,186.97970226561483,219.8838582674116,36.7,41.67,K2_20250607_125131,1749275491.5982704,62
29.060176839102496,179.43549634237934,189.09191920427293,221.3485966801411,36.67,41.73,K2_20250607_125131,1749275491.5982704,63
29.697308710927928,180.3842322156279,191.0168837252004,224.53820200138603,36.65,41.79,K2_20250607_125131,1749275491.5982704,64
30.43026419330681,182.04611311571625,192.66661840339384,224.90813775349284,36.63,41.82,K2_20250607_125131,1749275491.5982704,65
29.270558175717042,180.85753807098445,192.45866814128203,224.60758703538886,36.63,41.87,K2_20250607_125131,1749275491.5982704,66
29.398322989788994,181.80839810677026,193.42502835097184,222.84802760987213,36.63,41.83,K2_20250607_125131,1749275491.5982704,67
30.578455321419597,186.79828913210804,198.45702376307963,219.05950537267017,36.61,41.72,K2_20250607_125131,1749275491.5982704,68
30.33183711783954,192.26148601280238,203.93080359126998,215.34036816947128,36.57,41.69,K2_20250607_125131,1749275491.5982704,69
31.862476588900336,196.9634599837118,209.6668713162644,211.70675873651248,36.54,41.6,K2_20250607_125131,1749275491.5982704,70
31.990241402972288,197.9143200194967,210.6332315259533,206.94719931099553,36.54,41.56,K2_20250607_125131,1749275491.5982704,71
29.842896374126894,195.0649261559447,207.7962444300283,201.30213046740369,36.57,41.53,K2_20250607_125131,1749275491.5982704,72
30.405477048705734,201.00461513580012,213.77390220744473,200.7286311780656,36.54,41.43,K2_20250607_125131,1749275491.5982704,73
32.28577755993024,205.51588989943957,218.2606239815641,201.74363577376425,36.49,41.49,K2_20250607_125131,1749275491.5982704,74
30.26535124588986,200.7145739188354,214.4365788315681,200.83270872907042,36.51,41.55,K2_20250607_125131,1749275491.5982704,75
32.635438600094176,203.32519069217233,217.01127803068903,201.39224980242216,36.47,41.64,K2_20250607_125131,1749275491.5982704,76
32.475732582504406,202.13661564744052,215.8033277685763,204.09169908431818,36.47,41.69,K2_20250607_125131,1749275491.5982704,77
33.59113640783198,204.74829450204652,218.3987248120793,205.67665778428932,36.44,41.73,K2_20250607_125131,1749275491.5982704,78
32.55919520431394,204.51057949310052,218.1571347596564,205.6165476406684,36.44,41.74,K2_20250607_125131,1749275491.5982704,79
33.83430504723128,208.31083339243742,221.96048206527212,206.50205705874328,36.41,41.73,K2_20250607_125131,1749275491.5982704,80
33.993164965554115,207.59662628432943,221.21501406362313,206.29630900126176,36.4,41.81,K2_20250607_125131,1749275491.5982704,81
33.993164965554115,207.59662628432943,221.21501406362313,206.29630900126176,36.4,41.81,K2_20250607_125131,1749275491.5982704,82
34.853039162738014,208.30658506736472,221.8776906877456,207.40038655226635,36.37,41.93,K2_20250607_125131,1749275491.5982704,83
34.94801667402476,207.11694794136474,220.64904258125262,211.0744182075432,36.36,42.03,K2_20250607_125131,1749275491.5982704,84
38.051059510608184,211.38944561479002,224.87347645856698,218.0038950330022,36.3,42.15,K2_20250607_125131,1749275491.5982704,85
37.54084635358754,209.48878762448658,222.96145388356945,218.54843151065484,36.31,42.18,K2_20250607_125131,1749275491.5982704,86
37.66776506839278,208.5368655074335,221.97439582949846,221.28257330955262,36.3,42.27,K2_20250607_125131,1749275491.5982704,87
39.03785242259687,211.14748228077133,225.5490950286203,221.84211438290436,36.26,42.36,K2_20250607_125131,1749275491.5982704,88
38.65455798038124,208.2949021734148,222.65001439955176,224.120792659455,36.26,42.48,K2_20250607_125131,1749275491.5982704,89
41.120468945139464,211.61866397359063,226.94948375593958,226.86066416366907,36.22,42.54,K2_20250607_125131,1749275491.5982704,90
40.83384421274491,211.3820110459128,226.72859154789785,226.82597164666754,36.23,42.5,K2_20250607_125131,1749275491.5982704,91
42.013130445108345,214.4691199184108,229.80716869624393,227.53115063387986,36.2,42.52,K2_20250607_125131,1749275491.5982704,92
39.024645334585784,210.90551894675173,226.22471359867177,220.68033373280673,36.22,42.57,K2_20250607_125131,1749275491.5982704,93
41.60680622393852,218.74374175437333,234.07299826232338,222.5114627125772,36.16,42.54,K2_20250607_125131,1749275491.5982704,94
41.765666142261125,217.02953464626626,233.3275302606744,222.3057146550957,36.15,42.62,K2_20250607_125131,1749275491.5982704,95
41.976893578142835,220.35435852771116,236.6476974614443,222.07100378592895,36.12,42.63,K2_20250607_125131,1749275491.5982704,96
41.88106996758893,219.64121350087225,235.9229273041774,221.8906733550666,36.12,42.66,K2_20250607_125131,1749275491.5982704,97
42.96453258939846,222.01517734653044,238.27673429525657,222.4155219114166,36.09,42.71,K2_20250607_125131,1749275491.5982704,98
44.39850235063864,225.10122413776207,241.3346135992233,223.0952832720102,36.05,42.78,K2_20250607_125131,1749275491.5982704,99
43.88828919361799,223.20056614745772,239.42259102422395,223.63981974966282,36.06,42.81,K2_20250607_125131,1749275491.5982704,100
0.0,0.0,0.0,0.0,35.85,49.22,K3_20250607_125946,1749275986.8430054,1
-1.1792862323636655,-3.087108872498902,-3.0785771483469944,-0.7051789872125482,35.88,49.2,K3_20250607_125946,1749275986.8430054,2
-0.3185659359123747,-0.47436793662382115,-0.4624822604637302,-0.09480266062246301,35.86,49.19,K3_20250607_125946,1749275986.8430054,3
0.35050713943064693,0.712082945570728,0.704072312885728,0.15491280424294018,35.84,49.24,K3_20250607_125946,1749275986.8430054,4
-1.211227435881483,-3.3248238814448996,-3.3201672007699017,-0.7652891308334802,35.88,49.21,K3_20250607_125946,1749275986.8430054,5
-0.0958236105539072,-0.7131450268398112,-1.724770157266903,-0.18033043086234102,35.85,49.25,K3_20250607_125946,1749275986.8430054,6
-0.38244834294823704,-0.9497979545167254,-1.9456623653086353,-0.2150229478638721,35.86,49.21,K3_20250607_125946,1749275986.8430054,7
-0.5740955640560514,-2.376088008194529,-3.395202679843351,-0.5756838095885541,35.86,49.27,K3_20250607_125946,1749275986.8430054,8
-1.1473450288456206,-2.8493938635519953,-3.8369870959249965,-0.6450688435918437,35.88,49.19,K3_20250607_125946,1749275986.8430054,9
-1.5936757788299474,-5.274621835961625,-5.2658295660776275,-0.9803120786973523,35.89,49.2,K3_20250607_125946,1749275986.8430054,10
-1.1473450288456206,-3.8493938635519953,-3.8369870959249965,-0.6450688435918437,35.88,49.19,K3_20250607_125946,1749275986.8430054,11
-0.2227423253584675,-0.76122290978401,-0.7377121031959177,0.08552777023987801,35.86,49.16,K3_20250607_125946,1749275986.8430054,12
-1.1792862323636655,-4.087108872498902,-5.078577148346994,0.29482101278745176,35.88,49.2,K3_20250607_125946,1749275986.8430054,13
-1.5617345753119025,-5.036906827015628,-6.02423951365563,-0.9202019350764203,35.89,49.19,K3_20250607_125946,1749275986.8430054,14
-2.689499389383627,-5.987766862801436,-6.99059972334544,-1.160642509559466,35.89,49.23,K3_20250607_125946,1749275986.8430054,15
-2.5617345753119025,-5.036906827015628,-6.02423951365563,-0.9202019350764203,35.89,49.19,K3_20250607_125946,1749275986.8430054,16
-1.6256169823477649,-5.512336844908532,-7.507419618500535,-2.040422222318057,35.89,49.21,K3_20250607_125946,1749275986.8430054,17
-1.402028557722133,-3.8483317822838217,-4.816289251542912,-1.6196512169724429,35.89,49.14,K3_20250607_125946,1749275986.8430054,18
-1.0834626218097583,-3.373963845659091,-5.353806991080091,-1.5248485563502072,35.88,49.17,K3_20250607_125946,1749275986.8430054,19
-2.3266312612088313,-6.936502736049988,-8.915564244271991,-2.3502478308041646,35.91,49.17,K3_20250607_125946,1749275986.8430054,20
-1.4978521682760402,-5.561476809122723,-5.541059408810725,-1.7999816478347839,35.89,49.17,K3_20250607_125946,1749275986.8430054,21
-2.9646092323012,-10.78802076213924,-10.793947028960247,-3.0461519276345825,35.92,49.24,K3_20250607_125946,1749275986.8430054,22
-0.4412541543822499,7.991464944626387,7.291667112410323,1.7025494184072159,35.92,48.45,K3_20250607_125946,1749275986.8430054,23
4.126337948686341,41.98471122396131,41.83904460881513,10.298299956179335,35.92,47.02,K3_20250607_125946,1749275986.8430054,24
6.67265763844739,68.27385936985047,67.60895869146498,17.476824673671672,35.93,45.78,K3_20250607_125946,1749275986.8430054,25
8.930660397279553,90.52079028238313,90.2511440385515,21.60805932299172,35.93,44.76,K3_20250607_125946,1749275986.8430054,26
8.178905632281158,104.50002208981186,105.53341087430636,24.47125125095863,35.96,43.98,K3_20250607_125946,1749275986.8430054,27
10.816818436260519,122.98840449834279,123.26100379541822,27.29861252138585,35.92,43.36,K3_20250607_125946,1749275986.8430054,28
10.96754786217457,133.44892697325304,132.9116639463873,27.96887646731966,35.93,42.87,K3_20250607_125946,1749275986.8430054,29
9.459026903688027,134.35383328862918,134.90647789890954,26.5260104961435,35.96,42.64,K3_20250607_125946,1749275986.8430054,30
9.149372392339046,141.2443823042695,140.85049588601578,27.192951781288684,35.93,42.5,K3_20250607_125946,1749275986.8430054,31
8.735828945139247,139.95965149364565,140.61666173204503,27.424117465389372,35.95,42.37,K3_20250607_125946,1749275986.8430054,32
7.928322265514225,143.28872370016325,144.01962031034054,28.291077102699546,35.96,42.18,K3_20250607_125946,1749275986.8430054,33
8.554785347129382,149.70384269791066,149.48045819260187,29.837798100603095,35.93,42.06,K3_20250607_125946,1749275986.8430054,34
8.205124306965672,149.89454190517972,150.72980414347694,28.18918407194542,35.95,41.91,K3_20250607_125946,1749275986.8430054,35
7.364830324555442,150.08311694991153,150.93775440558875,28.48973479004917,35.95,41.86,K3_20250607_125946,1749275986.8430054,36
7.396771528073259,150.32083195885843,150.17934445801075,28.5498449336701,35.95,41.85,K3_20250607_125946,1749275986.8430054,37
6.2059704062328365,150.7973240580195,150.68322240723683,27.695482847530684,35.96,41.78,K3_20250607_125946,1749275986.8430054,38
6.195301616022334,156.26370718251837,155.2190957685707,28.052598524189534,35.95,41.6,K3_20250607_125946,1749275986.8430054,39
4.047956587177168,151.41431331896638,151.38210867264752,26.407529680597918,35.98,41.57,K3_20250607_125946,1749275986.8430054,40
6.343492744135347,159.01588319890925,159.0095011282574,28.20396614336687,35.93,41.5,K3_20250607_125946,1749275986.8430054,41
6.375433947653164,159.25359820785616,159.2510911806803,28.264076286987574,35.93,41.49,K3_20250607_125946,1749275986.8430054,42
5.119904319509487,156.35187813628454,156.31837076130068,27.783195138021483,35.93,41.57,K3_20250607_125946,1749275986.8430054,43
4.087117016724278,154.21138097449875,153.12336244511607,27.21678621881506,35.92,41.71,K3_20250607_125946,1749275986.8430054,44
4.341800545601245,153.2103188932315,153.1026646007358,28.191368592195886,35.91,41.76,K3_20250607_125946,1749275986.8430054,45
3.671881370990832,150.12108585819533,149.98269176362555,27.435354351744763,35.92,41.84,K3_20250607_125946,1749275986.8430054,46
2.7349176787599845,148.69373372324935,147.51245360470966,28.049275863400908,35.91,41.95,K3_20250607_125946,1749275986.8430054,47
1.937233690077619,144.6536406524283,143.4261205579096,27.05282104846674,35.92,42.07,K3_20250607_125946,1749275986.8430054,48
1.8609902942976078,145.83902945335558,144.57197728687788,28.277118886713197,35.89,42.17,K3_20250607_125946,1749275986.8430054,49
1.7012842767078382,144.65045440862377,143.36402702476607,27.97656816860922,35.89,42.22,K3_20250607_125946,1749275986.8430054,50
1.477695852081979,141.98644934599906,141.67289665780936,27.555797163263833,35.89,42.29,K3_20250607_125946,1749275986.8430054,51
1.6046145668867666,140.03452722894508,139.68583860373838,28.289938962161386,35.88,42.38,K3_20250607_125946,1749275986.8430054,52
2.497276066855875,142.88498317376616,142.54352354404455,28.960425432372404,35.86,42.36,K3_20250607_125946,1749275986.8430054,53
2.4333936598200125,141.40955315587325,141.06034343919964,28.840205145130767,35.86,42.38,K3_20250607_125946,1749275986.8430054,54
2.581584787932343,146.16172917226413,145.85074879888452,28.991572764307875,35.84,42.28,K3_20250607_125946,1749275986.8430054,55
2.103312834429971,144.4987861909076,144.1803162763099,28.596219385581662,35.85,42.3,K3_20250607_125946,1749275986.8430054,56
2.2949600555377856,145.9250762445854,144.6298565908437,28.956880247306344,35.85,42.24,K3_20250607_125946,1749275986.8430054,57
3.4742462879012237,148.0121851170852,147.7084337391907,29.662059234518892,35.82,42.26,K3_20250607_125946,1749275986.8430054,58
2.6339523054909932,148.20076016181702,147.9163840013034,29.96260995262287,35.82,42.21,K3_20250607_125946,1749275986.8430054,59
3.2391429737986073,148.91178102612048,148.59975846980888,30.092105130246864,35.8,42.28,K3_20250607_125946,1749275986.8430054,60
3.418429206161818,151.99888989861756,150.67833561815496,30.797284117459185,35.77,42.3,K3_20250607_125946,1749275986.8430054,61
4.087502281505067,153.18534078081393,151.84489019150442,31.046999582324815,35.75,42.35,K3_20250607_125946,1749275986.8430054,62
2.7485100315518594,147.90965686358322,146.5583627810447,30.04126987700829,35.78,42.38,K3_20250607_125946,1749275986.8430054,63
3.6722666357713933,149.0950456645105,147.704219510013,30.26556771525452,35.75,42.48,K3_20250607_125946,1749275986.8430054,64
3.958891368166178,149.33169859218833,147.9251117180538,30.30026023225605,35.74,42.52,K3_20250607_125946,1749275986.8430054,65
3.6599056470272444,149.7558644833307,148.33325634382618,31.610085840742613,35.72,42.56,K3_20250607_125946,1749275986.8430054,66
3.786824361832032,148.80394236627671,147.3461982897552,31.34422763963994,35.71,42.65,K3_20250607_125946,1749275986.8430054,67
4.201213908298314,149.99145532974126,148.53345070748583,31.619360731124743,35.7,42.65,K3_20250607_125946,1749275986.8430054,68
4.233155111816359,150.22917033868725,148.77504075990782,31.679470874745448,35.7,42.64,K3_20250607_125946,1749275986.8430054,69
4.444382547698069,152.55399422013124,152.09520796067773,32.4447600055787,35.67,42.65,K3_20250607_125946,1749275986.8430054,70
5.784220896918669,157.73246029020174,157.33515363489823,33.95678848648072,35.65,42.49,K3_20250607_125946,1749275986.8430054,71
5.709669699672304,162.7234133968077,162.3878468913863,34.19368387589793,35.64,42.33,K3_20250607_125946,1749275986.8430054,72
5.901316920780118,164.1497034504864,163.837387205921,33.554344737622614,35.64,42.27,K3_20250607_125946,1749275986.8430054,73
5.793978420749227,167.0001593953075,165.69507214622809,33.22483120783386,35.62,42.25,K3_20250607_125946,1749275986.8430054,74
5.8259196242672715,167.2378744042535,165.93666219865008,33.28494135145456,35.62,42.24,K3_20250607_125946,1749275986.8430054,75
5.793132321482062,164.0973772424668,162.7416538824673,32.71853243224814,35.61,42.38,K3_20250607_125946,1749275986.8430054,76
7.354866896793965,168.13428406948333,166.76589339612292,33.63873436732456,35.57,42.41,K3_20250607_125946,1749275986.8430054,77
7.832292751029627,166.89444489800098,166.48290765493766,33.52778897046551,35.55,42.52,K3_20250607_125946,1749275986.8430054,78
8.437483419336559,167.60546576230263,166.1662821234413,33.657284148089275,35.53,42.59,K3_20250607_125946,1749275986.8430054,79
7.385115901778136,163.56643477275156,162.10064692102424,32.68624695977451,35.55,42.66,K3_20250607_125946,1749275986.8430054,80
8.467732424320502,163.03761646557086,162.50103564834353,33.70479674053922,35.51,42.84,K3_20250607_125946,1749275986.8430054,81
7.594651139125517,162.08569434851688,160.51397759427164,34.438938539436776,35.5,42.93,K3_20250607_125946,1749275986.8430054,82
7.371062714499658,160.42168928589217,158.82284722731492,34.01816753409139,35.5,43.0,K3_20250607_125946,1749275986.8430054,83
8.359547825022446,163.98529025755215,161.4053023248889,34.86898443516475,35.48,42.95,K3_20250607_125946,1749275986.8430054,84
8.55119504613026,164.41158031123086,162.85484263942362,35.22964529688943,35.48,42.89,K3_20250607_125946,1749275986.8430054,85
8.741996167971138,163.9350882120698,162.35096469019663,35.08400738302862,35.47,42.96,K3_20250607_125946,1749275986.8430054,86
9.080988417924345,168.21077212929958,166.63749210065635,36.08973708834492,35.44,42.93,K3_20250607_125946,1749275986.8430054,87
11.057958638969922,175.33797407261864,173.8024022958034,37.791370890491635,35.4,42.83,K3_20250607_125946,1749275986.8430054,88
11.28154706359578,176.00197913524426,174.49353266276012,37.21214189583702,35.4,42.76,K3_20250607_125946,1749275986.8430054,89
11.823701424133787,178.1403521344928,176.64714529018056,37.72771556180487,35.39,42.72,K3_20250607_125946,1749275986.8430054,90
13.03492886001527,181.4651760159377,179.96731249094955,37.493004692638124,35.36,42.73,K3_20250607_125946,1749275986.8430054,91
12.747458028353776,178.32574093542007,176.79300201914793,36.9520134000511,35.36,42.82,K3_20250607_125946,1749275986.8430054,92
11.236398772066195,174.52230079227775,172.9275611803896,36.99025110211869,35.36,42.98,K3_20250607_125946,1749275986.8430054,93
11.745765829819447,174.5201766297405,172.88616549162634,37.93941584888012,35.34,43.08,K3_20250607_125946,1749275986.8430054,94
11.967662055911433,172.37861738668744,170.67045933106237,37.34758930305452,35.32,43.27,K3_20250607_125946,1749275986.8430054,95
12.732558741808589,173.2782132957227,171.56178406167965,37.77763519878249,35.3,43.29,K3_20250607_125946,1749275986.8430054,96
12.477029113664912,171.376493224152,169.62906364230003,37.2967540498164,35.3,43.37,K3_20250607_125946,1749275986.8430054,97
13.784080160100075,174.4144621324349,172.67400100033683,38.242373611511766,35.27,43.35,K3_20250607_125946,1749275986.8430054,98
14.038763688976815,174.41340005116672,172.65330315595565,38.21695598489259,35.26,43.4,K3_20250607_125946,1749275986.8430054,99
15.37775593893025,178.68908396839834,176.93983056641537,39.222685690209346,35.23,43.37,K3_20250607_125946,1749275986.8430054,100
0.0,0.0,0.0,0.0,35.48,48.51,K4_20250607_130952,1749276592.4270687,1
0.478271953502599,1.6629429813565366,1.6704325225755383,1.3953533787262131,35.47,48.49,K4_20250607_130952,1749276592.4270687,2
0.1916472211078144,1.4262900536787129,1.4495403145347154,1.360660861724682,35.48,48.45,K4_20250607_130952,1749276592.4270687,3
0.03194120351804486,0.2377150089459974,0.24159005242290732,1.0601101436207045,35.48,48.5,K4_20250607_130952,1749276592.4270687,4
0.5740955640562788,2.3760880081954383,2.395202679843351,1.5756838095885541,35.47,48.46,K4_20250607_130952,1749276592.4270687,5
0.03194120351804486,0.2377150089459974,0.24159005242290732,1.0601101436207045,35.48,48.5,K4_20250607_130952,1749276592.4270687,6
0.22358842462585926,1.6640050626247103,1.6911303669567133,0.42077100534561396,35.48,48.44,K4_20250607_130952,1749276592.4270687,7
0.0,0.0,0.0,0.0,35.48,48.51,K4_20250607_130952,1749276592.4270687,8
0.7968378894149737,2.1373109179812673,2.1329147830392685,0.49015603934867613,35.46,48.52,K4_20250607_130952,1749276592.4270687,9
-0.9761241217786392,-5.224419790481079,-5.211491931386263,-1.1953350265612244,35.53,48.48,K4_20250607_130952,1749276592.4270687,10
0.0958236105539072,0.7131450268398112,0.7247701572678125,0.18033043086234102,35.48,48.48,K4_20250607_130952,1749276592.4270687,11
-1.2431686393995278,-3.5625388903918065,-3.5617572531918995,-0.8253992744539573,35.51,48.51,K4_20250607_130952,1749276592.4270687,12
-1.1473450288456206,-2.8493938635519953,-2.836987095924087,-0.6450688435916163,35.51,48.48,K4_20250607_130952,1749276592.4270687,13
-1.1473450288456206,-2.8493938635519953,-2.836987095924087,-0.6450688435916163,35.51,48.48,K4_20250607_130952,1749276592.4270687,14
0.0958236105539072,0.7131450268398112,0.7247701572678125,0.18033043086234102,35.48,48.48,K4_20250607_130952,1749276592.4270687,15
-1.1473450288456206,-2.8493938635519953,-2.836987095924087,-0.6450688435916163,35.51,48.48,K4_20250607_130952,1749276592.4270687,16
-0.8918154007019439,-0.9476737919812876,-0.904266676545376,-0.16418769462552518,35.51,48.4,K4_20250607_130952,1749276592.4270687,17
-1.1154038253275758,-2.611678854605998,-2.595397043502089,-0.5849586999709118,35.51,48.47,K4_20250607_130952,1749276592.4270687,18
0.044302192262193785,-1.423103809874192,-1.387446781390281,-0.2844079818669343,35.51,48.42,K4_20250607_130952,1749276592.4270687,19
-0.9122417147427768,-4.748989772588175,-4.728311826542267,-1.0751147393198153,35.53,48.46,K4_20250607_130952,1749276592.4270687,20
-1.2946900576912412,-5.6987877271049,-5.673974191849993,-0.29013768718346,35.54,48.45,K4_20250607_130952,1749276592.4270687,21
-1.2627488541731964,-5.461072718157993,-5.432384139427086,-0.23002754356275545,35.54,48.44,K4_20250607_130952,1749276592.4270687,22
-1.75253569715278,-4.560414727856369,-3.5203615644295496,-0.7745640212156104,35.53,48.41,K4_20250607_130952,1749276592.4270687,23
-0.41998174107447994,14.695563078071245,16.0691305261671,3.119775238686998,35.54,47.55,K4_20250607_130952,1749276592.4270687,24
2.9985731346146167,42.033851188175504,41.87268439912714,10.05785938169629,35.55,46.35,K4_20250607_130952,1749276592.4270687,25
5.937163858267013,62.903632011244554,63.09896922198914,12.587992594808384,35.55,45.43,K4_20250607_130952,1749276592.4270687,26
7.152621790483408,74.74236665688568,75.1862277415612,12.884775603568869,35.57,44.79,K4_20250607_130952,1749276592.4270687,27
6.909387983971328,86.81669214893736,87.47368062479381,12.19083350271194,35.57,44.24,K4_20250607_130952,1749276592.4270687,28
7.442565752833616,97.22701257836434,98.07000314106972,15.076120396509623,35.57,43.76,K4_20250607_130952,1749276592.4270687,29
8.305824347085718,104.54809997275697,106.54635282023537,16.20539304985641,35.58,43.36,K4_20250607_130952,1749276592.4270687,30
6.870097220198659,114.29335325829106,116.43084712517339,16.64449131168908,35.57,43.0,K4_20250607_130952,1749276592.4270687,31
7.2222965581636345,117.81100050954137,120.0417559655807,16.81200166710323,35.58,42.76,K4_20250607_130952,1749276592.4270687,32
6.7652970179688054,121.8521556616297,123.14878685676103,15.833874108656573,35.58,42.59,K4_20250607_130952,1749276592.4270687,33
7.212473867220297,125.18016578687912,126.53104759067537,16.675416119347574,35.58,42.45,K4_20250607_130952,1749276592.4270687,34
6.277202373523096,126.5583779576109,127.96764595928016,17.301935182174475,35.59,42.3,K4_20250607_130952,1749276592.4270687,35
5.500790798148728,128.2223830202356,129.65877632623688,16.72270618751986,35.59,42.23,K4_20250607_130952,1749276592.4270687,36
5.7882616298104494,129.36181810075323,131.8330867980385,16.263697480106885,35.59,42.14,K4_20250607_130952,1749276592.4270687,37
4.202651176277186,130.54933106421777,133.02033921577004,16.538830571591916,35.58,42.14,K4_20250607_130952,1749276592.4270687,38
2.9594825368776583,126.98679217382596,129.45858196257814,14.713431297137504,35.61,42.14,K4_20250607_130952,1749276592.4270687,39
4.011003955169372,128.12304101053905,130.57079890123532,15.178169709867007,35.58,42.2,K4_20250607_130952,1749276592.4270687,40
2.596614408702635,126.93552804707451,129.38354648350378,14.903036618382203,35.59,42.2,K4_20250607_130952,1749276592.4270687,41
2.56467320518459,126.69781303812852,128.14195643108178,14.842926474761498,35.59,42.21,K4_20250607_130952,1749276592.4270687,42
1.3091435770409134,124.7960929665569,126.20923601170216,14.36204532579518,35.59,42.29,K4_20250607_130952,1749276592.4270687,43
1.946275448866345,124.74482883980727,127.13420053262962,14.551650647039878,35.57,42.35,K4_20250607_130952,1749276592.4270687,44
0.6277095129539703,124.27046090318254,125.6717182721668,14.456847986417642,35.58,42.32,K4_20250607_130952,1749276592.4270687,45
0.755474327025695,125.22132093896835,126.6380784818557,13.697288560900915,35.58,42.28,K4_20250607_130952,1749276592.4270687,46
1.0429451586874166,127.36075601948596,127.81238895365823,13.238279853487938,35.58,42.19,K4_20250607_130952,1749276592.4270687,47
0.5850995192254231,128.4991290187345,129.96600158107867,13.75385351945556,35.57,42.15,K4_20250607_130952,1749276592.4270687,48
0.6055258332664835,131.30044499934138,132.79004673107465,14.66478056414985,35.55,42.09,K4_20250607_130952,1749276592.4270687,49
0.8929966649282051,133.439880079859,134.96435720287627,15.205771856736874,35.55,42.0,K4_20250607_130952,1749276592.4270687,50
0.032276368476914286,130.82713914398482,132.3482623149921,14.595395530146561,35.57,42.01,K4_20250607_130952,1749276592.4270687,51
1.275445007876442,133.38967803437663,135.910019568184,15.420794804600746,35.54,42.01,K4_20250607_130952,1749276592.4270687,52
-0.27822424213900376,134.81490600678535,136.33886203833663,15.756038039706027,35.53,42.0,K4_20250607_130952,1749276592.4270687,53
-0.37404785269291096,134.10176097994645,135.61409188106973,15.575707608843686,35.53,42.03,K4_20250607_130952,1749276592.4270687,54
0.16726040857838598,134.337351826357,135.81428624473028,15.584982499226271,35.51,42.12,K4_20250607_130952,1749276592.4270687,55
-0.7254010913904949,130.48689588153593,132.9566013044232,14.914496029015027,35.53,42.14,K4_20250607_130952,1749276592.4270687,56
0.03949559450666129,132.3864917905712,133.84792603504047,15.344541924742998,35.51,42.16,K4_20250607_130952,1749276592.4270687,57
-0.18409283011919797,130.7224867279465,132.15679566808376,14.923770919397612,35.51,42.23,K4_20250607_130952,1749276592.4270687,58
0.05907580928032985,134.2850256183383,135.71855292127566,15.749170193851569,35.48,42.23,K4_20250607_130952,1749276592.4270687,59
-1.1202104230833356,130.1979167458394,132.63997577292866,15.04399120663902,35.51,42.21,K4_20250607_130952,1749276592.4270687,60
0.2826642339061891,134.949030680963,136.40968328823237,16.169941199197183,35.48,42.16,K4_20250607_130952,1749276592.4270687,61
0.6651125768546535,135.89882863548064,137.355345653541,16.384964147061055,35.47,42.17,K4_20250607_130952,1749276592.4270687,62
0.908281216253954,139.46136752587063,139.9171029067329,17.210363421515012,35.44,42.17,K4_20250607_130952,1749276592.4270687,63
-0.5904170512890232,132.99710856390902,134.4226252341614,15.904082998094736,35.47,42.25,K4_20250607_130952,1749276592.4270687,64
0.5249867740383252,135.6087874185141,137.01802227766348,16.48904169806565,35.44,42.29,K4_20250607_130952,1749276592.4270687,65
0.7796703029150649,135.60772533724594,136.9973244332823,16.463624071446475,35.43,42.34,K4_20250607_130952,1749276592.4270687,66
1.3848609712224516,136.3187462015494,136.68069890178776,16.59311924907047,35.41,42.41,K4_20250607_130952,1749276592.4270687,67
0.895074128242868,137.21940419185194,138.5927214767844,17.048582771417387,35.4,42.38,K4_20250607_130952,1749276592.4270687,68
1.0539340465654732,136.50519708374486,137.8472534751354,16.842834713935872,35.39,42.46,K4_20250607_130952,1749276592.4270687,69
1.7230071219087222,137.69164796594032,139.01380804848577,17.092550178801503,35.37,42.51,K4_20250607_130952,1749276592.4270687,70
0.6910659183909047,137.4539329569934,138.77221799606377,17.03244003518057,35.37,42.52,K4_20250607_130952,1749276592.4270687,71
0.5313599008011352,135.2653579122616,136.56426773395106,16.73188931707682,35.37,42.57,K4_20250607_130952,1749276592.4270687,72
1.9014472550052233,137.87597468559943,139.13896693307197,17.29143039042856,35.33,42.66,K4_20250607_130952,1749276592.4270687,73
2.0922483768458733,136.39948258643835,138.6350889838459,17.14579247656752,35.32,42.73,K4_20250607_130952,1749276592.4270687,74
2.665497841635215,137.8727884417949,139.07687339992754,17.21517751057081,35.3,42.81,K4_20250607_130952,1749276592.4270687,75
2.7285341494041404,135.44543630684802,137.60663524101165,16.82909902222673,35.29,42.92,K4_20250607_130952,1749276592.4270687,76
2.664651742368278,134.97000628895512,136.12345513616674,16.70887873498532,35.29,42.94,K4_20250607_130952,1749276592.4270687,77
2.4934308353010692,137.34503221588238,138.497959971628,17.259144917954472,35.27,42.94,K4_20250607_130952,1749276592.4270687,78
3.5777395563777645,141.62177821438127,142.8051852264689,18.2902922498904,35.25,42.86,K4_20250607_130952,1749276592.4270687,79
4.438459852828828,143.23451915025635,144.42128011435307,18.90066857648071,35.23,42.85,K4_20250607_130952,1749276592.4270687,80
4.841334509817898,147.98563308537814,149.19098762965677,19.02661856903842,35.2,42.8,K4_20250607_130952,1749276592.4270687,81
4.873275713335943,148.22334809432414,149.43257768207877,19.086728712659124,35.2,42.79,K4_20250607_130952,1749276592.4270687,82
5.191841649248772,147.69771603094978,149.8950599425434,19.181531373281814,35.19,42.82,K4_20250607_130952,1749276592.4270687,83
6.658598713273932,152.9242599839663,154.14794756269202,20.427701653081385,35.16,42.75,K4_20250607_130952,1749276592.4270687,84
6.084503149217426,150.54817197576995,151.75274488284867,19.852017843492604,35.17,42.8,K4_20250607_130952,1749276592.4270687,85
6.753576224560675,150.7346228579654,152.91929945619813,20.101733308358234,35.15,42.85,K4_20250607_130952,1749276592.4270687,86
6.72163502104263,150.4969078490194,152.67770940377613,20.041623164737302,35.15,42.86,K4_20250607_130952,1749276592.4270687,87
7.582355317493466,153.10964878489267,155.2938042916594,20.651999491327388,35.13,42.85,K4_20250607_130952,1749276592.4270687,88
6.8689800498882505,153.3463017125714,155.51469649970113,20.68669200832892,35.12,42.89,K4_20250607_130952,1749276592.4270687,89
7.506111921713227,154.29503758581995,156.43966102062768,20.876297329573617,35.1,42.95,K4_20250607_130952,1749276592.4270687,90
7.823831758358892,151.8666233696058,154.94872501733153,20.46480121461059,35.08,43.11,K4_20250607_130952,1749276592.4270687,91
8.492904833701914,153.05307425180126,155.11527959068007,20.71451667947599,35.06,43.16,K4_20250607_130952,1749276592.4270687,92
8.715647159060836,152.81429716158618,153.8529916938769,20.628988909236114,35.05,43.22,K4_20250607_130952,1749276592.4270687,93
8.555941141471067,151.62572211685438,152.64504143176418,20.328438191132136,35.05,43.27,K4_20250607_130952,1749276592.4270687,94
8.767168577352322,154.95054599829837,155.96520863253318,21.09372732196539,35.02,43.28,K4_20250607_130952,1749276592.4270687,95
10.947300908982925,159.94043702363797,160.99720404464188,22.30520508476343,35.0,43.17,K4_20250607_130952,1749276592.4270687,96
10.075065723054877,159.89129705942287,160.9635642543317,22.545645659246475,35.0,43.13,K4_20250607_130952,1749276592.4270687,97
11.127433240613755,162.93032804897575,165.02919945674967,23.51668284756147,34.98,43.06,K4_20250607_130952,1749276592.4270687,98
11.668741501885052,163.1659188953845,165.2293938204093,23.525957737943827,34.96,43.15,K4_20250607_130952,1749276592.4270687,99
12.401696984264163,164.82779979547377,165.87912849860368,23.895893490050867,34.94,43.18,K4_20250607_130952,1749276592.4270687,100
0.0,0.0,0.0,0.0,35.09,48.42,K5_20250607_131854,1749277134.1850798,1
-1.275109842917118,-3.8002538993368944,-3.8033473056138973,-0.8855094180746619,35.12,48.43,K5_20250607_131854,1749277134.1850798,2
-1.179286232363438,-3.0871088724979927,-3.0785771483469944,-0.7051789872123209,35.12,48.4,K5_20250607_131854,1749277134.1850798,3
-0.4143895464665093,-1.1875129634636323,-0.18725241773063317,-0.27513309148457665,35.1,48.42,K5_20250607_131854,1749277134.1850798,4
-1.1473450288453932,-2.8493938635519953,-2.836987095924087,-0.6450688435916163,35.12,48.39,K5_20250607_131854,1749277134.1850798,5
-1.275109842917118,-3.8002538993368944,-3.8033473056138973,-0.8855094180746619,35.12,48.43,K5_20250607_131854,1749277134.1850798,6
-1.0195802147736686,-1.8985338277661867,-1.8706268862342768,-0.40462826910857075,35.12,48.35,K5_20250607_131854,1749277134.1850798,7
-1.179286232363438,-3.0871088724979927,-3.0785771483469944,-0.7051789872123209,35.12,48.4,K5_20250607_131854,1749277134.1850798,8
-2.390513668244921,-6.411932753942892,-6.3987443491159866,-1.470468118045801,35.15,48.39,K5_20250607_131854,1749277134.1850798,9
-2.3266312612090587,-5.936502736049988,-4.915564244271081,-1.3502478308041646,35.15,48.37,K5_20250607_131854,1749277134.1850798,10
-1.4339697612404052,-2.086046791229819,-2.05787930396491,0.3202386394066252,35.13,48.35,K5_20250607_131854,1749277134.1850798,11
-2.390513668244921,-5.411932753942892,-5.3987443491159866,-0.470468118045801,35.15,48.39,K5_20250607_131854,1749277134.1850798,12
-1.4659109647582227,-2.3237618001758165,-2.2994693563878172,0.2601284957859207,35.13,48.36,K5_20250607_131854,1749277134.1850798,13
-2.7090796041572958,-5.8863006905667135,-5.861226609579717,-0.5652707786680367,35.16,48.36,K5_20250607_131854,1749277134.1850798,14
-3.0915279471059876,-6.836098645085258,-6.806888974889262,-1.7802937265321361,35.17,48.35,K5_20250607_131854,1749277134.1850798,15
-3.0915279471059876,-6.836098645085258,-6.806888974889262,-1.7802937265321361,35.17,48.35,K5_20250607_131854,1749277134.1850798,16
-3.05958674358817,-6.5983836361392605,-6.565298922466354,-1.7201835829112042,35.17,48.34,K5_20250607_131854,1749277134.1850798,17
-3.1554103541420773,-7.311528662978162,-7.290069079733257,-1.9005140137735452,35.17,48.37,K5_20250607_131854,1749277134.1850798,18
-2.677138400639251,-5.648585681620716,-5.619636557156809,-1.505160635047332,35.16,48.35,K5_20250607_131854,1749277134.1850798,19
-2.6451971971214334,-5.410870672674719,-5.378046504734812,-0.4450504914264002,35.16,48.34,K5_20250607_131854,1749277134.1850798,20
-3.9841894470748684,-9.686554589905427,-9.664573915193614,-1.450780196742926,35.19,48.37,K5_20250607_131854,1749277134.1850798,21
-2.931821929516218,-5.647523600353452,-5.598938712776544,-0.47974300842815865,35.17,48.3,K5_20250607_131854,1749277134.1850798,22
-3.8564246330029164,-8.735694554119618,-8.698213705504713,-2.210339622259653,35.19,48.33,K5_20250607_131854,1749277134.1850798,23
-4.460769202043139,-7.543933265582382,-7.428169910247561,-1.8335360242983825,35.22,48.13,K5_20250607_131854,1749277134.1850798,24
0.20095431304503109,23.356893734911864,23.937141215902557,5.929947393164866,35.2,46.93,K5_20250607_131854,1749277134.1850798,25
2.554780682431101,46.31696967428343,46.304096720255075,9.241512473347257,35.2,45.88,K5_20250607_131854,1749277134.1850798,26
5.110076963868096,63.33417038999505,65.63130091404855,12.05032396300976,35.2,45.08,K5_20250607_131854,1749277134.1850798,27
5.006968960172344,75.69853709901417,76.25607717315961,13.252304311148464,35.23,44.41,K5_20250607_131854,1749277134.1850798,28
3.807191246655293,85.44697662835188,86.20266501123933,13.76765545283888,35.25,43.9,K5_20250607_131854,1749277134.1850798,29
6.391890433809294,98.99354589449285,99.91120446617424,15.11768075936584,35.22,43.48,K5_20250607_131854,1749277134.1850798,30
5.075016696430566,101.3247422635468,102.35555873323119,15.03547564991436,35.25,43.19,K5_20250607_131854,1749277134.1850798,31
4.5106786562048455,107.2163533604562,109.32027456471951,15.72783456167872,35.23,43.0,K5_20250607_131854,1749277134.1850798,32
5.085620319528289,110.49522352149143,112.66889550832275,16.809817146852993,35.23,42.82,K5_20250607_131854,1749277134.1850798,33
3.4484884477028572,109.54648764824196,111.74393098739529,15.620211825608067,35.25,42.76,K5_20250607_131854,1749277134.1850798,34
3.640981768077836,112.87555985475956,114.14688956568989,15.48717146291824,35.26,42.57,K5_20250607_131854,1749277134.1850798,35
3.4067245532419292,115.67793791663371,117.99163256006705,16.423516134231477,35.25,42.46,K5_20250607_131854,1749277134.1850798,36
2.534489367313654,116.62879795241861,118.95799276975686,15.66395670871475,35.25,42.42,K5_20250607_131854,1749277134.1850798,37
2.2478646349190967,116.39214502474078,117.73710056171603,14.629264191713219,35.26,42.38,K5_20250607_131854,1749277134.1850798,38
1.0890047165962642,117.10635213284786,118.48256856336502,14.835012249194506,35.27,42.3,K5_20250607_131854,1749277134.1850798,39
2.0455486236010074,120.43223809556184,121.82343360851519,15.62571900664716,35.25,42.26,K5_20250607_131854,1749277134.1850798,40
0.5681227693655728,119.67207726704328,121.10641934970135,14.736664403506438,35.27,42.15,K5_20250607_131854,1749277134.1850798,41
0.014453519350126953,121.09730523945473,122.53526181985399,15.071907638611947,35.26,42.14,K5_20250607_131854,1749277134.1850798,42
0.39690186229859137,122.04710319397236,122.48092418516262,14.286930586475819,35.25,42.15,K5_20250607_131854,1749277134.1850798,43
0.06597493764184037,123.23355407616782,123.64747875851208,14.53664605134145,35.23,42.2,K5_20250607_131854,1749277134.1850798,44
-1.0298486729120668,121.52040904932892,122.92270860124518,14.356315620479108,35.23,42.23,K5_20250607_131854,1749277134.1850798,45
-0.8701426553222973,122.70898409406072,124.13065886335698,14.656866338583086,35.23,42.18,K5_20250607_131854,1749277134.1850798,46
0.21331996648723361,124.0829479397189,125.48446585443617,15.181714894932838,35.2,42.23,K5_20250607_131854,1749277134.1850798,47
-2.890568969362903,117.90766811345384,119.3066137133601,13.745939293888796,35.25,42.24,K5_20250607_131854,1749277134.1850798,48
-1.807106347553372,120.28163195911384,121.6604207044411,14.270787850239003,35.22,42.29,K5_20250607_131854,1749277134.1850798,49
-1.9029299581070518,119.56848693227494,120.93565054717419,14.090457419376662,35.22,42.32,K5_20250607_131854,1749277134.1850798,50
-3.0502749869529,115.71909306872203,118.09866345124829,13.445388575784818,35.25,42.29,K5_20250607_131854,1749277134.1850798,51
-1.9783272546205808,121.6566578860402,123.03492553990145,13.821054033208156,35.2,42.29,K5_20250607_131854,1749277134.1850798,52
-2.997907469394022,119.75812405827492,121.16429865366717,13.416425764099813,35.23,42.22,K5_20250607_131854,1749277134.1850798,53
-2.499209201851045,125.22238302023652,126.65877632623778,14.722706187519861,35.2,42.14,K5_20250607_131854,1749277134.1850798,54
-1.0963345448617474,129.97349695536013,130.4284838415415,15.848656180078024,35.17,42.09,K5_20250607_131854,1749277134.1850798,55
-1.8931724342764937,126.83618603737978,128.29556905850404,15.358500140729575,35.19,42.08,K5_20250607_131854,1749277134.1850798,56
-0.6819449983950108,130.16100991882467,131.61573625927304,15.123789271562828,35.16,42.09,K5_20250607_131854,1749277134.1850798,57
-1.7458274054308731,129.68557990093177,131.13255615442813,15.003568984321419,35.16,42.11,K5_20250607_131854,1749277134.1850798,58
-1.8097098124667355,128.21014988303887,130.64937604958322,14.883348697079782,35.16,42.13,K5_20250607_131854,1749277134.1850798,59
-1.9694158300567324,127.02157483830706,128.44142578747142,14.582797978975805,35.16,42.18,K5_20250607_131854,1749277134.1850798,60
-0.9498356152832912,128.92010866607325,130.3120526737066,14.987426248084375,35.13,42.25,K5_20250607_131854,1749277134.1850798,61
-0.6951520864063241,128.91904658480507,130.29135482932543,14.962008621465202,35.12,42.3,K5_20250607_131854,1749277134.1850798,62
-2.046505325103908,125.30418148639455,126.6338642526789,14.300797041636542,35.12,42.41,K5_20250607_131854,1749277134.1850798,63
-0.9630427032943771,127.67814533205365,128.9876712437581,15.825645597986522,35.09,42.46,K5_20250607_131854,1749277134.1850798,64
-1.6968442849406529,124.11348227912549,125.38451830180384,14.949411070294218,35.1,42.56,K5_20250607_131854,1749277134.1850798,65
-1.123594820151311,124.58678813448296,125.82630271788639,15.01879610429728,35.08,42.64,K5_20250607_131854,1749277134.1850798,66
-0.16789701241350485,126.00989194435624,127.21374949927667,15.303204086164442,35.05,42.73,K5_20250607_131854,1749277134.1850798,67
-0.2317794194493672,125.53446192646334,125.73056939443177,15.182983798922805,35.05,42.75,K5_20250607_131854,1749277134.1850798,68
-0.5946475476243904,125.48319779971189,126.65553391535741,15.372589120167504,35.03,42.81,K5_20250607_131854,1749277134.1850798,69
-1.6470150651828135,121.44416681015991,122.58989871294034,13.40155193185251,35.05,42.88,K5_20250607_131854,1749277134.1850798,70
-0.6274348504093723,123.3427006379261,124.46052559917462,14.80618020096108,35.02,42.95,K5_20250607_131854,1749277134.1850798,71
-0.8190820715169593,121.9164105842483,123.0109852846399,14.445519339236398,35.02,43.01,K5_20250607_131854,1749277134.1850798,72
-0.34165621728152473,121.67657141276595,122.72799954345555,14.334573942377347,35.0,43.12,K5_20250607_131854,1749277134.1850798,73
0.19965204398999958,120.91216225917651,122.9281939071152,14.343848832759704,34.98,43.21,K5_20250607_131854,1749277134.1850798,74
-0.31056111303064426,119.01150426887216,120.01617133211766,13.88838531041256,34.99,43.24,K5_20250607_131854,1749277134.1850798,75
0.8687251193330212,122.09861314137015,123.09474848046466,14.593564297625107,34.96,43.26,K5_20250607_131854,1749277134.1850798,76
1.2200783580306052,124.71347823978067,125.75223905711118,15.254775877453767,34.96,43.15,K5_20250607_131854,1749277134.1850798,77
1.2724458755892556,128.75250922933446,129.81787425953007,15.225813065768762,34.94,43.08,K5_20250607_131854,1749277134.1850798,78
1.5279755037329323,129.65422930090517,131.7505946789097,16.706694214734853,34.94,43.0,K5_20250607_131854,1749277134.1850798,79
1.2289897825939988,131.07839519204663,131.15873930468024,17.01651982322096,34.92,43.04,K5_20250607_131854,1749277134.1850798,80
1.8669677536863674,133.92991321813588,134.0371220893685,16.71242392005138,34.91,42.97,K5_20250607_131854,1749277134.1850798,81
2.9823715790137157,135.54159207274097,136.63251913286967,17.297382620022063,34.88,43.01,K5_20250607_131854,1749277134.1850798,82
4.257481421931061,139.34184597207877,140.4358664384854,18.182892038096952,34.85,43.0,K5_20250607_131854,1749277134.1850798,83
4.321363828967151,139.81727598997168,140.9190465433303,18.30311232533859,34.85,42.98,K5_20250607_131854,1749277134.1850798,84
4.703812171915615,140.7670739444884,141.8647089086371,18.51813527320246,34.84,42.99,K5_20250607_131854,1749277134.1850798,85
4.576047357843663,139.8162139087035,140.8983486989473,18.277694698719415,34.84,43.03,K5_20250607_131854,1749277134.1850798,86
5.468708857812771,141.66666985352458,143.75603363925438,19.948181168930432,34.82,43.01,K5_20250607_131854,1749277134.1850798,87
4.500650061330589,141.90438486247058,142.9976236916773,20.008291312551137,34.82,43.0,K5_20250607_131854,1749277134.1850798,88
6.381796671822485,148.31844177894982,149.43776372955654,20.529594683835512,34.78,42.93,K5_20250607_131854,1749277134.1850798,89
6.923951032360492,149.45681477819926,151.59137635697698,21.045168349803134,34.77,42.89,K5_20250607_131854,1749277134.1850798,90
7.720788921775693,151.59412569618053,153.72429114001625,21.53532438915181,34.75,42.9,K5_20250607_131854,1749277134.1850798,91
7.8166125323296,152.30727072302034,153.44906129728406,21.71565482001438,34.75,42.87,K5_20250607_131854,1749277134.1850798,92
8.932016357657176,154.91894957762543,156.04445834078615,22.30061351998529,34.72,42.91,K5_20250607_131854,1749277134.1850798,93
8.708427933031544,153.25494451500072,154.35332797382853,21.879842514639904,34.72,42.98,K5_20250607_131854,1749277134.1850798,94
10.046574083717815,154.62784627939254,156.68643712052744,22.37927344437071,34.68,43.08,K5_20250607_131854,1749277134.1850798,95
9.85492686261,153.20155622571383,155.23689680599273,23.01861258264603,34.68,43.14,K5_20250607_131854,1749277134.1850798,96
8.69522084502023,152.01298118098202,154.02894654388092,21.71806186454205,34.68,43.19,K5_20250607_131854,1749277134.1850798,97
8.311926402804602,149.1604010736246,150.1298659148115,20.996740141092687,34.68,43.31,K5_20250607_131854,1749277134.1850798,98
9.90560218163455,153.43502290958713,154.39569548089003,21.97705221978981,34.64,43.33,K5_20250607_131854,1749277134.1850798,99
10.096403303475427,152.95853081042515,153.89181753166395,22.831414305929002,34.63,43.4,K5_20250607_131854,1749277134.1850798,100
0.0,0.0,0.0,0.0,34.78,47.81,K6_20250607_133051,1749277851.9357548,1
-1.2431686393995278,-3.562538890390897,-3.5617572531918995,-0.8253992744539573,34.81,47.81,K6_20250607_133051,1749277851.9357548,2
-1.2431686393995278,-3.562538890390897,-3.5617572531918995,-0.8253992744539573,34.81,47.81,K6_20250607_133051,1749277851.9357548,3
-0.7010142788610665,-1.424165891141456,-1.4081446257705466,-0.30982560848610774,34.8,47.77,K6_20250607_133051,1749277851.9357548,4
-0.8287790929330185,-2.3750259269272647,-2.374504835460357,-0.5502661829691533,34.8,47.81,K6_20250607_133051,1749277851.9357548,5
-1.1473450288456206,-2.8493938635519953,-2.8369870959249965,-0.6450688435916163,34.81,47.78,K6_20250607_133051,1749277851.9357548,6
-1.211227435881483,-3.3248238814448996,-2.320167200768992,-0.7652891308332528,34.81,47.8,K6_20250607_133051,1749277851.9357548,7
-1.6256169823479922,-4.512336844907622,-4.507419618499625,-1.0404222223178294,34.82,47.8,K6_20250607_133051,1749277851.9357548,8
-1.1154038253278031,-2.611678854605998,-2.595397043502089,-0.5849586999709118,34.81,47.77,K6_20250607_133051,1749277851.9357548,9
-1.211227435881483,-3.3248238814448996,-3.320167200768992,-0.7652891308332528,34.81,47.8,K6_20250607_133051,1749277851.9357548,10
-0.6256169823479922,-4.512336844907622,-4.507419618499625,-1.0404222223178294,34.82,47.8,K6_20250607_133051,1749277851.9357548,11
-1.900726825265565,-8.312590744246336,-8.310766924114432,-2.9259316403927187,34.85,47.81,K6_20250607_133051,1749277851.9357548,12
-0.49785216827626755,-3.5614768091227234,-3.541059408809815,-1.7999816478347839,34.82,47.76,K6_20250607_133051,1749277851.9357548,13
-1.4543960752810108,-6.887362771836706,-6.881924453961801,-2.5906884052874375,34.84,47.8,K6_20250607_133051,1749277851.9357548,14
-1.2946900576912412,-5.698787727103991,-5.673974191849993,-1.29013768718346,34.84,47.75,K6_20250607_133051,1749277851.9357548,15
-1.7410208076757954,-7.12401569951453,-7.102816662001715,-2.6253809222889686,34.85,47.76,K6_20250607_133051,1749277851.9357548,16
-1.8368444182297026,-7.8371607263534315,-7.827586819269527,-1.8057113531513096,34.85,47.79,K6_20250607_133051,1749277851.9357548,17
-1.8368444182297026,-7.8371607263534315,-7.827586819269527,-1.8057113531513096,34.85,47.79,K6_20250607_133051,1749277851.9357548,18
-1.2946900576912412,-5.698787727103991,-5.673974191849993,-1.29013768718346,34.84,47.75,K6_20250607_133051,1749277851.9357548,19
-1.7410208076757954,-7.12401569951453,-6.102816662001715,-1.6253809222889686,34.85,47.76,K6_20250607_133051,1749277851.9357548,20
-1.6451971971218882,-6.410870672674719,-6.378046504734812,-1.4450504914266276,34.85,47.73,K6_20250607_133051,1749277851.9357548,21
-2.601741104126404,-9.736756635387792,-8.718911549885888,-2.235757248879054,34.87,47.77,K6_20250607_133051,1749277851.9357548,22
-2.5378586970905417,-9.261326617495797,-8.235731445040983,-2.1155369616374173,34.87,47.75,K6_20250607_133051,1749277851.9357548,23
-2.185659359126248,-4.743679366246397,-3.6248226046345735,-0.9480266062232658,34.88,47.51,K6_20250607_133051,1749277851.9357548,24
0.6587999525065698,20.218520735663333,20.783528588483023,5.4143737271974715,34.9,46.36,K6_20250607_133051,1749277851.9357548,25
4.22469985704106,48.40620270931868,50.42406955736533,9.99752671379838,34.88,45.19,K6_20250607_133051,1749277851.9357548,26
6.462276301832617,67.85181764124627,69.24220975445678,12.217834318424138,34.9,44.23,K6_20250607_133051,1749277851.9357548,27
7.558880844540681,86.10460920336664,88.76960831190809,16.035920698469,34.88,43.52,K6_20250607_133051,1749277851.9357548,28
5.733486148676093,91.34071188779762,94.20877653149091,14.510849617841586,34.94,43.0,K6_20250607_133051,1749277851.9357548,29
7.254302928794232,104.4118511360457,105.4341358815791,16.740654637127136,34.91,42.6,K6_20250607_133051,1749277851.9357548,30
6.107803999215321,102.46523942533167,104.55056704941398,15.601884569120557,34.95,42.44,K6_20250607_133051,1749277851.9357548,31
5.937429191415504,106.74304750509873,107.87849014863696,15.658449527675657,34.94,42.31,K6_20250607_133051,1749277851.9357548,32
5.129076412523318,108.16933755877744,109.32803046317167,15.019110389400339,34.94,42.25,K6_20250607_133051,1749277851.9357548,33
3.683591761805701,107.64689173920578,109.85260625677802,14.190165929880322,34.96,42.13,K6_20250607_133051,1749277851.9357548,34
2.683591761805701,107.64689173920578,109.85260625677802,14.190165929880322,34.96,42.13,K6_20250607_133051,1749277851.9357548,35
2.831782889918486,112.39906775559848,113.64301161646472,15.341533549057658,34.94,42.03,K6_20250607_133051,1749277851.9357548,36
2.704864175113471,113.35098987265155,114.6300696705348,14.607391750159877,34.95,41.94,K6_20250607_133051,1749277851.9357548,37
1.3543570356830514,111.63890692708082,113.92599735764907,14.45247894591671,34.96,41.92,K6_20250607_133051,1749277851.9357548,38
1.896511396221058,113.77727992632936,116.07960998506951,13.968052611884332,34.95,41.88,K6_20250607_133051,1749277851.9357548,39
1.1520410243649621,114.67899999790097,118.01233040444822,14.44893376085065,34.95,41.8,K6_20250607_133051,1749277851.9357548,40
0.05706351307821933,115.86863712390095,117.24097851094211,14.774902105574029,34.96,41.7,K6_20250607_133051,1749277851.9357548,41
0.21676953066798887,117.05721216863276,118.44892877305392,14.075452823677779,34.96,41.65,K6_20250607_133051,1749277851.9357548,42
-0.24107610879377717,119.1955851678822,120.60254140047437,14.591026489645628,34.95,41.61,K6_20250607_133051,1749277851.9357548,43
-0.5277008411883344,117.95893224020438,120.38164919243354,14.556333972644097,34.96,41.57,K6_20250607_133051,1749277851.9357548,44
0.2691370482268667,120.09624315818655,121.51456397547372,15.046490011992773,34.94,41.58,K6_20250607_133051,1749277851.9357548,45
-1.5915832482241967,117.48350222231147,118.89846908758864,13.43611368540246,34.96,41.59,K6_20250607_133051,1749277851.9357548,46
-1.7832304693320111,116.05721216863276,117.44892877305392,13.075452823677779,34.96,41.65,K6_20250607_133051,1749277851.9357548,47
-2.656311754527451,114.10529005157878,116.46187071898294,12.809594622575332,34.95,41.74,K6_20250607_133051,1749277851.9357548,48
-3.0707013009937327,112.91777708811605,115.2746183012523,12.534461531090756,34.96,41.74,K6_20250607_133051,1749277851.9357548,49
-3.3058046150965765,114.81737299715132,116.16594303186957,12.964507426818727,34.94,41.76,K6_20250607_133051,1749277851.9357548,50
-2.4770255221637854,116.19239892407859,118.54044786732993,13.514773609788108,34.92,41.76,K6_20250607_133051,1749277851.9357548,51
-3.4016282256504837,113.10422797031151,115.44117287460267,12.784176995956386,34.94,41.79,K6_20250607_133051,1749277851.9357548,52
-2.158459586250956,116.66676686070332,119.00293012779457,12.609576270410571,34.91,41.79,K6_20250607_133051,1749277851.9357548,53
-3.2862244003226806,115.71590682491842,117.03656991810476,12.369135695927298,34.91,41.83,K6_20250607_133051,1749277851.9357548,54
-3.0945771792150936,117.14219687859622,118.48611023263948,12.72979655765198,34.91,41.77,K6_20250607_133051,1749277851.9357548,55
-2.551576719409695,120.18335203068546,121.5931411238198,13.751668999205322,34.91,41.6,K6_20250607_133051,1749277851.9357548,56
-3.3918707018199257,121.37192707541726,122.80109138593252,14.052219717309299,34.91,41.55,K6_20250607_133051,1749277851.9357548,57
-2.2445256729745324,124.22132093896835,125.6380784818557,14.697288560900915,34.88,41.58,K6_20250607_133051,1749277851.9357548,58
-2.436172894082347,122.79503088528963,124.1885381673219,14.336627699176233,34.88,41.64,K6_20250607_133051,1749277851.9357548,59
-2.5958789116721164,120.60645584055783,122.98058790520918,14.036076981072256,34.88,41.69,K6_20250607_133051,1749277851.9357548,60
-2.5647838074210085,118.94138869666494,121.2687596938722,13.589888349107696,34.87,41.81,K6_20250607_133051,1749277851.9357548,61
-2.8203134355646853,117.03966862509424,118.33603927449258,13.109007200141377,34.87,41.89,K6_20250607_133051,1749277851.9357548,62
-4.330526592585329,115.13901063478988,116.42401669949413,12.653543677794232,34.88,41.92,K6_20250607_133051,1749277851.9357548,63
-2.672968406719292,118.88906248864623,121.17302637041666,13.754076043732994,34.84,41.92,K6_20250607_133051,1749277851.9357548,64
-3.577144796165385,119.60220751548513,121.89779652768357,13.934406474595335,34.84,41.89,K6_20250607_133051,1749277851.9357548,65
-3.035836534894088,119.8377983618957,122.09799089134412,13.94368136497792,34.82,41.98,K6_20250607_133051,1749277851.9357548,66
-3.1955425524838574,117.64922331716389,119.89004062923232,13.643130646873942,34.82,42.03,K6_20250607_133051,1749277851.9357548,67
-2.6542342912125605,117.88481416357354,120.09023499289287,13.6524055372563,34.8,42.12,K6_20250607_133051,1749277851.9357548,68
-1.443006855331305,121.20963804501753,123.41040219366096,14.417694668089325,34.77,42.13,K6_20250607_133051,1749277851.9357548,69
-2.0171024193873563,118.83355003682209,121.01519951381852,13.842010858500998,34.78,42.18,K6_20250607_133051,1749277851.9357548,70
-1.6461689659161038,123.3469489629997,125.54331697670113,14.907850707438229,34.75,42.14,K6_20250607_133051,1749277851.9357548,71
-2.5707716694030296,119.25877800923263,122.44404198397206,14.17725409360628,34.77,42.17,K6_20250607_133051,1749277851.9357548,72
-1.7100513729519662,121.8715189451068,124.06013687185623,13.787630420196592,34.75,42.16,K6_20250607_133051,1749277851.9357548,73
-0.6265887511424353,124.24548279076589,126.41394386293632,14.3124789765468,34.72,42.21,K6_20250607_133051,1749277851.9357548,74
-0.21219920467569864,125.43299575422952,127.60119628066695,14.587612068031376,34.71,42.21,K6_20250607_133051,1749277851.9357548,75
1.2537117600822967,128.75675755440625,130.90066563705477,15.327483572245455,34.67,42.27,K6_20250607_133051,1749277851.9357548,76
-0.27608161171178836,123.95756573633662,127.11801617582205,14.467391780789967,34.71,42.23,K6_20250607_133051,1749277851.9357548,77
1.2856529636001142,127.99447256335316,130.14225568947677,16.38759371586616,34.67,42.26,K6_20250607_133051,1749277851.9357548,78
2.242196870605312,131.32035852606532,133.48312073462785,17.178300473318814,34.65,42.22,K6_20250607_133051,1749277851.9357548,79
-0.8297508617274616,125.38279370874625,127.54685864597377,15.802635015895248,34.7,42.22,K6_20250607_133051,1749277851.9357548,80
1.11443205653336,130.36949849028042,132.51676052493804,16.937859898835768,34.65,42.26,K6_20250607_133051,1749277851.9357548,81
1.9751523529841961,132.98223942615368,135.1328554128222,17.548236225425853,34.63,42.25,K6_20250607_133051,1749277851.9357548,82
1.867813852953077,134.83269537097476,136.9905403531293,18.21872269563687,34.61,42.23,K6_20250607_133051,1749277851.9357548,83
2.346085806455676,136.4956383523313,138.66097287570392,18.614076074362856,34.6,42.21,K6_20250607_133051,1749277851.9357548,84
1.9316962599889393,135.30812538886767,137.4737204579742,18.338942982878507,34.61,42.21,K6_20250607_133051,1749277851.9357548,85
2.0586149747939544,134.35620327181368,136.4866624039023,18.073084781775833,34.6,42.3,K6_20250607_133051,1749277851.9357548,86
2.855452864208928,136.49351418979495,137.61957718694157,18.563240821124737,34.58,42.31,K6_20250607_133051,1749277851.9357548,87
3.6842319571417192,138.8685401167213,139.99408202240284,18.11350700409389,34.56,42.31,K6_20250607_133051,1749277851.9357548,88
5.150989021167106,143.09508406973782,145.24696964255145,19.35967728389369,34.53,42.24,K6_20250607_133051,1749277851.9357548,89
6.011709317617942,144.7078250056129,147.86306453043562,19.970053610483774,34.51,42.23,K6_20250607_133051,1749277851.9357548,90
3.928246695808184,142.3338611599529,145.50925753935553,19.445205054133567,34.54,42.18,K6_20250607_133051,1749277851.9357548,91
4.852003300028173,143.5192499608811,146.6551142683238,19.669502892380024,34.51,42.28,K6_20250607_133051,1749277851.9357548,92
5.138628032422957,143.75590288855892,145.87600647636464,20.704195409381327,34.5,42.32,K6_20250607_133051,1749277851.9357548,93
6.444832979591183,145.89108964400293,147.96752557064065,21.14351619549143,34.46,42.43,K6_20250607_133051,1749277851.9357548,94
5.67909019442709,142.08871158212878,144.1227825762635,20.20717152417842,34.47,42.54,K6_20250607_133051,1749277851.9357548,95
6.666729205682714,143.74953040094988,145.75181941007668,20.55168964966606,34.44,42.62,K6_20250607_133051,1749277851.9357548,96
7.430779792312933,143.74634415714536,145.68972587693315,20.47543676980854,34.41,42.77,K6_20250607_133051,1749277851.9357548,97
7.143308960651211,141.60690907662774,143.51541540513063,19.934445477221516,34.41,42.86,K6_20250607_133051,1749277851.9357548,98
7.238286471938181,139.41727195062685,141.28676729863764,19.608477132498365,34.4,42.96,K6_20250607_133051,1749277851.9357548,99
7.524911204332511,139.65392487830468,141.50765950667846,19.643169649499896,34.39,43.0,K6_20250607_133051,1749277851.9357548,100
0.0,0.0,0.0,0.0,33.12,50.03,K1_20250607_142355,1749281035.1398861,1
0.5102131570201891,1.9006579903034435,1.9120225749975361,0.45546352234691767,33.11,50.0,K1_20250607_142355,1749281035.1398861,2
0.29898572113870614,-1.4241658911423656,-1.4081446257723655,-0.3098256084863351,33.14,49.99,K1_20250607_142355,1749281035.1398861,3
-0.17928623236366548,-3.0871088724979927,-3.0785771483469944,-0.7051789872125482,33.15,50.01,K1_20250607_142355,1749281035.1398861,4
-0.11540382532780313,-2.6116788546050884,-2.5953970435029987,-0.5849586999709118,33.15,49.99,K1_20250607_142355,1749281035.1398861,5
-0.11540382532780313,-2.6116788546050884,-3.5953970435029987,-0.5849586999709118,33.15,49.99,K1_20250607_142355,1749281035.1398861,6
0.04430219226196641,-1.4231038098732824,-1.387446781390281,0.7155920181330657,33.15,49.94,K1_20250607_142355,1749281035.1398861,7
-1.4020285577223603,-2.848331782282912,-3.8162892515438216,0.38034878302755715,33.16,49.95,K1_20250607_142355,1749281035.1398861,8
-1.5297933717943124,-4.799191818068721,-4.782649461233632,0.1399082085442842,33.16,49.99,K1_20250607_142355,1749281035.1398861,9
-2.2627488541734238,-6.461072718157993,-6.432384139427995,-0.23002754356252808,33.18,49.96,K1_20250607_142355,1749281035.1398861,10
-1.4339697612404052,-5.086046791229819,-4.057879303965819,0.3202386394066252,33.16,49.96,K1_20250607_142355,1749281035.1398861,11
-3.517432383049936,-7.46001063688891,-7.411686295045911,-0.20460991694335462,33.19,49.91,K1_20250607_142355,1749281035.1398861,12
-2.370087354204543,-4.610616773336915,-4.574699199120914,1.4404589266482617,33.16,49.94,K1_20250607_142355,1749281035.1398861,13
-4.410093883019044,-10.310466581709989,-10.269371235352992,0.12490361284540086,33.21,49.93,K1_20250607_142355,1749281035.1398861,14
-4.314270272465137,-9.597321554871087,-9.54460107808518,0.3052340437077419,33.21,49.9,K1_20250607_142355,1749281035.1398861,15
-2.2103813366147733,-3.422041728605109,-4.366748937009106,0.7410096447522392,33.16,49.89,K1_20250607_142355,1749281035.1398861,16
-5.696718615413374,-10.547119509387812,-11.490263443393815,-0.9097889041559029,33.22,49.89,K1_20250607_142355,1749281035.1398861,17
-5.250387865429275,-10.121891536978183,-10.061420973240274,-0.5745456690506217,33.21,49.88,K1_20250607_142355,1749281035.1398861,18
-5.282329068947092,-10.35960654592418,-10.303011025663181,-0.6346558126713262,33.21,49.89,K1_20250607_142355,1749281035.1398861,19
-5.282329068947092,-10.35960654592418,-10.303011025663181,-0.6346558126713262,33.21,49.89,K1_20250607_142355,1749281035.1398861,20
-6.111108161880111,-12.734632472851445,-12.677515861124448,-1.1849219956407069,33.23,49.89,K1_20250607_142355,1749281035.1398861,21
-5.887519737254252,-11.070627410226734,-10.986385494167735,-0.7641509902950929,33.23,49.82,K1_20250607_142355,1749281035.1398861,22
-3.523870676925071,6.520283251807086,5.891278385091027,4.683999637642728,33.23,49.08,K1_20250607_142355,1749281035.1398861,23
1.597455843271291,21.451437176287982,21.160603274917776,26.813049766711856,33.27,48.21,K1_20250607_142355,1749281035.1398861,24
2.876796182524231,33.76560183982292,34.73104189933656,84.2300530627142,33.29,47.55,K1_20250607_142355,1749281035.1398861,25
4.633562376011923,45.839927331874605,48.01849478256918,118.53611096185728,33.29,47.0,K1_20250607_142355,1749281035.1398861,26
5.847328109694672,54.87309767183797,57.19891677462056,137.82029641944723,33.29,46.62,K1_20250607_142355,1749281035.1398861,27
5.5189394828389595,61.76789501255189,64.2257261392524,145.5889082110691,33.3,46.28,K1_20250607_142355,1749281035.1398861,28
6.432873396115383,70.32244909081692,72.86087449331444,147.67662050155946,33.27,46.07,K1_20250607_142355,1749281035.1398861,29
4.668822809485619,70.32563533462235,72.92296802645888,149.75287338141743,33.3,45.92,K1_20250607_142355,1749281035.1398861,30
4.434565594649484,74.12801339649559,77.76771102083603,150.68921805273044,33.29,45.81,K1_20250607_142355,1749281035.1398861,31
3.95629364114734,71.46507041513996,76.0972784982605,156.29386467400445,33.3,45.83,K1_20250607_142355,1749281035.1398861,32
4.30680078057776,72.17715336071069,76.80135081114622,164.4487774782474,33.29,45.85,K1_20250607_142355,1749281035.1398861,33
2.553418984158043,66.71395648001635,72.32757098295679,170.1679146814463,33.33,45.88,K1_20250607_142355,1749281035.1398861,34
3.3937129665682733,66.52538143528454,71.11962072084407,174.8673639633423,33.33,45.93,K1_20250607_142355,1749281035.1398861,35
3.297889356014366,65.81223640844473,71.39485056357717,178.68703353247997,33.33,45.96,K1_20250607_142355,1749281035.1398861,36
1.691852588439815,63.19843339130239,68.75805783131091,179.0512395792705,33.34,46.02,K1_20250607_142355,1749281035.1398861,37
1.7876761989937222,63.91157841814129,70.48282798857872,179.23157001013283,33.34,45.99,K1_20250607_142355,1749281035.1398861,38
1.1390294376913062,66.52644351655181,73.14031856522524,179.8927815899615,33.34,45.88,K1_20250607_142355,1749281035.1398861,39
0.6500886939786596,69.32988365969413,77.00575940398357,177.8545438878939,33.34,45.72,K1_20250607_142355,1749281035.1398861,40
1.989927043199259,75.50834972976463,83.24570507820408,170.36657236879614,33.32,45.56,K1_20250607_142355,1749281035.1398861,41
-1.3801603110050564,72.89773295642772,80.67100587908317,164.8070312954444,33.36,45.47,K1_20250607_142355,1749281035.1398861,42
-1.9968658687894276,74.75031306378423,83.57008650815169,161.52835301889377,33.36,45.35,K1_20250607_142355,1749281035.1398861,43
-1.104204368820774,77.60076900860349,85.42777144845786,159.19883948910456,33.34,45.33,K1_20250607_142355,1749281035.1398861,44
-1.8806159441951422,79.2647740712282,87.11890181541457,156.61961049444994,33.34,45.26,K1_20250607_142355,1749281035.1398861,45
-2.880615944195142,79.2647740712282,87.11890181541457,156.61961049444994,33.34,45.26,K1_20250607_142355,1749281035.1398861,46
-3.9329834617535653,75.22574308167714,83.0532666129975,155.64857330613518,33.36,45.33,K1_20250607_142355,1749281035.1398861,47
-4.316277903969194,72.37316297431971,80.15418598392807,156.9272515826858,33.36,45.45,K1_20250607_142355,1749281035.1398861,48
-4.667631142666778,69.7582978759092,77.49669540728155,163.26604000285738,33.36,45.56,K1_20250607_142355,1749281035.1398861,49
-4.859278363774592,68.33200782223139,77.04715509274683,169.9053791411327,33.36,45.62,K1_20250607_142355,1749281035.1398861,50
-2.903580556036559,68.75511163210467,79.43460187413712,173.18978712299963,33.33,45.71,K1_20250607_142355,1749281035.1398861,51
-3.127168980662418,67.09110656947996,77.7434715071804,174.76901611765402,33.33,45.78,K1_20250607_142355,1749281035.1398861,52
-4.605440934165017,65.42816358812343,76.07303898460395,174.3736627389278,33.34,45.8,K1_20250607_142355,1749281035.1398861,53
-6.274514009508039,64.24171270592797,74.9064844112554,174.1239472740624,33.36,45.75,K1_20250607_142355,1749281035.1398861,54
-4.999404166590466,68.04196660526577,78.70983171687021,174.0094566921373,33.33,45.74,K1_20250607_142355,1749281035.1398861,55
-4.967462963072649,68.27968161421268,78.95142176929312,173.069566835758,33.33,45.73,K1_20250607_142355,1749281035.1398861,56
-4.743874538446789,69.94368667683739,80.64255213624983,172.4903378411036,33.33,45.66,K1_20250607_142355,1749281035.1398861,57
-6.667631142666778,67.7582978759092,79.49669540728155,169.26604000285738,33.36,45.56,K1_20250607_142355,1749281035.1398861,58
-5.690660921621202,74.88549981922915,86.6616056024277,164.96767380500387,33.32,45.46,K1_20250607_142355,1749281035.1398861,59
-6.56289610754925,75.83635985501405,86.62796581211751,160.20811437948691,33.32,45.42,K1_20250607_142355,1749281035.1398861,60
-6.849520839943807,75.59970692733623,86.40707360407669,154.17342186248538,33.33,45.38,K1_20250607_142355,1749281035.1398861,61
-7.44664618295451,80.35082086245984,91.1767811193813,150.29937185504355,33.3,45.33,K1_20250607_142355,1749281035.1398861,62
-8.499013700513387,75.31178987290696,87.11114591696241,149.32833466672855,33.32,45.4,K1_20250607_142355,1749281035.1398861,63
-7.606352200544279,78.16224581772804,89.96883085726859,149.99882113693957,33.3,45.38,K1_20250607_142355,1749281035.1398861,64
-7.575257096293626,76.49717867383424,88.2570026459307,150.55263250497478,33.29,45.5,K1_20250607_142355,1749281035.1398861,65
-7.161713649094281,75.78190948445808,87.49083679990053,158.32146682087387,33.27,45.63,K1_20250607_142355,1749281035.1398861,66
-7.958551538509255,73.64459856647773,85.35792201686218,162.83131078152542,33.29,45.62,K1_20250607_142355,1749281035.1398861,67
-7.034794934289266,73.82998736740501,86.50377874583046,165.05560861977187,33.26,45.72,K1_20250607_142355,1749281035.1398861,68
-8.353360870202096,73.35561943078028,86.04129648536582,164.96080595914918,33.27,45.69,K1_20250607_142355,1749281035.1398861,69
-7.970912527253404,74.30541738529791,86.98695885067445,165.17582890701328,33.26,45.7,K1_20250607_142355,1749281035.1398861,70
-7.269052149125173,77.63236542927916,90.3485217402067,163.9919532910851,33.25,45.61,K1_20250607_142355,1749281035.1398861,71
-8.523735678001913,77.63342751054734,90.36921958458879,160.01737091770428,33.26,45.56,K1_20250607_142355,1749281035.1398861,72
-8.821875299873682,80.96037555452858,93.73078247412104,156.83349530177588,33.25,45.47,K1_20250607_142355,1749281035.1398861,73
-7.323177032330477,86.4246345164911,98.22526014669256,154.1397757251964,33.22,45.39,K1_20250607_142355,1749281035.1398861,74
-7.0046110964181025,85.89900245311583,98.68774240715538,151.23457838581862,33.21,45.42,K1_20250607_142355,1749281035.1398861,75
-8.163471014740708,86.6132095612229,98.43321040880437,150.44032644330014,33.22,45.34,K1_20250607_142355,1749281035.1398861,76
-7.94072868938224,85.37443247100873,98.17092251200029,149.35479867306026,33.21,45.4,K1_20250607_142355,1749281035.1398861,77
-8.303596817556809,86.32316834425819,99.09588703292775,149.54440399430496,33.19,45.46,K1_20250607_142355,1749281035.1398861,78
-8.144736899233976,85.60896123615021,98.35041903127876,149.33865593682344,33.18,45.54,K1_20250607_142355,1749281035.1398861,79
-7.667311044998769,85.36912206466786,98.0674332900935,153.22771053996416,33.16,45.65,K1_20250607_142355,1749281035.1398861,80
-7.879384580147189,79.14151603038317,92.7938478255628,157.95612263354542,33.18,45.77,K1_20250607_142355,1749281035.1398861,81
-5.680518133009855,84.12715873064917,97.7430518601459,166.06592988986654,33.12,45.86,K1_20250607_142355,1749281035.1398861,82
-6.956474075194365,78.42412267847067,91.9862862907703,168.67412169620616,33.14,46.0,K1_20250607_142355,1749281035.1398861,83
-6.371709720927811,75.33382756216815,88.84561560927887,171.89268982913586,33.14,46.13,K1_20250607_142355,1749281035.1398861,84
-6.563356942035625,73.90753750848944,88.39607529474506,175.53202896741118,33.14,46.19,K1_20250607_142355,1749281035.1398861,85
-6.723062959625395,72.71896246375763,87.18812503263234,175.23147824930743,33.14,46.24,K1_20250607_142355,1749281035.1398861,86
-5.958166273728239,74.6185583727929,89.07944976324961,175.66152414503517,33.12,46.26,K1_20250607_142355,1749281035.1398861,87
-5.28824709911828,77.70779140782724,92.19942260035896,176.41753838548607,33.11,46.18,K1_20250607_142355,1749281035.1398861,88
-3.2473944710368414,85.3104233690392,99.84751290035092,174.2393924748742,33.07,46.06,K1_20250607_142355,1749281035.1398861,89
-4.6928791217544585,84.78797754946754,99.37208869395818,165.41044801535418,33.09,45.94,K1_20250607_142355,1749281035.1398861,90
-3.7674303190003684,89.77893065607441,104.42478195044805,160.6473434047714,33.08,45.78,K1_20250607_142355,1749281035.1398861,91
-3.460379272564751,93.81689956435912,107.46971930848485,156.5929629664672,33.05,45.76,K1_20250607_142355,1749281035.1398861,92
-5.289158365497769,91.44187363743094,105.09521447302359,156.04269678349783,33.07,45.76,K1_20250607_142355,1749281035.1398861,93
-4.173754540170194,94.05355249203694,107.69061151652568,156.62765548346874,33.04,45.8,K1_20250607_142355,1749281035.1398861,94
-3.6963286859349864,93.81371332055369,107.40762577533951,157.51671008660946,33.02,45.91,K1_20250607_142355,1749281035.1398861,95
-3.729115988719741,90.6732161587679,105.21261745915763,161.95030116740327,33.01,46.05,K1_20250607_142355,1749281035.1398861,96
-4.080469227417325,88.05835106035829,102.5551268825111,168.2890895875746,33.01,46.16,K1_20250607_142355,1749281035.1398861,97
-3.017432919648627,86.6309989254114,101.08488872359521,169.90301109923053,33.0,46.27,K1_20250607_142355,1749281035.1398861,98
-2.5080658618951475,86.62887476287506,101.04349303483286,173.8521758459924,32.98,46.37,K1_20250607_142355,1749281035.1398861,99
-2.827477897074914,84.25172467341145,99.62759251060834,176.25107440978445,32.98,46.47,K1_20250607_142355,1749281035.1398861,100
0.0,0.0,0.0,0.0,33.67,48.45,K2_20250607_143211,1749281531.767006,1
0.03194120351804486,0.2377150089469069,1.2415900524229073,1.0601101436207045,33.67,48.44,K2_20250607_143211,1749281531.767006,2
0.5740955640565062,2.376088008196348,2.3952026798442603,1.5756838095885541,33.66,48.4,K2_20250607_143211,1749281531.767006,3
0.12776481407195206,0.9508600357858086,0.9663602096898103,2.2404405744830456,33.67,48.41,K2_20250607_143211,1749281531.767006,4
-1.2546835288765124,-0.9989379187318264,0.02069784438208444,2.0254176266191735,33.68,48.4,K2_20250607_143211,1749281531.767006,5
-2.5617345753119025,-5.036906827015628,-3.02423951365472,1.0797980649235797,33.71,48.42,K2_20250607_143211,1749281531.767006,6
-0.3185659359123747,-1.4743679366238212,-0.4624822604628207,1.905197339377537,33.68,48.42,K2_20250607_143211,1749281531.767006,7
-2.0195802147736686,-2.8985338277670962,-0.8706268862351862,1.5953717308912019,33.7,48.38,K2_20250607_143211,1749281531.767006,8
-2.1792862323636655,-4.087108872498902,-2.0785771483469944,0.2948210127872244,33.7,48.43,K2_20250607_143211,1749281531.767006,9
-3.3905136682446937,-7.411932753942892,-6.3987443491159866,-1.470468118045801,33.73,48.42,K2_20250607_143211,1749281531.767006,10
-3.2627488541727416,-6.461072718157084,-5.432384139426176,-1.2300275435627555,33.73,48.38,K2_20250607_143211,1749281531.767006,11
-3.1988664471368793,-5.985642700264179,-4.949204034581271,-1.109807256321119,33.73,48.36,K2_20250607_143211,1749281531.767006,12
-2.1988664471368793,-5.985642700264179,-4.949204034581271,-1.109807256321119,33.73,48.36,K2_20250607_143211,1749281531.767006,13
-2.370087354204088,-3.6106167733369148,-2.5746991991200048,-0.5595410733517383,33.71,48.36,K2_20250607_143211,1749281531.767006,14
-3.645197197121661,-7.410870672675628,-6.378046504734812,-1.445050491426855,33.74,48.37,K2_20250607_143211,1749281531.767006,15
-3.3266312612088313,-6.936502736049988,-6.915564244271081,-1.3502478308041646,33.73,48.4,K2_20250607_143211,1749281531.767006,16
-3.9957043365520803,-8.122953618245447,-8.08211881762145,-1.5999632956697951,33.75,48.35,K2_20250607_143211,1749281531.767006,17
-3.0391604295471097,-4.7970676555323735,-4.741253772469463,0.1907434617828585,33.73,48.31,K2_20250607_143211,1749281531.767006,18
-2.4535499760138464,-5.984580618996915,-5.928506190201006,1.915610370297827,33.74,48.31,K2_20250607_143211,1749281531.767006,19
-3.7286598189311917,-9.78483451833472,-9.731853495815812,1.0301009522231652,33.77,48.32,K2_20250607_143211,1749281531.767006,20
-2.899880725998173,-7.409808591406545,-7.357348660353637,1.580367135192546,33.75,48.32,K2_20250607_143211,1749281531.767006,21
-3.7925422259672814,-10.260264536227623,-10.215033600659808,-0.09011933501847125,33.77,48.34,K2_20250607_143211,1749281531.767006,22
-3.7286598189311917,-10.78483451833472,-9.731853495815812,0.030100952223165223,33.77,48.32,K2_20250607_143211,1749281531.767006,23
-3.9177687422379677,-6.50277811349406,-5.321139019066322,1.188336417254959,33.8,47.99,K2_20250607_143211,1749281531.767006,24
-0.5639423728518977,18.457297825877504,20.045816485286196,8.499901497437122,33.8,46.94,K2_20250607_143211,1749281531.767006,25
3.8963763972983543,36.66413566758911,38.601668785571746,48.634681331822776,33.81,46.04,K2_20250607_143211,1749281531.767006,26
7.514708986504047,53.253984248354755,56.45863482045024,88.05741433314165,33.8,45.35,K2_20250607_143211,1749281531.767006,27
9.505732394828101,62.52593167853229,65.9013447093048,118.42712756097126,33.81,44.91,K2_20250607_143211,1749281531.767006,28
10.33704978556193,70.60930406397802,74.13610433604845,139.4962900706971,33.82,44.52,K2_20250607_143211,1749281531.767006,29
11.74161664108533,79.16598230477939,82.81264837887375,151.63483761442603,33.81,44.21,K2_20250607_143211,1749281531.767006,30
11.392801700188784,82.25946366488824,86.0154125935087,156.49252236135385,33.84,43.93,K2_20250607_143211,1749281531.767006,31
11.828463659963063,89.15107476179674,92.98012842499611,158.1848812731182,33.82,43.74,K2_20250607_143211,1749281531.767006,32
10.670449840907168,91.7680640227436,95.6790146904059,158.89692810618521,33.84,43.53,K2_20250607_143211,1749281531.767006,33
8.735178347210194,93.1462761934763,98.1156130590116,155.52344716901234,33.85,43.38,K2_20250607_143211,1749281531.767006,34
9.596744742928195,97.66179928218935,102.68512621065565,151.64012227118792,33.84,43.24,K2_20250607_143211,1749281531.767006,35
7.916156778107734,100.03894937165296,105.10102673487927,146.24122370739587,33.84,43.14,K2_20250607_143211,1749281531.767006,36
9.096289109738336,104.02884039699165,109.13302214698797,140.4527014701937,33.82,43.03,K2_20250607_143211,1749281531.767006,37
5.9808852844107605,101.41716154238566,106.53762510348497,136.86774277022278,33.85,42.99,K2_20250607_143211,1749281531.767006,38
5.586922051985084,104.030964559528,109.17441783575032,137.50353672343226,33.84,42.93,K2_20250607_143211,1749281531.767006,39
6.351818737882013,105.93056046856236,111.06574256636668,137.93358261916,33.82,42.95,K2_20250607_143211,1749281531.767006,40
5.618863255502902,104.268679568474,109.41600788817232,141.56364686705297,33.84,42.92,K2_20250607_143211,1749281531.767006,41
4.9808852844107605,101.41716154238566,106.53762510348497,142.86774277022278,33.85,42.99,K2_20250607_143211,1749281531.767006,42
5.012826487928578,101.65487655133165,106.77921515590788,145.9278529138437,33.85,42.98,K2_20250607_143211,1749281531.767006,43
4.299451220323363,101.89152947900948,107.0001073639487,145.96254543084524,33.84,43.02,K2_20250607_143211,1749281531.767006,44
4.108650098482485,101.36802157817147,107.50398531317478,146.10818334470605,33.85,42.95,K2_20250607_143211,1749281531.767006,45
3.5230396449489945,102.5555345416351,108.69123773090541,145.38331643619063,33.84,42.95,K2_20250607_143211,1749281531.767006,46
3.810510476610716,104.69496962215271,110.86554820270703,143.92430772877765,33.84,42.86,K2_20250607_143211,1749281531.767006,47
3.703171976579597,107.54542556697288,112.7232331430132,140.59479419898867,33.82,42.84,K2_20250607_143211,1749281531.767006,48
1.8743928836465784,104.1703996400447,110.34872830755194,139.04452801601929,33.84,42.84,K2_20250607_143211,1749281531.767006,49
1.9702164942004856,104.88354466688452,111.07349846481884,138.22485844688163,33.84,42.81,K2_20250607_143211,1749281531.767006,50
2.2133851336000134,108.44608355727541,114.63525571801165,139.05025772133558,33.81,42.81,K2_20250607_143211,1749281531.767006,51
0.703171976579597,106.54542556697288,112.7232331430132,134.59479419898867,33.82,42.84,K2_20250607_143211,1749281531.767006,52
1.2772675406361031,108.92151357516832,115.11843582285655,129.17047800857722,33.81,42.79,K2_20250607_143211,1749281531.767006,53
0.6712307730617795,105.30771055802688,112.4816430905912,128.53468405536796,33.82,42.85,K2_20250607_143211,1749281531.767006,54
1.2444802378511213,105.78101641338344,111.92342750667376,128.60406908937102,33.8,42.93,K2_20250607_143211,1749281531.767006,55
-0.2657329191692952,103.88035842308,110.01140493167532,134.14860556702388,33.81,42.96,K2_20250607_143211,1749281531.767006,56
-0.3615565297232024,103.16721339624019,109.2866347744075,134.96827513616154,33.81,42.99,K2_20250607_143211,1749281531.767006,57
-0.521262547312972,101.97863835150838,108.0786845122957,135.6677244180578,33.81,43.04,K2_20250607_143211,1749281531.767006,58
1.9650747314858563,109.10371613229199,115.2021990186804,140.31852296696593,33.75,43.04,K2_20250607_143211,1749281531.767006,59
-0.3419763149497612,105.06574722400728,110.1572616606436,139.3729034052701,33.78,43.06,K2_20250607_143211,1749281531.767006,60
0.13629563855283777,105.72869020536382,112.82769418321823,139.76825678399655,33.77,43.04,K2_20250607_143211,1749281531.767006,61
0.13629563855283777,105.72869020536382,111.82769418321823,139.76825678399655,33.77,43.04,K2_20250607_143211,1749281531.767006,62
0.5072290920240903,110.24208913154052,116.35581164610085,140.83409663293355,33.74,43.0,K2_20250607_143211,1749281531.767006,63
0.25254556314735055,110.24315121280961,116.37650949048202,135.85951425955295,33.75,42.95,K2_20250607_143211,1749281531.767006,64
0.7946999236858119,112.38152421205814,118.53012211790247,136.3750879255208,33.74,42.91,K2_20250607_143211,1749281531.767006,65
0.4752878885062728,109.00437412259453,116.11422159367794,135.77398648931285,33.74,43.01,K2_20250607_143211,1749281531.767006,66
0.698030213865195,108.76559703238036,115.85193369687477,139.68845871907297,33.73,43.07,K2_20250607_143211,1749281531.767006,67
2.6102719286077445,113.51458680496671,120.58024552341612,145.76357345839256,33.68,43.12,K2_20250607_143211,1749281531.767006,68
2.5144483180538373,112.80144177812781,119.85547536614831,147.58324302753022,33.68,43.15,K2_20250607_143211,1749281531.767006,69
1.4301395969769146,108.52469577962802,115.54825011130742,146.5520956955943,33.7,43.23,K2_20250607_143211,1749281531.767006,70
2.5136022187864455,110.89865962528802,117.90205710238752,150.07694425194472,33.67,43.28,K2_20250607_143211,1749281531.767006,71
2.3219549976788585,109.4723695716093,116.4525167878528,149.71628339021981,33.67,43.34,K2_20250607_143211,1749281531.767006,72
2.289167694894104,107.33187240982443,114.25750847167092,153.14987447101385,33.66,43.48,K2_20250607_143211,1749281531.767006,73
3.308747909667545,109.23040623759061,116.1281353579052,159.5545027401222,33.63,43.55,K2_20250607_143211,1749281531.767006,74
1.4276012991758762,102.81634932111047,109.68799532002595,159.03319936883804,33.67,43.62,K2_20250607_143211,1749281531.767006,75
4.562585339277348,107.32656200348265,114.15401924976413,164.02278633791775,33.61,43.73,K2_20250607_143211,1749281531.767006,76
4.530644135759303,107.08884699453665,113.91242919734123,168.96267619429682,33.61,43.74,K2_20250607_143211,1749281531.767006,77
4.3709381181695335,105.90027194980485,113.70447893522942,169.66212547619307,33.61,43.79,K2_20250607_143211,1749281531.767006,78
4.561739240009956,105.42377985064377,113.20060098600334,170.51648756233203,33.6,43.86,K2_20250607_143211,1749281531.767006,79
5.868790286445574,109.46174875892757,117.24553834404014,171.46210712402785,33.57,43.84,K2_20250607_143211,1749281531.767006,80
6.37900344346599,111.3624067492301,119.15756091903677,171.91757064637477,33.56,43.81,K2_20250607_143211,1749281531.767006,81
5.932672693481436,109.93717877682047,117.72871844888505,170.5823274112695,33.57,43.82,K2_20250607_143211,1749281531.767006,82
7.207782536399009,113.73743267615828,121.53206575449985,171.46783682934415,33.54,43.81,K2_20250607_143211,1749281531.767006,83
7.1119589258451015,113.02428764931847,120.80729559723204,168.2875063984818,33.54,43.84,K2_20250607_143211,1749281531.767006,84
7.4305248617577035,113.4986555859432,121.26977785769486,168.38230905910427,33.53,43.87,K2_20250607_143211,1749281531.767006,85
7.482892379316354,116.53768657549608,125.33541306011375,167.35334624741904,33.51,43.8,K2_20250607_143211,1749281531.767006,86
7.705634704675049,116.298909485281,125.07312516330967,164.26781847717916,33.5,43.86,K2_20250607_143211,1749281531.767006,87
8.215847861695238,118.19956747558354,125.9851477383072,161.72328199952608,33.49,43.83,K2_20250607_143211,1749281531.767006,88
6.928377030033744,116.06013239506592,123.81083726650559,161.18229070693906,33.49,43.92,K2_20250607_143211,1749281531.767006,89
8.139604465915227,119.38495627651173,127.13100446727549,158.9475798377723,33.46,43.93,K2_20250607_143211,1749281531.767006,90
7.62939130889481,117.48429828620829,125.21898189227795,158.4921163154254,33.47,43.96,K2_20250607_143211,1749281531.767006,91
8.25500829124303,121.99663513111773,129.7264015107785,159.53253853774322,33.43,43.97,K2_20250607_143211,1749281531.767006,92
8.095302273653033,119.80806008638501,128.51845124866668,159.23198781963947,33.43,44.02,K2_20250607_143211,1749281531.767006,93
8.573574227155405,121.47100306774155,130.1888837712413,162.62734119836568,33.42,44.0,K2_20250607_143211,1749281531.767006,94
9.242647302498654,122.65745394993792,131.35543834459168,163.87705666323131,33.4,44.05,K2_20250607_143211,1749281531.767006,95
10.485815941898181,126.21999284032881,134.91719559778358,164.70245593768527,33.37,44.05,K2_20250607_143211,1749281531.767006,96
10.613580755970133,127.17085287611462,135.88355580747339,164.94289651216832,33.37,44.01,K2_20250607_143211,1749281531.767006,97
11.824808191851162,130.4956767575586,139.20372300824238,164.70818564300157,33.34,44.02,K2_20250607_143211,1749281531.767006,98
11.143374127763991,130.97004469418425,138.6662052687061,164.80298830362403,33.33,44.05,K2_20250607_143211,1749281531.767006,99
10.44151374963576,127.6430966502021,135.30464237917295,162.9868639195522,33.34,44.14,K2_20250607_143211,1749281531.767006,100
0.0,0.0,0.0,0.0,33.88,48.06,K3_20250607_144035,1749282035.4004157,1
1.286624732395012,-0.7633470723212668,0.22089220804173237,0.03469251700153109,33.87,48.1,K3_20250607_144035,1749282035.4004157,2
2.243168639399528,3.562538890390897,3.5617572531918995,0.8253992744539573,33.85,48.06,K3_20250607_144035,1749282035.4004157,3
0.9041763894460928,-0.7131450268389017,-0.7247701572678125,-0.18033043086234102,33.88,48.09,K3_20250607_144035,1749282035.4004157,4
-0.9565439070047432,-4.325885962713073,-3.3408650451510766,-0.7907067574524262,33.9,48.1,K3_20250607_144035,1749282035.4004157,5
-0.9680587964819551,-0.7622849910540026,0.24159005242199783,0.06011014362070455,33.88,48.05,K3_20250607_144035,1749282035.4004157,6
-2.115403825327121,-3.6116788546050884,-2.595397043502089,-0.5849586999709118,33.91,48.02,K3_20250607_144035,1749282035.4004157,7
-2.1792862323632107,-4.087108872497993,-3.0785771483469944,-0.7051789872123209,33.91,48.04,K3_20250607_144035,1749282035.4004157,8
-2.0515214182912587,-3.136248836712184,-2.112216938657184,-0.4647384127292753,33.91,48.0,K3_20250607_144035,1749282035.4004157,9
-2.1792862323632107,-4.087108872497993,-3.0785771483469944,-0.7051789872123209,33.91,48.04,K3_20250607_144035,1749282035.4004157,10
-2.1792862323632107,-4.087108872497993,-3.0785771483469944,-0.7051789872123209,33.91,48.04,K3_20250607_144035,1749282035.4004157,11
-2.1792862323632107,-4.087108872497993,-3.0785771483469944,-0.7051789872123209,33.91,48.04,K3_20250607_144035,1749282035.4004157,12
-3.454396075280556,-7.887362771835797,-6.881924453960892,-1.5906884052874375,33.94,48.05,K3_20250607_144035,1749282035.4004157,13
-3.709079604157523,-7.8863006905685324,-6.861226609580626,-1.565270778668264,33.95,48.0,K3_20250607_144035,1749282035.4004157,14
-2.625616982347765,-5.512336844908532,-4.507419618500535,-1.0404222223180568,33.92,48.05,K3_20250607_144035,1749282035.4004157,15
-2.49785216827604,-4.561476809123633,-3.5410594088107246,-0.7999816478347839,33.92,48.01,K3_20250607_144035,1749282035.4004157,16
-2.8687856217472927,-9.074875735300338,-8.069176871692434,-1.8658214967722415,33.95,48.05,K3_20250607_144035,1749282035.4004157,17
-2.741020807675568,-8.12401569951453,-7.102816662002624,-1.6253809222889686,33.95,48.01,K3_20250607_144035,1749282035.4004157,18
-1.4659109647579953,-4.323761800176726,-3.2994693563887267,-0.7398715042140793,33.92,48.0,K3_20250607_144035,1749282035.4004157,19
-3.920307040039006,-11.211124572012523,-10.181393810349618,-2.330559909501517,33.98,47.99,K3_20250607_144035,1749282035.4004157,20
-3.569799900608359,-10.499041626441795,-9.47732149746389,-2.1756471052583493,33.97,48.01,K3_20250607_144035,1749282035.4004157,21
-3.5813147900857984,-6.935440654782724,-5.894866399890816,-0.32483020418521846,33.95,47.96,K3_20250607_144035,1749282035.4004157,22
-3.4501655789456436,0.6265479923604289,2.8851668648421764,1.9408054726400223,33.99,47.4,K3_20250607_144035,1749282035.4004157,23
-0.24453033767213128,20.834447915341116,22.46171700950981,7.101002933645077,34.01,46.45,K3_20250607_144035,1749282035.4004157,24
2.992200007852034,38.37728069442801,39.32643894283865,11.815011762685117,34.02,45.62,K3_20250607_144035,1749282035.4004157,25
5.131414544288873,52.40140414099824,53.55955419138081,17.336092609692287,34.01,45.08,K3_20250607_144035,1749282035.4004157,26
6.409062685007257,59.910004498853596,62.223156288277096,19.740498354523652,34.01,44.68,K3_20250607_144035,1749282035.4004157,27
6.729320819453733,64.189936741157,66.5924750762606,20.84789856631687,34.02,44.45,K3_20250607_144035,1749282035.4004157,28
7.590887215171961,68.70545982987096,71.16198822790648,22.964573668492676,34.01,44.31,K3_20250607_144035,1749282035.4004157,29
8.974181657387362,71.55803993722748,74.06106885697591,24.68589539194204,34.01,44.19,K3_20250607_144035,1749282035.4004157,30
7.635189407434154,67.28235601999677,69.77454144651529,24.680165686625514,34.04,44.22,K3_20250607_144035,1749282035.4004157,31
8.911145349618437,72.98539207217345,75.53130701588998,27.071973880285896,34.02,44.08,K3_20250607_144035,1749282035.4004157,32
9.390263402387745,76.55111720636887,79.15515780222631,27.9736260345976,34.02,43.93,K3_20250607_144035,1749282035.4004157,33
7.487779211475754,81.06982653888826,83.78676448701572,29.166554016630926,34.04,43.64,K3_20250607_144035,1749282035.4004157,34
8.051205985321758,87.91229767158256,91.71784052819203,30.09935350287833,34.02,43.41,K3_20250607_144035,1749282035.4004157,35
6.817794869752788,92.6174578862956,96.51600178632998,27.541996949777058,34.02,43.17,K3_20250607_144035,1749282035.4004157,36
7.519655247881246,95.94440593027775,98.87756467586314,28.358121333848885,34.01,43.08,K3_20250607_144035,1749282035.4004157,37
4.308427811999763,92.61958204883285,95.55739747509324,26.592832203015632,34.04,43.07,K3_20250607_144035,1749282035.4004157,38
4.584383754184046,98.32261810100954,101.31416304446793,27.984640396675786,34.02,42.93,K3_20250607_144035,1749282035.4004157,39
3.9791930858768865,96.61159723670698,100.63078857596338,26.85514521905202,34.04,42.86,K3_20250607_144035,1749282035.4004157,40
1.4370387253386525,94.47322423745754,98.47717594854385,25.33957155308417,34.05,42.9,K3_20250607_144035,1749282035.4004157,41
1.6917222542151649,94.47216215618937,98.45647810416176,25.314153926464996,34.04,42.95,K3_20250607_144035,1749282035.4004157,42
1.5320162366253953,93.28358711145756,97.24852784204995,24.01360320836102,34.04,43.0,K3_20250607_144035,1749282035.4004157,43
0.5000750331075778,93.04587210251157,96.00693778962795,23.953493064740314,34.04,43.01,K3_20250607_144035,1749282035.4004157,44
1.0413832943786474,93.2814629489203,96.2071321532867,23.962767955122445,34.02,43.1,K3_20250607_144035,1749282035.4004157,45
0.30842781199976343,91.61958204883285,94.55739747509324,23.592832203015632,34.04,43.07,K3_20250607_144035,1749282035.4004157,46
2.092904712670361,95.41771178563431,98.31934909194479,25.427506367851947,33.99,43.16,K3_20250607_144035,1749282035.4004157,47
2.0290223056344985,93.9422817677405,97.83616898709988,25.30728608061031,33.99,43.18,K3_20250607_144035,1749282035.4004157,48
0.5303240380912939,88.47802280577798,91.34169131452836,25.001005657190035,34.02,43.26,K3_20250607_144035,1749282035.4004157,49
-0.0872276189600143,89.42782076029653,92.287353679837,25.216028605053907,34.01,43.27,K3_20250607_144035,1749282035.4004157,50
-0.023345211924151954,89.90325077818852,92.7705337846819,25.336248892295544,34.01,43.25,K3_20250607_144035,1749282035.4004157,51
-0.05528641544196944,89.66553576924252,92.5289437322599,26.27613874867484,34.01,43.26,K3_20250607_144035,1749282035.4004157,52
1.187882223957331,92.22807465963342,96.0907009854518,27.101538023128796,33.98,43.26,K3_20250607_144035,1749282035.4004157,53
0.18872832322426802,94.13085681247321,98.04411924921169,27.60783679871429,33.99,43.13,K3_20250607_144035,1749282035.4004157,54
-0.7154480662218248,94.84400183931211,98.7688894064795,26.78816722957663,33.99,43.1,K3_20250607_144035,1749282035.4004157,55
-0.9816464845757764,97.40866489224027,101.37204234843466,26.66440175726916,33.98,43.0,K3_20250607_144035,1749282035.4004157,56
-2.109411298647501,97.45780485645446,100.40568213874485,25.423961182786115,33.98,43.04,K3_20250607_144035,1749282035.4004157,57
-1.918610176806851,95.98131275729338,99.90180418951877,25.278323268925305,33.97,43.11,K3_20250607_144035,1749282035.4004157,58
-1.3453607120177367,96.45461861264994,100.3435886055995,25.347708302928368,33.95,43.19,K3_20250607_144035,1749282035.4004157,59
-0.21844199721272162,95.50269649559596,98.35653055152943,26.08185010182615,33.94,43.28,K3_20250607_144035,1749282035.4004157,60
-0.6328315436794583,93.31518353213141,97.16927813379789,26.806717010341345,33.95,43.28,K3_20250607_144035,1749282035.4004157,61
0.8650206245970367,96.87666034125596,100.71033754260952,27.606698658176356,33.91,43.33,K3_20250607_144035,1749282035.4004157,62
-1.601736439428123,91.65011638823944,95.45744992246091,27.360528378376785,33.94,43.4,K3_20250607_144035,1749282035.4004157,63
-0.42245020706468495,94.73722526073834,98.5360270708079,28.065707365589333,33.91,43.42,K3_20250607_144035,1749282035.4004157,64
-0.1677666781881726,94.73616317946926,98.51532922642673,28.040289738969932,33.9,43.47,K3_20250607_144035,1749282035.4004157,65
-0.07194306763426539,94.44930820630907,99.24009938369363,28.220620169832273,33.9,43.44,K3_20250607_144035,1749282035.4004157,66
-0.13582547467012773,93.97387818841617,98.75691927884873,28.100399882590864,33.9,43.46,K3_20250607_144035,1749282035.4004157,67
-0.10388427115231025,94.21159319736216,98.99850933127163,28.16051002621157,33.9,43.45,K3_20250607_144035,1749282035.4004157,68
1.2989903858372145,98.96270713248578,103.76821684657625,29.286460018769503,33.87,43.4,K3_20250607_144035,1749282035.4004157,69
1.330931589355032,99.20042214143268,103.00980689899825,29.346570162390435,33.87,43.39,K3_20250607_144035,1749282035.4004157,70
1.7018650428262845,103.71382106760848,107.53792436187905,29.412410011327438,33.84,43.35,K3_20250607_144035,1749282035.4004157,71
1.5749463280214968,103.66574318466246,108.52498241595003,29.678268212429884,33.85,43.26,K3_20250607_144035,1749282035.4004157,72
1.881997374456887,107.70371209294626,111.56991977398684,28.62388777412548,33.82,43.24,K3_20250607_144035,1749282035.4004157,73
0.05321828152386843,105.328686166019,109.19541493852557,28.073621591156098,33.84,43.24,K3_20250607_144035,1749282035.4004157,74
1.2963869209233962,108.8912250564099,112.75717219171747,28.899020865610055,33.81,43.24,K3_20250607_144035,1749282035.4004157,75
1.1047396998155818,107.46493500273209,111.30763187718367,28.538360003885373,33.81,43.3,K3_20250607_144035,1749282035.4004157,76
1.804907879409484,106.98631874103467,110.76235823919433,28.341886836786216,33.78,43.47,K3_20250607_144035,1749282035.4004157,77
2.0915326118042685,107.22297166871249,109.98325044723515,29.376579353787747,33.77,43.51,K3_20250607_144035,1749282035.4004157,78
1.7410254723736216,105.51088872314176,109.27917813434942,30.221666549544807,33.78,43.49,K3_20250607_144035,1749282035.4004157,79
3.4305248617577035,110.4986555859432,114.26977785769486,31.382309059104273,33.74,43.48,K3_20250607_144035,1749282035.4004157,80
2.717995693419198,112.63809066646081,115.44408832949648,31.923300351691296,33.74,43.39,K3_20250607_144035,1749282035.4004157,81
3.9611643328187256,115.20062955685262,119.00584558268838,32.74869962614548,33.71,43.39,K3_20250607_144035,1749282035.4004157,82
5.555686210915837,121.37803354565403,125.2250934125268,33.2353104804281,33.68,43.28,K3_20250607_144035,1749282035.4004157,83
4.918554339090406,120.42929767240457,124.30012889160025,32.0457051591834,33.7,43.22,K3_20250607_144035,1749282035.4004157,84
3.727753217249983,120.90578977156656,124.80400684082633,32.19134307304421,33.71,43.15,K3_20250607_144035,1749282035.4004157,85
4.26990757778799,123.04416277081509,126.95761946824678,31.70691673901183,33.7,43.11,K3_20250607_144035,1749282035.4004157,86
5.79970094958253,125.84335458888563,129.7402689294804,32.567008530467774,33.66,43.15,K3_20250607_144035,1749282035.4004157,87
4.1936641820079785,123.22955157174238,127.10347619721506,31.931214577258288,33.67,43.21,K3_20250607_144035,1749282035.4004157,88
4.480288914402763,123.46620449942111,127.32436840525679,31.965907094260047,33.66,43.25,K3_20250607_144035,1749282035.4004157,89
4.7341263440123384,121.56236026531315,125.35025229711391,31.434190692055154,33.64,43.43,K3_20250607_144035,1749282035.4004157,90
4.733280244745401,118.65957811247335,123.3968340333522,30.92789191646966,33.63,43.56,K3_20250607_144035,1749282035.4004157,91
5.402353320088423,119.84602899466881,124.56338860670257,32.17760738133529,33.61,43.61,K3_20250607_144035,1749282035.4004157,92
5.4334484243393035,118.18096185077593,122.85156039536378,32.731418749370505,33.6,43.73,K3_20250607_144035,1749282035.4004157,93
6.484969842631017,120.31721068748902,124.96377733402187,33.19615716210001,33.57,43.79,K3_20250607_144035,1749282035.4004157,94
6.464543528590184,116.51589470688305,121.13973218402589,32.28523011740572,33.59,43.85,K3_20250607_144035,1749282035.4004157,95
6.240955103964552,115.85188964425834,118.44860181706827,32.8644591120601,33.59,43.92,K3_20250607_144035,1749282035.4004157,96
6.782263365235849,116.0874804906689,118.64879618072882,32.87373400244269,33.57,44.01,K3_20250607_144035,1749282035.4004157,97
8.375939144066024,120.36210232663052,122.91462574680645,33.85404608113981,33.53,44.03,K3_20250607_144035,1749282035.4004157,98
7.70601996945561,117.27286929159527,119.7946529096971,34.09803184068892,33.54,44.11,K3_20250607_144035,1749282035.4004157,99
7.8329386842606255,115.32094717454129,118.80759485562521,33.83217363958647,33.53,44.2,K3_20250607_144035,1749282035.4004157,100
0.0,0.0,0.0,0.0,34.6,46.83,K4_20250607_145251,1749282771.993774,1
0.03194120351804486,0.2377150089469069,1.2415900524229073,-0.9398898563790681,34.6,46.82,K4_20250607_145251,1749282771.993774,2
0.06388240703608972,0.4754300178929043,1.4831801048449051,-0.8797797127583635,34.6,46.81,K4_20250607_145251,1749282771.993774,3
0.8607202964510634,3.6127409358741716,3.6160948878841737,-0.3896236734096874,34.58,46.82,K4_20250607_145251,1749282771.993774,4
0.8607202964510634,3.6127409358741716,3.6160948878841737,-0.3896236734096874,34.58,46.82,K4_20250607_145251,1749282771.993774,5
0.7648966858971562,2.89959590903527,1.8913247306172707,-0.5699541042720284,34.58,46.85,K4_20250607_145251,1749282771.993774,6
-0.3824483429484644,-0.9497979545176349,-0.9456623653077258,-1.2150229478636447,34.61,46.82,K4_20250607_145251,1749282771.993774,7
0.0,0.0,0.0,-1.0,34.6,46.83,K4_20250607_145251,1749282771.993774,8
-0.3824483429484644,-0.9497979545176349,-0.9456623653077258,-1.2150229478636447,34.61,46.82,K4_20250607_145251,1749282771.993774,9
-0.35050713943041956,-0.712082945570728,-0.7040723128848185,-1.1549128042429402,34.61,46.81,K4_20250607_145251,1749282771.993774,10
0.0,0.0,0.0,-1.0,34.6,46.83,K4_20250607_145251,1749282771.993774,11
-1.1154038253275758,-2.611678854605998,-2.595397043502089,-1.5849586999709118,34.63,46.79,K4_20250607_145251,1749282771.993774,12
-2.1997125464040437,-6.88842485310488,-6.902622298342976,-2.6161060319063836,34.65,46.87,K4_20250607_145251,1749282771.993774,13
-1.5936757788299474,-4.2746218359625345,-4.2658295660776275,-1.980312078697125,34.64,46.81,K4_20250607_145251,1749282771.993774,14
-1.2751098429173453,-3.8002538993387134,-3.803347305614807,-1.8855094180746619,34.63,46.84,K4_20250607_145251,1749282771.993774,15
-1.211227435881483,-3.3248238814448996,-3.320167200768992,-1.7652891308332528,34.63,46.82,K4_20250607_145251,1749282771.993774,16
-1.1473450288456206,-2.849393863552905,-2.8369870959249965,-1.6450688435916163,34.63,46.8,K4_20250607_145251,1749282771.993774,17
-1.56173457531213,-4.036906827015628,-4.02423951365563,-1.920201935076193,34.64,46.8,K4_20250607_145251,1749282771.993774,18
-2.040006528814274,-5.699849808372164,-4.6946720362302585,-2.315555313802406,34.65,46.82,K4_20250607_145251,1749282771.993774,19
-2.8164181041886422,-4.035844745747454,-3.0035416692735453,-1.8947843084570195,34.65,46.75,K4_20250607_145251,1749282771.993774,20
-3.040006528814274,-4.699849808372164,-4.6946720362302585,-2.315555313802406,34.65,46.82,K4_20250607_145251,1749282771.993774,21
-2.4978521682762675,-2.561476809123633,-2.5410594088107246,-1.7999816478347839,34.64,46.78,K4_20250607_145251,1749282771.993774,22
-2.976124121778412,-4.2244197904801695,-4.211491931386263,-2.195335026560997,34.65,46.8,K4_20250607_145251,1749282771.993774,23
-3.834306120428664,-2.128814267835878,-1.9673320279889595,-1.2868150263946063,34.7,46.42,K4_20250607_145251,1749282771.993774,24
-0.876135182002372,21.639500383000268,22.129579681110044,3.6479464558258314,34.67,45.57,K4_20250607_145251,1749282771.993774,25
1.1050655353785714,36.280613090516454,37.06158119505926,5.881074135900008,34.68,44.82,K4_20250607_145251,1749282771.993774,26
1.893772932384536,49.592653591515045,50.59062413071479,5.24724217866401,34.68,44.26,K4_20250607_145251,1749282771.993774,27
2.7135754336411537,60.23962694861984,61.407838855031514,6.167221589462997,34.67,43.82,K4_20250607_145251,1749282771.993774,28
0.620290120888285,65.2348283802985,66.54332348904609,4.505787485357132,34.7,43.46,K4_20250607_145251,1749282771.993774,29
1.4827026158732224,70.65313362185134,72.06625490445094,4.128761363118201,34.7,43.19,K4_20250607_145251,1749282771.993774,30
-0.6761573024493828,71.36734072995841,71.81172290610084,3.3345094205997157,34.71,43.11,K4_20250607_145251,1749282771.993774,31
-1.3886864707876612,73.50677581047603,73.98603337790246,2.8755007131867387,34.71,43.02,K4_20250607_145251,1749282771.993774,32
-1.6868260926596577,76.83372385445728,77.3475962674338,2.691625097258566,34.7,42.93,K4_20250607_145251,1749282771.993774,33
-1.6548848891418402,76.07143886340418,77.5891863198558,1.7517352408792703,34.7,42.92,K4_20250607_145251,1749282771.993774,34
-4.344384278525467,71.08367200060275,71.59858659651127,0.5910927313198044,34.74,42.93,K4_20250607_145251,1749282771.993774,35
-3.3567452672696163,72.74449081942294,73.22762343032446,-0.06438914319255673,34.71,43.01,K4_20250607_145251,1749282771.993774,36
-3.6761573024493828,69.36734072995841,70.81172290610084,-1.6654905794002843,34.71,43.11,K4_20250607_145251,1749282771.993774,37
-4.517297384126778,68.65313362185134,70.06625490445094,-1.8712386368817988,34.7,43.19,K4_20250607_145251,1749282771.993774,38
-7.825194529829105,62.71238256072775,64.06789928265425,-3.3231569741628846,34.72,43.34,K4_20250607_145251,1749282771.993774,39
-8.048782954454737,61.04837749810304,62.37676891569754,-4.743927979508271,34.72,43.41,K4_20250607_145251,1749282771.993774,40
-7.889923036131904,59.33417038999505,60.63130091404855,-4.949676036990013,34.71,43.49,K4_20250607_145251,1749282771.993774,41
-9.36904108890144,55.768445255799634,57.00745012771222,-6.851328191301718,34.71,43.64,K4_20250607_145251,1749282771.993774,42
-9.78343063536795,54.580932292336,55.820197709981585,-7.126461282786295,34.72,43.64,K4_20250607_145251,1749282771.993774,43
-9.794945524845161,58.14453326399507,59.40265280755466,-6.275644381713164,34.7,43.59,K4_20250607_145251,1749282771.993774,44
-10.017687850203856,58.38331035420924,58.66494070435874,-6.190116611473286,34.71,43.53,K4_20250607_145251,1749282771.993774,45
-10.315827472075853,60.7102583981914,62.026503593890084,-5.373992227401459,34.7,43.44,K4_20250607_145251,1749282771.993774,46
-9.199577547480885,65.22471940563628,65.57531890115479,-5.282734751844828,34.68,43.35,K4_20250607_145251,1749282771.993774,47
-10.996415436896086,63.08740848765501,63.44240411811461,-5.772890791193504,34.7,43.34,K4_20250607_145251,1749282771.993774,48
-11.283040169290643,61.85075555997719,63.221511910074696,-5.807583308195035,34.71,43.3,K4_20250607_145251,1749282771.993774,49
-10.625481983424834,66.60080741383263,66.97052158099723,-4.707050942256274,34.67,43.3,K4_20250607_145251,1749282771.993774,50
-10.721305593978741,65.88766238699282,66.24575142373033,-4.887381373118615,34.67,43.33,K4_20250607_145251,1749282771.993774,51
-10.912952815086555,63.46137233331501,64.79621110919561,-5.248042234843297,34.67,43.39,K4_20250607_145251,1749282771.993774,52
-12.04071762915828,62.5105122975292,63.8298508995058,-6.48848280932657,34.67,43.43,K4_20250607_145251,1749282771.993774,53
-11.308608246046106,62.269611044777776,63.52616731393937,-6.624845832805022,34.64,43.59,K4_20250607_145251,1749282771.993774,54
-11.276667042528288,62.50732605372468,63.767757366361366,-6.564735689184317,34.64,43.58,K4_20250607_145251,1749282771.993774,55
-11.24557193827718,60.84225890983089,61.05592915502348,-7.010924321148877,34.63,43.7,K4_20250607_145251,1749282771.993774,56
-11.405277955867177,59.65368386509908,59.84797889291076,-7.311475039252855,34.63,43.75,K4_20250607_145251,1749282771.993774,57
-11.660807584010854,57.751963793527466,57.91525847353205,-6.792356188219173,34.63,43.83,K4_20250607_145251,1749282771.993774,58
-12.979373519923456,57.277595856903645,57.45277621306832,-7.887158848841409,34.64,43.8,K4_20250607_145251,1749282771.993774,59
-11.832028491077835,59.12698972045655,59.289763308994225,-6.242090005249565,34.61,43.83,K4_20250607_145251,1749282771.993774,60
-12.416792845344162,62.21728483675906,61.430433990484744,-5.460658138179497,34.61,43.7,K4_20250607_145251,1749282771.993774,61
-11.651050060180069,65.01966289863321,65.2751769848619,-5.524313466866261,34.6,43.59,K4_20250607_145251,1749282771.993774,62
-10.598682542621418,69.0586938881861,69.34081218728079,-4.553276278551266,34.58,43.52,K4_20250607_145251,1749282771.993774,63
-11.491344042590299,66.20823794336502,66.48312724697371,-5.223762748762283,34.6,43.54,K4_20250607_145251,1749282771.993774,64
-10.897668263760579,70.48285977932665,70.74895681305225,-5.243450670065158,34.56,43.56,K4_20250607_145251,1749282771.993774,65
-10.865727060242534,70.72057478827355,70.99054686547424,-5.183340526444454,34.56,43.55,K4_20250607_145251,1749282771.993774,66
-9.781418339165839,74.99732078677243,74.29777212031513,-3.152193194508527,34.54,43.47,K4_20250607_145251,1749282771.993774,67
-9.877241949719746,73.28417575993353,73.57300196304823,-3.3325236253710955,34.54,43.5,K4_20250607_145251,1749282771.993774,68
-9.60297820606911,75.18164750643245,75.42293100490133,-2.953312982881698,34.5,43.62,K4_20250607_145251,1749282771.993774,69
-11.069735270094498,69.95510355341503,70.17004338475272,-4.1994832626812695,34.53,43.69,K4_20250607_145251,1749282771.993774,70
-9.63576550885432,73.04115034464576,73.22792268871854,-3.5197219020878947,34.49,43.76,K4_20250607_145251,1749282771.993774,71
-9.222222061654747,72.32588115527051,71.46175684268928,-3.7508875861885826,34.47,43.89,K4_20250607_145251,1749282771.993774,72
-9.44581048628038,69.66187609264489,69.77062647573166,-4.171658591533969,34.47,43.96,K4_20250607_145251,1749282771.993774,73
-8.075723132076291,72.27249286598362,72.34532567485257,-3.612117518182231,34.43,44.05,K4_20250607_145251,1749282771.993774,74
-8.64981869613257,69.89640485778727,69.95012299501104,-4.187801327770785,34.44,44.1,K4_20250607_145251,1749282771.993774,75
-8.585936289096708,70.37183487568109,70.43330309985504,-4.067581040529376,34.44,44.08,K4_20250607_145251,1749282771.993774,76
-9.299311556701923,70.60848780335891,70.65419530789586,-4.032888523527845,34.43,44.12,K4_20250607_145251,1749282771.993774,77
-8.024201713784578,73.40874170269672,74.45754261351067,-4.147379105452956,34.4,44.11,K4_20250607_145251,1749282771.993774,78
-6.365797428651376,79.06157570939104,80.1599705481949,-2.540547963928475,34.37,43.98,K4_20250607_145251,1749282771.993774,79
-6.97098809695899,78.35055484508848,79.47659607968944,-2.6700431415526964,34.39,43.91,K4_20250607_145251,1749282771.993774,80
-5.536172236451648,83.33938378915809,83.48789364741606,-0.48398300537382966,34.36,43.85,K4_20250607_145251,1749282771.993774,81
-6.217606300539046,83.81375172578191,83.95037590787979,-0.389180344751594,34.35,43.88,K4_20250607_145251,1749282771.993774,82
-5.356886004087983,86.42649266165608,86.56647079576396,0.22119598183871858,34.33,43.87,K4_20250607_145251,1749282771.993774,83
-5.580474428713842,83.76248759903137,84.87534042880634,-0.199575023506668,34.33,43.94,K4_20250607_145251,1749282771.993774,84
-6.027651277965333,80.43447747378195,81.49307969489291,-1.0411170341976685,34.33,44.08,K4_20250607_145251,1749282771.993774,85
-5.78532873783297,82.09423421133397,83.10141868432402,-0.7220165353292032,34.29,44.21,K4_20250607_145251,1749282771.993774,86
-6.232505587084461,78.76622408608455,79.71915795041059,-1.5635585460202037,34.29,44.35,K4_20250607_145251,1749282771.993774,87
-5.532337407490331,78.28760782438621,79.17388431242125,-1.7600317131193606,34.26,44.52,K4_20250607_145251,1749282771.993774,88
-5.915631849705733,75.4350277170297,75.27480368335273,-2.4813534365687246,34.26,44.64,K4_20250607_145251,1749282771.993774,89
-6.266985088403317,72.82016261861918,72.6173131067062,-3.142565016397157,34.26,44.75,K4_20250607_145251,1749282771.993774,90
-4.036177437748165,78.04352032783027,77.80810719371038,-1.9726476164555606,34.2,44.83,K4_20250607_145251,1749282771.993774,91
-5.056603751788771,73.2422043472252,72.98406204371531,-2.883574661149396,34.22,44.89,K4_20250607_145251,1749282771.993774,92
-5.056603751788771,73.2422043472252,72.98406204371531,-2.883574661149396,34.22,44.89,K4_20250607_145251,1749282771.993774,93
-3.7814939088714254,77.04245824656209,76.78740934932921,-1.998065243074734,34.19,44.88,K4_20250607_145251,1749282771.993774,94
-2.250854437810176,82.74443221747242,82.52347707432364,-0.631674676033299,34.16,44.79,K4_20250607_145251,1749282771.993774,95
-1.6448176702360797,85.35823523461386,85.16026980658808,0.0041192771759597235,34.15,44.73,K4_20250607_145251,1749282771.993774,96
-1.17806060621092,90.58477918763037,89.4131574267376,1.250289556975531,34.12,44.66,K4_20250607_145251,1749282771.993774,97
-0.17806060621092,89.58477918763037,89.4131574267376,1.250289556975531,34.12,44.66,K4_20250607_145251,1749282771.993774,98
0.06510803318838043,93.14731807802036,92.9749146799295,2.0756888314294883,34.09,44.66,K4_20250607_145251,1749282771.993774,99
0.06510803318838043,92.14731807802036,92.9749146799295,2.0756888314294883,34.09,44.66,K4_20250607_145251,1749282771.993774,100
0.0,0.0,0.0,0.0,34.44,47.56,K5_20250607_150133,1749283293.9729857,1
-1.2751098429173453,-3.8002538993387134,-3.803347305614807,-0.8855094180748893,34.47,47.57,K5_20250607_150133,1749283293.9729857,2
-1.3070510464351628,-4.037968908284711,-4.044937358037714,-0.9456195616955938,34.47,47.58,K5_20250607_150133,1749283293.9729857,3
-2.1038889358505912,-6.175279826265978,-6.177852141076983,-1.43577560104427,34.49,47.57,K5_20250607_150133,1749283293.9729857,4
-0.24316863939930045,-2.5625388903918065,-3.561757253192809,-0.8253992744539573,34.47,47.56,K5_20250607_150133,1749283293.9729857,5
-1.5182784823168731,-6.362792789728701,-7.365104558807616,-1.710908692529074,34.5,47.57,K5_20250607_150133,1749283293.9729857,6
-2.4863372787988283,-6.1250777807827035,-7.123514506385618,-0.6507985489083694,34.5,47.56,K5_20250607_150133,1749283293.9729857,7
-1.422454871762966,-5.649647762889799,-6.640334401539803,-0.5305782616665056,34.5,47.54,K5_20250607_150133,1749283293.9729857,8
-2.8687856217472927,-7.074875735299429,-8.069176871693344,-1.8658214967720141,34.51,47.55,K5_20250607_150133,1749283293.9729857,9
-2.390513668244921,-5.411932753943802,-6.3987443491178055,-1.470468118045801,34.5,47.53,K5_20250607_150133,1749283293.9729857,10
-2.645197197121661,-5.410870672674719,-6.378046504736631,-0.44505049142662756,34.51,47.48,K5_20250607_150133,1749283293.9729857,11
-2.709079604157523,-5.8863006905685324,-6.861226609581536,-1.5652707786680367,34.51,47.5,K5_20250607_150133,1749283293.9729857,12
-2.8049032147114303,-6.599445717407434,-7.585996766848439,-1.7456012095303777,34.51,47.53,K5_20250607_150133,1749283293.9729857,13
-2.2627488541731964,-4.461072718157993,-5.432384139427995,-1.2300275435627555,34.5,47.49,K5_20250607_150133,1749283293.9729857,14
-3.5378586970905417,-8.261326617495797,-9.235731445042802,-2.1155369616376447,34.53,47.5,K5_20250607_150133,1749283293.9729857,15
-1.6451971971216608,-5.410870672674719,-6.378046504736631,-1.4450504914266276,34.51,47.48,K5_20250607_150133,1749283293.9729857,16
-2.9203070400392335,-9.211124572013432,-10.181393810350528,-2.330559909501517,34.54,47.49,K5_20250607_150133,1749283293.9729857,17
-2.5378586970905417,-8.261326617495797,-9.235731445042802,-2.1155369616376447,34.53,47.5,K5_20250607_150133,1749283293.9729857,18
-2.505917493572724,-8.0236116085498,-8.994141392619895,-2.055426818016713,34.53,47.49,K5_20250607_150133,1749283293.9729857,19
-2.8883658365211886,-8.973409563066525,-9.93980375792853,-2.270449765880585,34.54,47.48,K5_20250607_150133,1749283293.9729857,20
-1.741020807675568,-6.12401569951453,-7.102816662003534,-0.6253809222889686,34.51,47.51,K5_20250607_150133,1749283293.9729857,21
-1.613255993603616,-5.173155663728721,-6.136456452313723,-1.3849403478056956,34.51,47.47,K5_20250607_150133,1749283293.9729857,22
-3.7154527309201058,-7.542871184315118,-8.407472065868205,-1.808118397679209,34.58,47.22,K5_20250607_150133,1749283293.9729857,23
-1.128215245965066,11.712044540343413,11.16132218034727,3.060803235604453,34.58,46.41,K5_20250607_150133,1749283293.9729857,24
0.08724268625155673,22.55077918598454,22.24858069991933,4.3575862443649385,34.6,45.77,K5_20250607_150133,1749283293.9729857,25
-0.4754031554400626,32.24795458857261,33.12013305892833,4.062542707300054,34.6,45.32,K5_20250607_150133,1749283293.9729857,26
0.03650220011422789,37.95417688455382,38.93899216144837,3.5306037808181827,34.61,45.03,K5_20250607_150133,1749283293.9729857,27
-0.13302650841865216,44.13476711716066,45.220333524431226,3.0934675149585473,34.61,44.77,K5_20250607_150133,1749283293.9729857,28
-0.6104523626543141,44.37460628864301,44.50331926561557,2.204412911817826,34.63,44.66,K5_20250607_150133,1749283293.9729857,29
-0.6539084556493435,47.70049225135699,47.84418431076756,1.9951196692704798,34.61,44.62,K5_20250607_150133,1749283293.9729857,30
0.1118343295147497,50.50287031323023,51.68892730514381,0.9314643405834886,34.6,44.51,K5_20250607_150133,1749283293.9729857,31
-3.163275513402823,46.70261641389243,47.885579999529,-0.9540450774914007,34.63,44.52,K5_20250607_150133,1749283293.9729857,32
-2.1747904028798075,50.26621738555241,51.468035097102984,-1.1032281764178151,34.61,44.47,K5_20250607_150133,1749283293.9729857,33
-3.779981071187194,49.555196521248945,49.78466062859843,-1.2327233540418092,34.63,44.4,K5_20250607_150133,1749283293.9729857,34
-3.5883338500793798,49.98148657492766,51.23420094313224,-1.8720624923171272,34.63,44.34,K5_20250607_150133,1749283293.9729857,35
-4.141157000827889,53.30949670017708,53.61646167704657,-1.030520481626354,34.63,44.2,K5_20250607_150133,1749283293.9729857,36
-4.056848279751193,57.58624269867687,57.92368693188837,-0.9993731496904275,34.61,44.12,K5_20250607_150133,1749283293.9729857,37
-4.6931340523094605,58.54028897826629,58.952140674720795,-0.6826796953498615,34.64,43.93,K5_20250607_150133,1749283293.9729857,38
-5.629251645273598,58.015718996159194,59.4353207795657,-1.562459408108225,34.64,43.91,K5_20250607_150133,1749283293.9729857,39
-6.3417808136118765,60.15515407667681,60.60963125136732,-1.021468115521202,34.64,43.82,K5_20250607_150133,1749283293.9729857,40
-6.119038488253182,58.91637698646173,60.347343354564146,-2.10699588576108,34.63,43.88,K5_20250607_150133,1749283293.9729857,41
-7.023214877699274,59.62952201330154,61.07211351183105,-1.926665454898739,34.63,43.85,K5_20250607_150133,1749283293.9729857,42
-6.418024209391888,60.34054287760409,60.7554879803356,-1.7971702772747449,34.61,43.92,K5_20250607_150133,1749283293.9729857,43
-8.43845052343272,56.539226896998116,56.93144283033962,-2.708097321969035,34.63,43.98,K5_20250607_150133,1749283293.9729857,44
-7.961024669197286,56.29938772551577,56.64845708915527,-2.8190427188280864,34.61,44.09,K5_20250607_150133,1749283293.9729857,45
-7.590937314993198,58.910004498853596,59.223156288276186,-2.259501645476348,34.57,44.18,K5_20250607_150133,1749283293.9729857,46
-8.260856489603157,55.820771463819256,55.10318345116593,-4.015515885927471,34.58,44.26,K5_20250607_150133,1749283293.9729857,47
-8.101996571280552,55.10656435571127,54.357715449517855,-4.221263943408985,34.57,44.34,K5_20250607_150133,1749283293.9729857,48
-9.696518449377436,48.929160366908945,48.13846761967761,-5.707874797691829,34.6,44.45,K5_20250607_150133,1749283293.9729857,49
-9.64499703108595,51.06540920362204,50.250684558336616,-5.243136384962327,34.57,44.51,K5_20250607_150133,1749283293.9729857,50
-10.88816567048525,47.50287031323023,46.68892730514381,-6.068535659416511,34.6,44.51,K5_20250607_150133,1749283293.9729857,51
-8.1143575600247,55.76738317453055,55.986752283330134,-4.876745817921119,34.54,44.42,K5_20250607_150133,1749283293.9729857,52
-8.539415896701485,59.04625333556578,59.33537322693337,-3.794763232747073,34.54,44.24,K5_20250607_150133,1749283293.9729857,53
-8.825194529829105,60.71238256072684,61.06789928265334,-3.3231569741633393,34.56,44.07,K5_20250607_150133,1749283293.9729857,54
-8.645062198198502,65.70227358606462,66.09989469476113,-2.1116792113650718,34.54,43.96,K5_20250607_150133,1749283293.9729857,55
-8.102907837660041,67.84064658531406,67.25350732218067,-1.5961055453972222,34.53,43.92,K5_20250607_150133,1749283293.9729857,56
-8.645062198198502,65.70227358606462,65.09989469476113,-2.1116792113650718,34.54,43.96,K5_20250607_150133,1749283293.9729857,57
-7.753246797496558,65.64994737804682,66.00416137130651,-1.9474915167395466,34.51,44.07,K5_20250607_150133,1749283293.9729857,58
-7.530504472137864,65.41117028783174,65.74187347450243,-2.033019286979652,34.5,44.13,K5_20250607_150133,1749283293.9729857,59
-7.766453885507644,65.4079840440263,65.6797799413589,-2.1092721668371723,34.47,44.28,K5_20250607_150133,1749283293.9729857,60
-9.392916967122801,58.992865046278894,59.21894205909757,-3.655993164740721,34.5,44.4,K5_20250607_150133,1749283293.9729857,61
-8.533042769938902,59.702823829313274,58.88161868322095,-3.551915613736128,34.47,44.52,K5_20250607_150133,1749283293.9729857,62
-8.884396008636486,57.087958730902756,56.224128106574426,-4.21312719356456,34.47,44.63,K5_20250607_150133,1749283293.9729857,63
-8.024521811452587,57.797917513938046,56.886804730697804,-4.109049642559967,34.44,44.75,K5_20250607_150133,1749283293.9729857,64
-10.04494812549342,52.99660153333116,53.06275958070182,-5.019976687254257,34.46,44.81,K5_20250607_150133,1749283293.9729857,65
-10.140771736047327,52.28345650649226,52.33798942343401,-4.200307118116598,34.46,44.84,K5_20250607_150133,1749283293.9729857,66
-8.769838282575847,56.79685543266987,56.86610688631572,-3.13446726917914,34.43,44.8,K5_20250607_150133,1749283293.9729857,67
-7.271140015032643,62.261114394632386,61.36058455888724,-2.8281868457588644,34.4,44.72,K5_20250607_150133,1749283293.9729857,68
-7.493882340391565,61.49989148484656,61.62287245569132,-2.742659075518759,34.41,44.66,K5_20250607_150133,1749283293.9729857,69
-6.60037474115552,66.25312958250652,66.43397565975829,-1.5658738297224772,34.4,44.51,K5_20250607_150133,1749283293.9729857,70
-6.898514363027516,69.58007762648776,69.79553854929054,-0.7497494456506502,34.39,44.42,K5_20250607_150133,1749283293.9729857,71
-6.005852863058408,71.43053357130793,72.65322348959671,-0.07926297543963301,34.37,44.4,K5_20250607_150133,1749283293.9729857,72
-5.495639706038219,73.33119156161138,73.56524606459425,0.37620054690728466,34.36,44.37,K5_20250607_150133,1749283293.9729857,73
-6.7511693341818955,71.42947149003976,71.63252564521463,-0.10468060205903384,34.36,44.45,K5_20250607_150133,1749283293.9729857,74
-5.603824305336275,74.27886535359175,74.46951274114053,0.5403882415328098,34.33,44.48,K5_20250607_150133,1749283293.9729857,75
-4.966692433511298,75.22760122684122,75.39447726206708,0.7299935627775085,34.31,44.54,K5_20250607_150133,1749283293.9729857,76
-6.051001154587766,70.95085522834233,71.0872520072262,-1.3011537691581907,34.33,44.62,K5_20250607_150133,1749283293.9729857,77
-5.573575300352559,69.71101605685908,70.80426626604094,-1.4120991660174695,34.31,44.73,K5_20250607_150133,1749283293.9729857,78
-5.956869742568188,66.85843594950256,67.90518563697151,-1.1334208894668336,34.31,44.85,K5_20250607_150133,1749283293.9729857,79
-4.682605998917552,68.75590769600058,68.75511467882552,-0.7542102469774363,34.27,44.97,K5_20250607_150133,1749283293.9729857,80
-4.523746080594719,68.0417005878935,68.00964667717744,-0.9599583044589508,34.26,45.05,K5_20250607_150133,1749283293.9729857,81
-4.492650976343839,66.37663344400062,66.29781846583865,-1.4061469364237382,34.25,45.17,K5_20250607_150133,1749283293.9729857,82
-3.7596954939647276,68.03851434408898,67.94755314403392,-1.0362111843164712,34.23,45.2,K5_20250607_150133,1749283293.9729857,83
-4.185599929908449,70.41460235228442,70.34275582387636,-0.46052737472791705,34.22,45.15,K5_20250607_150133,1749283293.9729857,84
-2.197114819385888,73.97820332394349,73.92521092144943,0.39028952634521374,34.2,45.1,K5_20250607_150133,1749283293.9729857,85
-2.5271956447752473,77.06743635897874,77.04518375855969,1.1463037667963363,34.19,45.02,K5_20250607_150133,1749283293.9729857,86
-2.1758424060776633,79.68230145738926,78.70267433520621,1.8075153466247684,34.19,44.91,K5_20250607_150133,1749283293.9729857,87
-1.1234748885192403,82.72133244694123,82.76830953762328,2.7785525349395357,34.17,44.84,K5_20250607_150133,1749283293.9729857,88
-0.6771441385344588,84.14656041935268,84.19715200777773,3.1137957700452716,34.16,44.83,K5_20250607_150133,1749283293.9729857,89
-1.8049089526064108,82.19570038356687,82.23079179808883,2.873355195562226,34.16,44.87,K5_20250607_150133,1749283293.9729857,90
-0.370939191366233,85.28174717479669,85.28867110205374,3.553116556155601,34.12,44.94,K5_20250607_150133,1749283293.9729857,91
-1.1366819765305536,81.47936911292254,81.44392810767658,2.61677188484191,34.13,45.05,K5_20250607_150133,1749283293.9729857,92
-0.05406545398818707,81.95055080574184,81.84431683499497,2.635321665606625,34.09,45.23,K5_20250607_150133,1749283293.9729857,93
-0.37347748916772616,79.57340071627823,79.42841631077135,2.03422022939867,34.09,45.33,K5_20250607_150133,1749283293.9729857,94
0.5183379115342177,80.52107450825861,80.33268298731673,2.1984079240244228,34.06,45.44,K5_20250607_150133,1749283293.9729857,95
0.16698467283663376,77.90620940984809,77.6751924106702,1.5371963441957632,34.06,45.55,K5_20250607_150133,1749283293.9729857,96
-0.34407458345071973,74.10276926670667,73.80975157191187,0.5754340462631262,34.06,45.71,K5_20250607_150133,1749283293.9729857,97
-0.6430603045894259,75.52693515784904,75.21789619768424,0.8852596547494613,34.04,45.75,K5_20250607_150133,1749283293.9729857,98
0.0898951777894581,76.18881605793649,76.8676308758777,2.255195406856501,34.02,45.78,K5_20250607_150133,1749283293.9729857,99
1.3650050207070308,79.9890699572743,80.6709781814925,2.1407048249313902,33.99,45.77,K5_20250607_150133,1749283293.9729857,100
0.0,0.0,0.0,0.0,34.67,47.61,K6_20250607_151206,1749283926.9308522,1
-0.44633074998432676,-1.4252279724105392,-1.428842470152631,-0.3352432351052812,34.68,47.62,K6_20250607_151206,1749283926.9308522,2
-0.35050713943041956,-0.712082945570728,-0.704072312885728,-0.15491280424294018,34.68,47.59,K6_20250607_151206,1749283926.9308522,3
-0.3185659359123747,-0.47436793662473065,0.5375177395371793,-0.09480266062223563,34.68,47.58,K6_20250607_151206,1749283926.9308522,4
-1.2112274358817103,-3.324823881445809,-3.3201672007699017,-0.7652891308332528,34.7,47.6,K6_20250607_151206,1749283926.9308522,5
-0.24316863939952782,-3.5625388903918065,-3.561757253192809,-0.8253992744539573,34.7,47.61,K6_20250607_151206,1749283926.9308522,6
-0.14734502884562062,-2.849393863552905,-2.8369870959249965,-0.6450688435916163,34.7,47.58,K6_20250607_151206,1749283926.9308522,7
-1.2751098429175727,-3.8002538993387134,-3.803347305614807,0.11449058192511075,34.7,47.62,K6_20250607_151206,1749283926.9308522,8
-0.2866247323945572,-0.23665292767873325,-0.22089220804082288,0.9653074829984689,34.68,47.57,K6_20250607_151206,1749283926.9308522,9
-1.1792862323636655,-3.0871088724998117,-3.078577148347904,0.29482101278745176,34.7,47.59,K6_20250607_151206,1749283926.9308522,10
-1.4978521682760402,-3.561476809123633,-3.541059408809815,0.20001835216498876,34.71,47.56,K6_20250607_151206,1749283926.9308522,11
-2.0400065288145015,-5.699849808373074,-5.6946720362302585,-1.3155553138026335,34.72,47.6,K6_20250607_151206,1749283926.9308522,12
-1.4978521682760402,-3.561476809123633,-3.541059408809815,-0.7999816478350112,34.71,47.56,K6_20250607_151206,1749283926.9308522,13
-1.6256169823479922,-4.512336844909441,-3.5074196184996254,-1.0404222223180568,34.71,47.6,K6_20250607_151206,1749283926.9308522,14
-3.2512339646959845,-9.024673689817064,-8.01483923700016,-2.0808444446361136,34.75,47.59,K6_20250607_151206,1749283926.9308522,15
-1.9761241217784118,-5.2244197904801695,-4.211491931385353,-0.195335026560997,34.72,47.58,K6_20250607_151206,1749283926.9308522,16
-2.772962011193613,-7.361730708460527,-6.344406714425531,-0.6854910659096731,34.74,47.57,K6_20250607_151206,1749283926.9308522,17
-1.7090796041577505,-6.8863006905685324,-5.861226609580626,-0.5652707786680367,34.74,47.55,K6_20250607_151206,1749283926.9308522,18
-1.8049032147114303,-7.599445717407434,-6.585996766847529,-1.7456012095303777,34.74,47.58,K6_20250607_151206,1749283926.9308522,19
-2.1234691506240324,-8.073813654031255,-7.04847902731035,-1.8404038701528407,34.75,47.55,K6_20250607_151206,1749283926.9308522,20
-2.05958674358817,-7.5983836361392605,-6.565298922465445,-1.7201835829112042,34.75,47.53,K6_20250607_151206,1749283926.9308522,21
-1.7090796041577505,-6.8863006905685324,-5.861226609580626,-1.5652707786680367,34.74,47.55,K6_20250607_151206,1749283926.9308522,22
-2.249541766161883,-5.219109384139301,-4.108002709479479,-1.0682468934651297,34.77,47.33,K6_20250607_151206,1749283926.9308522,23
-2.2248849557859103,7.096117360664721,9.48313375932048,2.3741740291566202,34.8,46.62,K6_20250607_151206,1749283926.9308522,24
0.20095431304525846,21.356893734911864,21.937141215901647,3.9299473931650937,34.78,46.12,K6_20250607_151206,1749283926.9308522,25
-0.5737650637950082,25.826463103215247,27.53510811038177,2.3633159496816916,34.8,45.79,K6_20250607_151206,1749283926.9308522,26
-0.01033828994900432,33.668934235909546,35.46618415155717,3.2961154359288685,34.78,45.56,K6_20250607_151206,1749283926.9308522,27
-0.45582294066639406,34.14648841633971,34.99075994516534,2.4671709764090792,34.8,45.44,K6_20250607_151206,1749283926.9308522,28
-2.1994472132557803,37.950990640750206,38.87689862830484,2.454350900960435,34.81,45.23,K6_20250607_151206,1749283926.9308522,29
-1.2420572069838727,43.17965875630216,44.171181937217625,2.751356433998808,34.8,45.06,K6_20250607_151206,1749283926.9308522,30
-0.635174340142612,46.696243926284296,47.76139293324377,1.893449162793786,34.8,44.87,K6_20250607_151206,1749283926.9308522,31
-0.32727719444005743,51.63699498740698,53.75974855503955,2.3453675000746443,34.78,44.72,K6_20250607_151206,1749283926.9308522,32
-1.3140701064289715,51.87895832142749,54.08412998498807,2.50714815017227,34.82,44.51,K6_20250607_151206,1749283926.9308522,33
-2.6760921353368303,54.73047634751492,56.96251276967541,2.2030522470024607,34.81,44.44,K6_20250607_151206,1749283926.9308522,34
-2.6441509318187855,53.96819135646183,56.20410282209741,2.2631623906231653,34.81,44.43,K6_20250607_151206,1749283926.9308522,35
-3.580268524782923,54.443621374354734,56.687282926943226,1.3833826778648017,34.81,44.41,K6_20250607_151206,1749283926.9308522,36
-5.154364088839202,52.067533366158386,54.292080247099875,-0.1923011317237524,34.82,44.46,K6_20250607_151206,1749283926.9308522,37
-4.995504170516369,51.35332625805131,53.54661224545089,-1.3980491892054943,34.81,44.54,K6_20250607_151206,1749283926.9308522,38
-7.366437623987622,46.839927331873696,49.01849478256918,-2.463889038142497,34.84,44.58,K6_20250607_151206,1749283926.9308522,39
-6.251033798660046,49.451606186479694,50.61389182607218,-1.8789303381718128,34.81,44.62,K6_20250607_151206,1749283926.9308522,40
-6.6973645486446,48.026378214070064,49.185049355918636,-2.214173573277094,34.82,44.63,K6_20250607_151206,1749283926.9308522,41
-9.259945223223667,42.086689234214646,43.20739157850312,-3.6406742839390063,34.85,44.73,K6_20250607_151206,1749283926.9308522,42
-7.7620930549474,45.64816604333828,46.748450987313845,-2.8406926361042224,34.81,44.78,K6_20250607_151206,1749283926.9308522,43
-9.176482601413909,43.46065307987374,45.56119856958321,-3.115825727588799,34.82,44.78,K6_20250607_151206,1749283926.9308522,44
-8.889857869019352,43.69730600755247,44.782090777624035,-4.081133210587268,34.81,44.82,K6_20250607_151206,1749283926.9308522,45
-8.60238703735763,45.836741088070085,46.95640124942565,-3.540141918000245,34.81,44.73,K6_20250607_151206,1749283926.9308522,46
-9.092173880337214,46.73739907837262,48.8684238244241,-3.0846783956531,34.8,44.7,K6_20250607_151206,1749283926.9308522,47
-8.772761845157675,49.11454916783623,51.284324348647715,-2.483576959445145,34.8,44.6,K6_20250607_151206,1749283926.9308522,48
-8.708879438121585,49.589979185729135,51.76750445349353,-2.363356672203736,34.8,44.58,K6_20250607_151206,1749283926.9308522,49
-7.496805902973165,54.817585220012916,57.04108991802241,-1.091768765784991,34.78,44.46,K6_20250607_151206,1749283926.9308522,50
-7.954651542434931,56.95595821926236,58.19470254544285,-0.5761950998173688,34.77,44.42,K6_20250607_151206,1749283926.9308522,51
-9.46486469945512,55.05530022895982,56.282679970445315,-1.0316586221642865,34.78,44.45,K6_20250607_151206,1749283926.9308522,52
-8.413343281163634,57.191549065673826,58.39489690910341,-1.5669202094347838,34.75,44.51,K6_20250607_151206,1749283926.9308522,53
-9.306004781132515,53.34109312085275,55.53721196879633,-2.2374066796460284,34.77,44.53,K6_20250607_151206,1749283926.9308522,54
-7.3618218628719205,58.32779790238601,59.50711384776059,-1.1021817967052812,34.72,44.57,K6_20250607_151206,1749283926.9308522,55
-8.63777780505643,52.624761850209325,53.75034827838499,-3.4939899903656624,34.74,44.71,K6_20250607_151206,1749283926.9308522,56
-9.211873369112709,50.248673842013886,51.35514559854346,-4.069673799954444,34.75,44.76,K6_20250607_151206,1749283926.9308522,57
-9.989131043754014,50.009896751798806,51.09285770173847,-4.155201570194549,34.74,44.82,K6_20250607_151206,1749283926.9308522,58
-8.777903607872304,53.334720633242796,54.41302490250837,-3.389912439361069,34.71,44.83,K6_20250607_151206,1749283926.9308522,59
-9.032587136749044,53.33578271451188,54.43372274688954,-3.3644948127416683,34.72,44.78,K6_20250607_151206,1749283926.9308522,60
-9.363514061406022,53.52223359670643,55.60027732023809,-3.1147793478764925,34.7,44.83,K6_20250607_151206,1749283926.9308522,61
-9.235749247334297,54.47309363249224,55.5666375299279,-2.8743387733932195,34.7,44.79,K6_20250607_151206,1749283926.9308522,62
-8.2792053403291,57.79897959520622,58.90750257507989,-2.083632015940566,34.68,44.75,K6_20250607_151206,1749283926.9308522,63
-6.844389479821757,62.78780853927492,63.918800142806504,-0.8975718797619265,34.65,44.69,K6_20250607_151206,1749283926.9308522,64
-7.481521351647416,60.83907266602637,61.99383562187904,-1.0871772010068526,34.67,44.63,K6_20250607_151206,1749283926.9308522,65
-6.110587898175936,65.35247159220307,66.52195308476075,-0.021337352069622284,34.64,44.59,K6_20250607_151206,1749283926.9308522,66
-6.174470305211798,64.87704157431017,66.03877297991585,-0.14155763931103138,34.64,44.61,K6_20250607_151206,1749283926.9308522,67
-6.919786776335286,64.875979493042,65.01807513553467,-0.16697526593020484,34.63,44.66,K6_20250607_151206,1749283926.9308522,68
-6.2826549045098545,64.82471536629146,66.94303965646213,0.022630055314493802,34.61,44.72,K6_20250607_151206,1749283926.9308522,69
-6.378478515063762,64.11157033945256,65.21826949919523,-0.15770037554784722,34.61,44.75,K6_20250607_151206,1749283926.9308522,70
-6.219618596740929,63.39736323134457,64.47280149754533,-0.36344843302958907,34.6,44.83,K6_20250607_151206,1749283926.9308522,71
-5.55054552139768,64.58381411354094,65.6393560708957,-0.1137329681639585,34.58,44.88,K6_20250607_151206,1749283926.9308522,72
-5.295861992521395,64.58275203227277,65.61865822651453,-0.13915059478313196,34.57,44.93,K6_20250607_151206,1749283926.9308522,73
-5.721766428465116,66.9588400404673,68.01386090635697,0.4365332148054222,34.56,44.88,K6_20250607_151206,1749283926.9308522,74
-5.945354853090748,65.29483497784258,66.32273053939934,0.01576220945980822,34.56,44.95,K6_20250607_151206,1749283926.9308522,75
-4.7021862136912205,67.85737386823439,69.88448779259124,0.8411614839139929,34.53,44.95,K6_20250607_151206,1749283926.9308522,76
-3.4909587778097375,71.1821977496802,72.20465499336115,1.6064506147472457,34.5,44.96,K6_20250607_151206,1749283926.9308522,77
-3.2477901384102097,73.74473664007019,75.76641224655395,2.4318498892014304,34.47,44.96,K6_20250607_151206,1749283926.9308522,78
-4.172392841897135,71.65656568630402,72.66713725382488,1.7012532753697087,34.49,44.99,K6_20250607_151206,1749283926.9308522,79
-3.18390773137412,74.220166657964,76.24959235139886,2.552070176443067,34.47,44.94,K6_20250607_151206,1749283926.9308522,80
-3.2477901384102097,73.74473664007019,74.76641224655395,2.4318498892014304,34.47,44.96,K6_20250607_151206,1749283926.9308522,81
-3.0242017137843504,75.4087417026949,76.45754261351067,2.8526208945470444,34.47,44.89,K6_20250607_151206,1749283926.9308522,82
-1.3666435279185407,80.15879355655125,81.2065522844332,3.9531532604858057,34.43,44.89,K6_20250607_151206,1749283926.9308522,83
-1.7295116560933366,81.1075294298007,82.13151680536066,3.1427585817305044,34.41,44.95,K6_20250607_151206,1749283926.9308522,84
-1.4428869236987794,81.34418235747853,82.35240901340148,3.1774510987320355,34.4,44.99,K6_20250607_151206,1749283926.9308522,85
-2.144747301826783,78.01723431349728,78.99084612386923,2.3613267146604358,34.41,45.08,K6_20250607_151206,1749283926.9308522,86
-1.507615430001806,77.96597018674584,79.91581064479578,2.550932035904907,34.39,45.14,K6_20250607_151206,1749283926.9308522,87
-0.5838588257818174,79.15135898767312,81.06166737376407,3.7752298741511368,34.36,45.24,K6_20250607_151206,1749283926.9308522,88
-1.3176604074278657,75.58669593474588,77.45851443180891,2.8989953464588325,34.37,45.34,K6_20250607_151206,1749283926.9308522,89
0.46681649324295904,79.38482567154642,80.22046604866046,3.73366951129492,34.32,45.43,K6_20250607_151206,1749283926.9308522,90
-0.20310268136745435,76.29559263651208,77.10049321155111,2.977655270844025,34.33,45.51,K6_20250607_151206,1749283926.9308522,91
-0.044242763044621825,75.5813855284041,76.35502520990212,2.7719072133625104,34.32,45.59,K6_20250607_151206,1749283926.9308522,92
0.3382055799038426,76.53118348292173,77.30068757520985,2.9869301612263826,34.31,45.6,K6_20250607_151206,1749283926.9308522,93
0.9753374517290467,76.4799193561712,78.22565209613731,3.176535482471081,34.29,45.66,K6_20250607_151206,1749283926.9308522,94
1.9949176665027153,78.37845318393738,80.0962789823725,4.581163751579879,34.26,45.73,K6_20250607_151206,1749283926.9308522,95
1.8671528524309906,77.42759314815157,79.12991877268269,4.340723177096606,34.26,45.77,K6_20250607_151206,1749283926.9308522,96
1.918674270722704,79.56384198486467,81.24213571134078,4.805461589826109,34.23,45.83,K6_20250607_151206,1749283926.9308522,97
1.2176599918616375,78.1396760937223,79.83399108556841,4.495635981339774,34.25,45.79,K6_20250607_151206,1749283926.9308522,98
3.799820881214373,85.97789890134482,86.68227574922003,6.326764961110257,34.19,45.76,K6_20250607_151206,1749283926.9308522,99
3.831762084732418,86.21561391029081,86.92386580164293,6.386875104731189,34.19,45.75,K6_20250607_151206,1749283926.9308522,100
0.0,0.0,0.0,0.0,35.86,57.5,K1_20250607_155846,1749286726.2280788,1
-1.0,0.0,-1.0,1.0,35.86,57.5,K1_20250607_155846,1749286726.2280788,2
-0.8402939824102305,0.18857504473180597,0.2079502621127176,1.3005507181039775,35.86,57.45,K1_20250607_155846,1749286726.2280788,3
-2.1792862323636655,-4.087108872499812,-4.078577148346994,0.29482101278745176,35.89,57.48,K1_20250607_155846,1749286726.2280788,4
-2.8803005112245046,-5.511274763641268,-6.48672177411845,-1.015004595698656,35.91,57.44,K1_20250607_155846,1749286726.2280788,5
-2.75253569715278,-5.560414727855459,-6.52036156442864,-1.7745640212156104,35.91,57.4,K1_20250607_155846,1749286726.2280788,6
-3.2627488541734238,-7.461072718158903,-8.432384139427086,-2.2300275435627555,35.92,57.43,K1_20250607_155846,1749286726.2280788,7
-2.8164181041886422,-6.0358447457483635,-8.003541669273545,-1.8947843084572469,35.91,57.42,K1_20250607_155846,1749286726.2280788,8
-2.4535499760138464,-6.984580618997825,-8.928506190200096,-2.084389629701718,35.93,57.36,K1_20250607_155846,1749286726.2280788,9
-1.9752780225117021,-6.321637637642198,-7.258073667626377,-1.6890362509757324,35.92,57.34,K1_20250607_155846,1749286726.2280788,10
-2.357726365459939,-7.271435592158923,-8.203736032933193,-1.9040591988393771,35.93,57.33,K1_20250607_155846,1749286726.2280788,11
-4.250387865429275,-11.121891536979092,-11.061420973240274,-2.5745456690506217,35.95,57.35,K1_20250607_155846,1749286726.2280788,12
-4.154564254875368,-10.40874651014019,-11.336650815972462,-1.3942152381882806,35.95,57.32,K1_20250607_155846,1749286726.2280788,13
-4.473130190787742,-10.883114446764012,-11.799133076436192,-1.4890178988105163,35.96,57.29,K1_20250607_155846,1749286726.2280788,14
-4.8990346267314635,-8.507026438568573,-10.40393039659375,-0.9133340892219621,35.95,57.24,K1_20250607_155846,1749286726.2280788,15
-6.620475219633363,-13.732508310316916,-15.636120172361188,-2.13408674240236,35.99,57.26,K1_20250607_155846,1749286726.2280788,16
-6.078320859094674,-12.594135311066566,-13.482507544939835,-0.618513076434283,35.98,57.22,K1_20250607_155846,1749286726.2280788,17
-6.269121980935779,-12.117643211906397,-13.978629595714665,-0.47287516257370044,35.99,57.15,K1_20250607_155846,1749286726.2280788,18
-6.939041155545965,-15.206876246940737,-17.09860243282401,-1.2288894030245956,36.0,57.23,K1_20250607_155846,1749286726.2280788,19
-5.88667363798686,-12.167845257387853,-13.03296723040512,-0.25785221470960096,35.98,57.16,K1_20250607_155846,1749286726.2280788,20
-7.2887021957094476,-15.016177039672584,-15.849256481949851,-0.8775034316824986,36.02,57.08,K1_20250607_155846,1749286726.2280788,21
-6.934810659210598,-6.6929654827436025,-7.331511114020941,1.3026044749028642,36.05,56.58,K1_20250607_155846,1749286726.2280788,22
-4.433574093866355,3.4796399377373746,3.0232213498329656,36.12778122507984,36.05,56.11,K1_20250607_155846,1749286726.2280788,23
-4.336058284778574,7.998349270254948,7.65482803462146,85.32070920711294,36.07,55.82,K1_20250607_155846,1749286726.2280788,24
-3.729175417937313,12.514934440236175,12.245039030647604,121.46280193590769,36.07,55.63,K1_20250607_155846,1749286726.2280788,25
-4.620990818639257,10.567260648255797,11.340772354100409,140.29861424128217,36.1,55.52,K1_20250607_155846,1749286726.2280788,26
-4.301578783459718,12.944410737719409,13.756672878324935,148.89971567749012,36.1,55.42,K1_20250607_155846,1749286726.2280788,27
-4.74706343417688,13.42196491814957,14.281248671934009,151.07077121797033,36.12,55.3,K1_20250607_155846,1749286726.2280788,28
-5.830526055986638,11.04800107248957,12.927441680853008,152.54592266162012,36.15,55.25,K1_20250607_155846,1749286726.2280788,29
-7.435716724293798,10.336980208186105,12.244067212348455,154.41642748399613,36.17,55.18,K1_20250607_155846,1749286726.2280788,30
-7.861621160237291,12.713068216382453,14.639269892190896,158.99211129358468,36.16,55.13,K1_20250607_155846,1749286726.2280788,31
-9.264495817226589,7.96195428125975,9.869562376887188,158.86616130102675,36.19,55.18,K1_20250607_155846,1749286726.2280788,32
-9.072848596119002,9.388244334937554,11.319102691421904,159.22682216275143,36.19,55.12,K1_20250607_155846,1749286726.2280788,33
-8.78537776445728,11.527679415456078,13.493413163223522,159.76781345533846,36.19,55.03,K1_20250607_155846,1749286726.2280788,34
-11.816472868708388,12.192746559348052,15.2052413745605,155.21400208730324,36.2,54.91,K1_20250607_155846,1749286726.2280788,35
-12.453604740533365,11.2440106860995,14.28027685363486,144.02439676605832,36.22,54.85,K1_20250607_155846,1749286726.2280788,36
-14.357781129979458,11.957155712938402,15.005047010901762,141.20472719692066,36.22,54.82,K1_20250607_155846,1749286726.2280788,37
-15.51664104830229,12.671362821045477,14.75051501255075,141.4104752544024,36.23,54.74,K1_20250607_155846,1749286726.2280788,38
-15.867148187732937,10.95927987547384,13.046442699664112,140.25556245015923,36.24,54.72,K1_20250607_155846,1749286726.2280788,39
-16.727868484184,8.346538939601487,10.430347811781758,139.64518612356915,36.26,54.73,K1_20250607_155846,1749286726.2280788,40
-18.568162466594003,9.535113984333293,12.638298073893566,139.94573684167312,36.26,54.68,K1_20250607_155846,1749286726.2280788,41
-18.34457404196837,10.199119046958003,14.329428440850279,140.3665078470185,36.26,54.61,K1_20250607_155846,1749286726.2280788,42
-19.790904791952926,7.773891074547464,12.900585970696739,140.031264611913,36.27,54.62,K1_20250607_155846,1749286726.2280788,43
-19.727022384916836,8.249321092440368,13.383766075541644,140.1514848991544,36.27,54.6,K1_20250607_155846,1749286726.2280788,44
-20.587742681367672,5.636580156566197,10.76767118765747,143.54110857256433,36.29,54.61,K1_20250607_155846,1749286726.2280788,45
-19.408456449004234,8.723689029065099,12.846248336005374,146.24628755977687,36.26,54.63,K1_20250607_155846,1749286726.2280788,46
-20.779389902475486,4.210290102887484,8.318130873122755,146.18044771083964,36.29,54.67,K1_20250607_155846,1749286726.2280788,47
-19.886728402506833,6.060746047707653,11.175815813428926,146.85093418105043,36.27,54.65,K1_20250607_155846,1749286726.2280788,48
-19.950610809542695,5.585316029814749,10.692635708584021,148.7307138938088,36.27,54.67,K1_20250607_155846,1749286726.2280788,49
-21.587742681367672,4.636580156566197,9.76767118765747,148.54110857256433,36.29,54.61,K1_20250607_155846,1749286726.2280788,50
-20.567316367327066,8.437896137172174,12.591716337653452,149.4520356172584,36.27,54.55,K1_20250607_155846,1749286726.2280788,51
-22.396095460259858,5.06287021024491,10.217211502192185,137.901769434289,36.29,54.55,K1_20250607_155846,1749286726.2280788,52
-23.71466139617246,4.588502273620179,9.754729241728455,137.80696677366677,36.3,54.52,K1_20250607_155846,1749286726.2280788,53
-25.09710973912138,3.638704319102544,8.80906687642073,137.59194382580267,36.31,54.51,K1_20250607_155846,1749286726.2280788,54
-25.30027184970595,5.776015237083811,9.941981659459088,139.08209986515135,36.29,54.52,K1_20250607_155846,1749286726.2280788,55
-25.778543803208322,4.113072255727275,8.27154913688355,141.68674648642514,36.3,54.54,K1_20250607_155846,1749286726.2280788,56
-25.87436741376223,2.399927228888373,7.546778979616647,142.5064160555628,36.3,54.57,K1_20250607_155846,1749286726.2280788,57
-25.663139977880974,5.724751110332363,10.86694618038564,144.27170518639605,36.27,54.58,K1_20250607_155846,1749286726.2280788,58
-27.459977867295947,2.5874401923520054,8.73403139734728,143.7815491470476,36.29,54.57,K1_20250607_155846,1749286726.2280788,59
-27.52386027433181,2.112010174459101,8.250851292502375,143.66132885980596,36.29,54.59,K1_20250607_155846,1749286726.2280788,60
-27.810485006726367,1.8753572467812774,7.029959084461552,142.62663634280443,36.3,54.55,K1_20250607_155846,1749286726.2280788,61
-26.993220803270788,6.813984145368522,12.986919017496803,142.02771942684717,36.26,54.5,K1_20250607_155846,1749286726.2280788,62
-29.065168535603334,0.8764193280485415,7.050656928842727,137.6520539694236,36.31,54.5,K1_20250607_155846,1749286726.2280788,63
-29.01280101804423,4.915450317601426,10.116292131260707,134.62309115773837,36.29,54.43,K1_20250607_155846,1749286726.2280788,64
-29.044742221562274,3.677735308654519,9.874702078838709,133.56298101411767,36.29,54.44,K1_20250607_155846,1749286726.2280788,65
-28.57798515753734,8.904279261671945,14.127589698988231,130.80915129391747,36.26,54.37,K1_20250607_155846,1749286726.2280788,66
-30.418279139947572,9.092854306403751,15.33553996110004,131.10970201202122,36.26,54.32,K1_20250607_155846,1749286726.2280788,67
-29.429794029424556,12.656455278061912,18.917995058673114,121.96051891309435,36.24,54.27,K1_20250607_155846,1749286726.2280788,68
-31.194690715321713,9.756859369028462,16.026670328057662,119.53047301736683,36.26,54.25,K1_20250607_155846,1749286726.2280788,69
-30.4617352329426,11.418740269115006,16.676405006250206,119.90040876947364,36.24,54.28,K1_20250607_155846,1749286726.2280788,70
-31.322455529393665,8.805999333242653,14.060310118367852,119.29003244288356,36.26,54.29,K1_20250607_155846,1749286726.2280788,71
-32.45022034346539,7.855139297456844,13.093949908678042,124.04959186840051,36.26,54.33,K1_20250607_155846,1749286726.2280788,72
-32.45022034346539,6.855139297456844,13.093949908678042,124.04959186840051,36.26,54.33,K1_20250607_155846,1749286726.2280788,73
-31.36675772165563,9.229103143115935,15.447756899757223,125.57444042475049,36.23,54.38,K1_20250607_155846,1749286726.2280788,74
-31.908912082194092,7.090730143865585,12.29414427233678,127.05886675878264,36.24,54.42,K1_20250607_155846,1749286726.2280788,75
-32.16444171033777,4.189010072294877,10.36142385295716,131.57798560981632,36.24,54.5,K1_20250607_155846,1749286726.2280788,76
-31.005581792014937,3.4748029641887115,9.615955851309991,139.37223755233504,36.23,54.58,K1_20250607_155846,1749286726.2280788,77
-31.261111420158613,1.5730828926170943,7.68323543193037,145.89135640336872,36.23,54.66,K1_20250607_155846,1749286726.2280788,78
-30.017942780759313,5.135621783007991,10.24499268512136,147.71675567782268,36.2,54.66,K1_20250607_155846,1749286726.2280788,79
-31.006427891281874,0.5720208113489207,6.662537587548286,146.86593877674932,36.22,54.71,K1_20250607_155846,1749286726.2280788,80
-32.006427891281874,0.5720208113489207,6.662537587548286,146.86593877674932,36.22,54.71,K1_20250607_155846,1749286726.2280788,81
-29.870597751913692,5.985015646559987,13.081979781047266,146.36182452141452,36.17,54.69,K1_20250607_155846,1749286726.2280788,82
-31.11376639131322,2.42247675616818,9.520222527853548,143.53642524696033,36.2,54.69,K1_20250607_155846,1749286726.2280788,83
-31.209590001867127,1.7093317293292785,8.795452370586645,142.356094816098,36.2,54.72,K1_20250607_155846,1749286726.2280788,84
-29.26456098433914,8.598818663702332,14.718772513311706,143.997618474624,36.16,54.63,K1_20250607_155846,1749286726.2280788,85
-32.57161203077476,4.5608497554185305,10.673835155274901,138.05199891292818,36.19,54.65,K1_20250607_155846,1749286726.2280788,86
-32.296502187857186,7.361103654756334,14.477182460889708,134.93750833100307,36.16,54.64,K1_20250607_155846,1749286726.2280788,87
-32.328443391375004,7.1233886458094275,13.2355924084668,132.87739818738237,36.16,54.65,K1_20250607_155846,1749286726.2280788,88
-31.97793625194481,7.835471591380156,13.939664721352528,132.03231099162554,36.15,54.67,K1_20250607_155846,1749286726.2280788,89
-31.945995048426767,7.0731866003270625,13.181254773775436,131.09242113524624,36.15,54.66,K1_20250607_155846,1749286726.2280788,90
-32.296502187857186,6.361103654756334,12.477182460889708,126.93750833100307,36.16,54.64,K1_20250607_155846,1749286726.2280788,91
-30.810164909058585,12.486181435539038,19.600696967273507,127.58830687991099,36.1,54.64,K1_20250607_155846,1749286726.2280788,92
-32.117215955493975,8.448212527254327,14.555759609236702,126.64268731821562,36.13,54.66,K1_20250607_155846,1749286726.2280788,93
-30.969870926648355,11.297606390806322,17.3927467051617,127.28775616180724,36.1,54.69,K1_20250607_155846,1749286726.2280788,94
-32.08612085124287,6.783145383362353,12.843931397898814,132.19649868625083,36.12,54.78,K1_20250607_155846,1749286726.2280788,95
-31.28928296182812,8.92045630134271,13.976846180937173,138.68665472559928,36.1,54.79,K1_20250607_155846,1749286726.2280788,96
-30.90683461887943,8.870254255859436,14.922508546245808,138.90167767346338,36.09,54.8,K1_20250607_155846,1749286726.2280788,97
-30.811011008325522,8.583399282698338,15.647278703512711,139.0820081043255,36.09,54.77,K1_20250607_155846,1749286726.2280788,98
-29.993746804869716,14.522026181286492,20.60423863654796,129.48309118836846,36.05,54.72,K1_20250607_155846,1749286726.2280788,99
-31.18454792671082,14.99851828044666,21.108116585773132,120.62872910222904,36.06,54.65,K1_20250607_155846,1749286726.2280788,100
0.0,0.0,0.0,0.0,37.23,53.76,K2_20250607_160736,1749287256.2590897,1
0.0958236105539072,0.7131450268398112,-0.27522984273309703,0.18033043086234102,37.23,53.73,K2_20250607_160736,1749287256.2590897,2
-0.4143895464665093,-1.1875129634645418,-2.187252417730633,-0.2751330914850314,37.24,53.76,K2_20250607_160736,1749287256.2590897,3
-1.051521418291486,-2.1362488367130936,-3.1122169386580936,-0.46473841272950267,37.26,53.7,K2_20250607_160736,1749287256.2590897,4
-0.2866247323945572,-0.23665292767873325,-1.2208922080408229,-0.034692517001985834,37.24,53.72,K2_20250607_160736,1749287256.2590897,5
-0.15885991832283253,0.7142071081070753,-0.2545319983510126,0.2057480574812871,37.24,53.68,K2_20250607_160736,1749287256.2590897,6
-1.051521418291486,-2.1362488367130936,-3.1122169386580936,-0.46473841272950267,37.26,53.7,K2_20250607_160736,1749287256.2590897,7
-2.3700873542043155,-2.6106167733378243,-3.5746991991218238,-0.5595410733519657,37.27,53.67,K2_20250607_160736,1749287256.2590897,8
-0.9876390112556237,-1.6608188188201893,-2.629036833812279,-0.3445181254878662,37.26,53.68,K2_20250607_160736,1749287256.2590897,9
-3.1349840401012443,-4.510212682373094,-5.4660239297372755,-0.9895869690797099,37.29,53.65,K2_20250607_160736,1749287256.2590897,10
-2.4020285577223603,-3.848331782284731,-3.816289251544731,-0.6196512169726702,37.27,53.68,K2_20250607_160736,1749287256.2590897,11
-3.262748854172969,-6.461072718157993,-6.432384139427086,-1.2300275435627555,37.29,53.69,K2_20250607_160736,1749287256.2590897,12
-2.210381336614546,-2.4220417286060183,-2.3667489370100157,-0.2589903552479882,37.27,53.62,K2_20250607_160736,1749287256.2590897,13
-3.166925243619062,-5.7479276913190915,-5.707613982160183,-1.0496971127004144,37.29,53.66,K2_20250607_160736,1749287256.2590897,14
-2.071101633065382,-5.03478266448019,-5.98284382489237,-0.8693666818383008,37.29,53.63,K2_20250607_160736,1749287256.2590897,15
-2.0072192260292923,-4.559352646587286,-5.499663720047465,-0.7491463945966643,37.29,53.61,K2_20250607_160736,1749287256.2590897,16
-2.8794544119575676,-3.608492610801477,-4.533303510357655,-0.5087058201133914,37.29,53.57,K2_20250607_160736,1749287256.2590897,17
-3.8040571154447207,-6.696663564567643,-7.632578503087643,0.7606975660546595,37.31,53.6,K2_20250607_160736,1749287256.2590897,18
-3.293843958424077,-4.796005574265109,-5.720555928088288,1.2161610884018046,37.3,53.57,K2_20250607_160736,1749287256.2590897,19
-4.4411889872696975,-7.645399437817105,-8.557543024014194,0.5710922448101883,37.33,53.54,K2_20250607_160736,1749287256.2590897,20
-1.6124098943369063,-5.27037351088984,-5.183038188552928,1.1213584277793416,37.31,53.54,K2_20250607_160736,1749287256.2590897,21
-0.910549516208448,-1.943425466908593,-2.8214752990197667,1.9374828118511687,37.3,53.45,K2_20250607_160736,1749287256.2590897,22
-0.0153497184387561,6.615376936430039,5.896464432567882,4.126865608818662,37.31,53.04,K2_20250607_160736,1749287256.2590897,23
1.1788358004700967,13.750013448626305,13.206259538384074,38.00642279729959,37.34,52.59,K2_20250607_160736,1749287256.2590897,24
3.041248295455034,19.16831869017915,19.72919095378893,81.62939667506089,37.34,52.32,K2_20250607_160736,1749287256.2590897,25
1.9586317729124403,18.69713699735985,19.328802226470543,108.61084689429617,37.38,52.14,K2_20250607_160736,1749287256.2590897,26
2.596609744005036,21.54865502344819,23.20718501115789,134.30675099112636,37.37,52.07,K2_20250607_160736,1749287256.2590897,27
2.500786133451129,20.83550999660929,22.482414853890077,156.12642056026402,37.37,52.1,K2_20250607_160736,1749287256.2590897,28
3.246102604574162,21.836572077877463,23.50311269827216,168.1518381868832,37.38,52.05,K2_20250607_160736,1749287256.2590897,29
3.246102604574162,21.836572077877463,24.50311269827216,174.1518381868832,37.38,52.05,K2_20250607_160736,1749287256.2590897,30
2.820198168630668,24.2126600860729,26.898315378114603,174.72752199647175,37.37,52.0,K2_20250607_160736,1749287256.2590897,31
0.29125089610352006,22.316250420843062,26.069084180641767,174.37372898060175,37.42,51.83,K2_20250607_160736,1749287256.2590897,32
1.5672068382880298,28.019286473020657,31.82584975001737,162.76553717426214,37.4,51.69,K2_20250607_160736,1749287256.2590897,33
-2.1657486440910816,26.357405572931384,30.176115071823006,149.39560142215487,37.42,51.66,K2_20250607_160736,1749287256.2590897,34
-2.1018662370552192,26.83283559082429,30.659295176667,146.5158217093965,37.42,51.64,K2_20250607_160736,1749287256.2590897,35
-2.0814399230143863,30.634151571431175,34.48334032666389,147.4267487540908,37.4,51.58,K2_20250607_160736,1749287256.2590897,36
-2.8143954053934976,28.972270671341903,32.83360564846953,147.05681300198353,37.42,51.55,K2_20250607_160736,1749287256.2590897,37
-4.833975620167394,27.073736843574807,30.962978762234343,137.65218473287496,37.45,51.48,K2_20250607_160736,1749287256.2590897,38
-4.590806980767866,30.636275733966613,34.52473601542624,136.47758400732914,37.42,51.48,K2_20250607_160736,1749287256.2590897,39
-5.686630591321773,29.92313070712771,33.79996585815934,136.29725357646657,37.42,51.51,K2_20250607_160736,1749287256.2590897,40
-5.78245420187568,29.20998568028881,33.07519570089153,136.11692314560423,37.42,51.54,K2_20250607_160736,1749287256.2590897,41
-5.495829469480896,29.446638607967543,33.29608790893326,141.151615662606,37.41,51.58,K2_20250607_160736,1749287256.2590897,42
-6.770939312398241,25.64638470862883,29.492740603319362,146.26610624453133,37.44,51.59,K2_20250607_160736,1749287256.2590897,43
-5.623594283552848,28.495778572181734,32.32972769924345,148.91117508812295,37.41,51.62,K2_20250607_160736,1749287256.2590897,44
-6.165748644091082,25.357405572931384,30.176115071823006,151.39560142215487,37.42,51.66,K2_20250607_160736,1749287256.2590897,45
-6.229631051126944,24.88197555503848,29.6929349669781,152.27538113491346,37.42,51.68,K2_20250607_160736,1749287256.2590897,46
-6.038829929286294,24.40548345587831,29.18905701775293,157.12974322105265,37.41,51.75,K2_20250607_160736,1749287256.2590897,47
-6.166594743358019,23.454623420093412,29.22269680806312,161.8893026465696,37.41,51.79,K2_20250607_160736,1749287256.2590897,48
-6.43279316171197,27.019286473020657,32.82584975001737,162.76553717426214,37.4,51.69,K2_20250607_160736,1749287256.2590897,49
-7.783300301142617,26.30720352744993,32.12177743713164,162.61062437001897,37.41,51.67,K2_20250607_160736,1749287256.2590897,50
-7.431947062445033,28.922068625859538,34.779268013778164,153.27183594984763,37.41,51.56,K2_20250607_160736,1749287256.2590897,51
-6.901307591384011,34.62404259676805,39.51533573877168,143.6382265168886,37.38,51.47,K2_20250607_160736,1749287256.2590897,52
-6.29527082380946,37.237845613910395,42.15212847103703,134.2740204700981,37.37,51.41,K2_20250607_160736,1749287256.2590897,53
-8.645777963240334,35.52576266833967,41.4480561581513,125.11910766585493,37.38,51.39,K2_20250607_160736,1749287256.2590897,54
-9.391094434363367,35.52470058707149,41.42735831377013,125.09369003923575,37.37,51.44,K2_20250607_160736,1749287256.2590897,55
-9.933248794902056,33.38632758782205,38.273745686349685,124.5781163732679,37.38,51.48,K2_20250607_160736,1749287256.2590897,56
-9.105315801235975,33.858571361909526,38.694832258050155,132.6220837806518,37.35,51.61,K2_20250607_160736,1749287256.2590897,57
-10.093800911758535,30.294970390250455,35.11237716047708,143.77126687957843,37.37,51.66,K2_20250607_160736,1749287256.2590897,58
-9.552492650487466,30.530561236660105,35.31257152413673,150.7805417699608,37.35,51.75,K2_20250607_160736,1749287256.2590897,59
-9.552492650487466,30.530561236660105,36.31257152413673,150.7805417699608,37.35,51.75,K2_20250607_160736,1749287256.2590897,60
-9.042279493467277,32.43121922696264,38.224594099134265,151.2360052923077,37.34,51.72,K2_20250607_160736,1749287256.2590897,61
-8.735228447031886,36.46918813524735,42.26953145717107,149.18162485400353,37.31,51.7,K2_20250607_160736,1749287256.2590897,62
-9.850632272359462,33.85750928064135,39.67413441366898,144.5966661540324,37.34,51.66,K2_20250607_160736,1749287256.2590897,63
-9.671346039996024,36.944618153140254,41.752711562015975,138.30184514124517,37.31,51.68,K2_20250607_160736,1749287256.2590897,64
-9.09725047593929,38.32070616133569,44.147914241859326,137.87752895083372,37.3,51.63,K2_20250607_160736,1749287256.2590897,65
-10.319992801298213,38.55948325155077,44.4102021386625,131.96305672107383,37.31,51.57,K2_20250607_160736,1749287256.2590897,66
-9.395390097811287,41.64765420531694,47.50947713139158,127.69365333490532,37.29,51.54,K2_20250607_160736,1749287256.2590897,67
-10.745897237241707,39.93557125974621,46.80540481850585,120.53874053066238,37.3,51.52,K2_20250607_160736,1749287256.2590897,68
-10.566611004878268,43.022680132244204,48.883981966851934,119.24391951787493,37.27,51.54,K2_20250607_160736,1749287256.2590897,69
-11.534669801360451,43.26039514119111,49.12557201927484,119.30402966149563,37.27,51.53,K2_20250607_160736,1749287256.2590897,70
-11.534669801360451,43.26039514119111,49.12557201927484,119.30402966149563,37.27,51.53,K2_20250607_160736,1749287256.2590897,71
-11.375809883037391,42.546188033084036,47.38010401762676,119.09828160401412,37.26,51.61,K2_20250607_160736,1749287256.2590897,72
-9.674795604176325,43.97035392422549,48.78824864339822,122.40810721250023,37.24,51.65,K2_20250607_160736,1749287256.2590897,73
-8.973781325315258,45.39451981536786,50.196393269169675,126.71793282098656,37.22,51.69,K2_20250607_160736,1749287256.2590897,74
-8.49635547108005,45.1546806438846,49.91340752798442,129.60698742412728,37.2,51.8,K2_20250607_160736,1749287256.2590897,75
-9.803406517515214,40.11671173560171,45.868470169947614,131.66136786243192,37.23,51.82,K2_20250607_160736,1749287256.2590897,76
-8.71994389570591,42.49067558125989,48.222277161027705,136.1862164187819,37.2,51.87,K2_20250607_160736,1749287256.2590897,77
-7.636481273896152,44.864639426919894,50.576084152107796,140.71106497513188,37.17,51.92,K2_20250607_160736,1749287256.2590897,78
-7.796187291485921,43.67606438218718,49.36813388999508,141.41051425702813,37.17,51.97,K2_20250607_160736,1749287256.2590897,79
-7.477621355573092,44.15043231881282,49.83061615045972,142.5053169176506,37.16,52.0,K2_20250607_160736,1749287256.2590897,80
-6.648842262640301,46.52545824574008,52.205120985920075,143.05558310061997,37.14,52.0,K2_20250607_160736,1749287256.2590897,81
-7.2859741344652775,45.57672237249153,50.280156464994434,142.86597777937527,37.16,51.94,K2_20250607_160736,1749287256.2590897,82
-7.170570309137929,48.18840122709571,52.875553508495614,136.45093647934618,37.13,51.98,K2_20250607_160736,1749287256.2590897,83
-7.596474745081423,49.56448923529206,55.270756188338964,132.02662028893474,37.12,51.93,K2_20250607_160736,1749287256.2590897,84
-7.532592338045561,50.03991925318496,55.75393629318387,127.14684057617637,37.12,51.91,K2_20250607_160736,1749287256.2590897,85
-6.225541291610398,54.07788816146876,59.798873651219765,124.09246013787197,37.09,51.89,K2_20250607_160736,1749287256.2590897,86
-7.193600088092353,54.31560317041476,59.04046370364267,118.15257028149267,37.09,51.88,K2_20250607_160736,1749287256.2590897,87
-6.428703402195424,55.21519907945003,60.93178843425994,118.58261617722064,37.07,51.9,K2_20250607_160736,1749287256.2590897,88
-8.481070919754075,51.176168089898056,56.866153231840144,117.61157898890565,37.09,51.97,K2_20250607_160736,1749287256.2590897,89
-6.525373112016268,52.59927189977134,57.253600013231335,119.89598697077281,37.06,52.06,K2_20250607_160736,1749287256.2590897,90
-6.844785147195807,50.222121810307726,54.83769948900772,132.29488553456486,37.06,52.16,K2_20250607_160736,1749287256.2590897,91
-5.31499177540195,54.02131362837645,58.62034895024044,140.15497732602057,37.02,52.2,K2_20250607_160736,1749287256.2590897,92
-5.4427565894736745,53.07045359259064,57.65398874055063,139.9145367515373,37.02,52.24,K2_20250607_160736,1749287256.2590897,93
-5.538580200027582,52.35730856575174,56.92921858328373,139.73420632067496,37.02,52.27,K2_20250607_160736,1749287256.2590897,94
-4.359293967663916,55.44441743825064,60.00779573163072,139.4393853078875,36.99,52.29,K2_20250607_160736,1749287256.2590897,95
-4.136551642304994,54.20564034803647,59.74550783482755,135.35385753764763,36.98,52.35,K2_20250607_160736,1749287256.2590897,96
-3.9768456247152244,55.394215392768274,60.95345809693936,135.6544082557516,36.98,52.3,K2_20250607_160736,1749287256.2590897,97
-5.072669235269132,54.68107036592846,60.228687939672454,134.47407782488926,36.98,52.33,K2_20250607_160736,1749287256.2590897,98
-4.339713752890248,56.342951266016826,61.87842261786682,134.8440135769963,36.96,52.36,K2_20250607_160736,1749287256.2590897,99
-3.192368724044627,59.19234512956973,64.7154097137909,136.48908242058792,36.93,52.39,K2_20250607_160736,1749287256.2590897,100
0.0,0.0,0.0,0.0,37.58,52.96,K3_20250607_161610,1749287770.4717042,1
-0.8607202964510634,-1.612740935875081,-2.6160948878841737,-0.6103763265903126,37.6,52.97,K3_20250607_161610,1749287770.4717042,2
-0.7329554823791113,-0.6618809000892725,-1.6497346781943634,-0.36993575210726704,37.6,52.93,K3_20250607_161610,1749287770.4717042,3
0.06388240703586234,1.4754300178929043,0.48318010484490515,0.1202202872414091,37.58,52.94,K3_20250607_161610,1749287770.4717042,4
-0.7968378894149737,-1.1373109179821768,-2.1329147830392685,-0.49015603934867613,37.6,52.95,K3_20250607_161610,1749287770.4717042,5
-0.6371318718252041,0.05126412674962921,-0.9249645209274604,-0.18960532124469864,37.6,52.9,K3_20250607_161610,1749287770.4717042,6
-0.7329554823791113,-0.6618809000892725,-1.6497346781943634,-0.36993575210726704,37.6,52.93,K3_20250607_161610,1749287770.4717042,7
0.1916472211078144,2.426290053678713,2.4495403145347154,0.36066086172468204,37.58,52.9,K3_20250607_161610,1749287770.4717042,8
-0.4659109647579953,-2.3237618001776355,-2.2994693563878172,-0.7398715042140793,37.62,52.9,K3_20250607_161610,1749287770.4717042,9
-0.5297933717938577,-1.7991918180696302,-2.7826494612327224,-0.8600917914557158,37.62,52.92,K3_20250607_161610,1749287770.4717042,10
-1.230807650655379,-3.223357709211996,-4.190794087005088,-1.169917399942051,37.64,52.88,K3_20250607_161610,1749287770.4717042,11
-1.198866447137334,-2.985642700265089,-3.94920403458309,-1.109807256321119,37.64,52.87,K3_20250607_161610,1749287770.4717042,12
-2.0391604295475645,-1.797067655533283,-2.7412537724703725,-0.8092565382173689,37.64,52.82,K3_20250607_161610,1749287770.4717042,13
-2.5813147900857984,-3.935440654782724,-4.894866399890816,-1.3248302041852185,37.65,52.86,K3_20250607_161610,1749287770.4717042,14
-2.1669252436195166,-3.7479276913190915,-3.707613982160183,-1.0496971127004144,37.64,52.86,K3_20250607_161610,1749287770.4717042,15
-2.1349840401014717,-3.5102126823721846,-3.466023929738185,-0.9895869690797099,37.64,52.85,K3_20250607_161610,1749287770.4717042,16
-2.931821929516218,-5.647523600353452,-5.598938712776544,-1.4797430084281586,37.66,52.84,K3_20250607_161610,1749287770.4717042,17
-1.1030428365834268,-3.2724976734261872,-3.2244338773152776,-0.9294768254590053,37.64,52.84,K3_20250607_161610,1749287770.4717042,18
-2.951402144290114,-7.546057428120548,-7.46956559901173,-2.8843712775369568,37.69,52.77,K3_20250607_161610,1749287770.4717042,19
-2.600895004859467,-5.83397448254982,-6.765493286126002,-2.729458473293562,37.68,52.79,K3_20250607_161610,1749287770.4717042,20
-2.5689538013416495,-5.596259473602913,-6.523903233703095,-2.6693483296728573,37.68,52.78,K3_20250607_161610,1749287770.4717042,21
-3.81212244074095,-9.15879836399381,-10.085660486894994,-3.494747604127042,37.71,52.78,K3_20250607_161610,1749287770.4717042,22
-1.801518817643455,2.01168289394991,1.2276762881956529,-0.7204061071888646,37.69,52.41,K3_20250607_161610,1749287770.4717042,23
-0.3730760838984679,5.343941344272935,4.692728399634689,26.222806409979057,37.73,52.07,K3_20250607_161610,1749287770.4717042,24
6.488490311819305,9.859464432985988,11.262241551278748,85.33948151215486,37.72,51.93,K3_20250607_161610,1749287770.4717042,25
11.553218818122332,12.237676603718683,14.698839919884449,131.96600057498176,37.73,51.78,K3_20250607_161610,1749287770.4717042,26
14.510608824394012,18.466344719270637,21.99312322879632,153.2630061080199,37.72,51.61,K3_20250607_161610,1749287770.4717042,27
15.58685222017425,18.280955918343352,21.847266499828038,157.03870826977345,37.75,51.51,K3_20250607_161610,1749287770.4717042,28
15.97014666238988,22.13353602569987,25.74634712889656,158.76002999322304,37.75,51.39,K3_20250607_161610,1749287770.4717042,29
16.28955869756942,24.51068611516439,30.162247653121085,159.36113142943077,37.75,51.29,K3_20250607_161610,1749287770.4717042,30
13.85558893632924,21.42463932393457,28.104368349155266,157.68137006883762,37.79,51.22,K3_20250607_161610,1749287770.4717042,31
15.290404796836583,26.41346826800327,33.11566591688279,155.8674302050165,37.76,51.16,K3_20250607_161610,1749287770.4717042,32
14.450110814426353,27.602043312735077,35.3236161789946,154.16798092312024,37.76,51.11,K3_20250607_161610,1749287770.4717042,33
15.056147582000676,31.215846329877422,37.96040891125813,151.8037748763295,37.75,51.05,K3_20250607_161610,1749287770.4717042,34
12.558295413724409,27.6543695207547,35.41934950244831,151.00379322849471,37.79,51.0,K3_20250607_161610,1749287770.4717042,35
12.654119024278316,29.36751454759451,37.144119659715216,148.18412365935706,37.79,50.97,K3_20250607_161610,1749287770.4717042,36
11.654119024278316,29.36751454759451,37.144119659715216,148.18412365935706,37.79,50.97,K3_20250607_161610,1749287770.4717042,37
11.175847070775944,27.704571566237973,36.47368713713968,147.78877028063107,37.8,50.99,K3_20250607_161610,1749287770.4717042,38
11.590236617242226,28.892084529700696,38.66093955487031,150.06390337211542,37.79,50.99,K3_20250607_161610,1749287770.4717042,39
11.143905867258127,28.466856557291067,37.23209708471768,149.72866013701014,37.8,51.0,K3_20250607_161610,1749287770.4717042,40
12.865346460159799,33.6923384290385,44.46428686048603,150.94941279019054,37.76,50.98,K3_20250607_161610,1749287770.4717042,41
10.303611884847896,30.655431602022873,40.44004734682949,150.02921085511412,37.8,50.95,K3_20250607_161610,1749287770.4717042,42
11.004626163708963,32.07959749316342,41.848191972600944,149.33903646360022,37.78,50.99,K3_20250607_161610,1749287770.4717042,43
11.004626163708963,32.07959749316342,42.848191972600944,149.33903646360022,37.78,50.99,K3_20250607_161610,1749287770.4717042,44
11.40750082069826,36.83071142828794,48.61789948790465,150.46498645615816,37.75,50.94,K3_20250607_161610,1749287770.4717042,45
9.972684960190918,31.84188248421742,43.606601920178946,149.2789263199793,37.78,51.0,K3_20250607_161610,1749287770.4717042,46
10.833405256641981,34.4546234200925,47.22269680806312,149.88930264656983,37.76,50.99,K3_20250607_161610,1749287770.4717042,47
10.929228867195661,36.167768446931404,47.94746696533002,149.06963307743217,37.76,50.96,K3_20250607_161610,1749287770.4717042,48
10.961170070713706,36.4054834558774,48.18905701775293,149.12974322105288,37.76,50.95,K3_20250607_161610,1749287770.4717042,49
11.375559617180215,37.592996419341034,50.37630943548265,147.40487631253745,37.75,50.95,K3_20250607_161610,1749287770.4717042,50
9.961170070713706,36.4054834558774,50.18905701775293,146.12974322105288,37.76,50.95,K3_20250607_161610,1749287770.4717042,51
10.34361841366217,37.35528141039504,51.134719383060656,147.34476616891652,37.75,50.96,K3_20250607_161610,1749287770.4717042,52
10.395139831953657,39.49153024710813,53.24693632171875,148.80950458164602,37.72,51.02,K3_20250607_161610,1749287770.4717042,53
10.044632692523464,39.7794473015374,53.54286400883302,145.65459177740286,37.73,51.0,K3_20250607_161610,1749287770.4717042,54
9.140456303077372,40.492592328376304,55.267634166099924,144.8349222082652,37.73,50.97,K3_20250607_161610,1749287770.4717042,55
8.714551867133423,42.86868033657265,57.662836845942365,141.41060601785398,37.72,50.92,K3_20250607_161610,1749287770.4717042,56
8.937294192492118,42.62990324635757,57.40054894913919,141.32507824761387,37.71,50.98,K3_20250607_161610,1749287770.4717042,57
10.116580424855783,45.717012118855564,60.47912609748619,142.03025723482642,37.68,51.0,K3_20250607_161610,1749287770.4717042,58
9.542484860799505,43.340924110660126,58.083923417643746,141.45457342523787,37.69,51.05,K3_20250607_161610,1749287770.4717042,59
9.574426064317322,43.57863911960612,59.325513470065744,141.51468356885857,37.69,51.04,K3_20250607_161610,1749287770.4717042,60
8.51054365728146,43.10320910171413,58.84233336522084,141.39446328161694,37.69,51.06,K3_20250607_161610,1749287770.4717042,61
8.542484860799505,43.340924110660126,59.083923417643746,141.45457342523787,37.69,51.05,K3_20250607_161610,1749287770.4717042,62
9.881477110752712,47.616608027890834,64.37045082810255,142.46030313055417,37.66,51.02,K3_20250607_161610,1749287770.4717042,63
7.892992000229924,45.053007056230854,60.787995730528564,140.60948622948104,37.68,51.07,K3_20250607_161610,1749287770.4717042,64
10.411270482547025,52.415799845960464,68.15310028933618,142.32039492200988,37.62,51.06,K3_20250607_161610,1749287770.4717042,65
9.008395825557727,47.66468591083776,64.38339277403156,141.19444492945172,37.65,51.11,K3_20250607_161610,1749287770.4717042,66
9.26307935443424,47.66362382956868,64.36269492965039,141.16902730283277,37.64,51.16,K3_20250607_161610,1749287770.4717042,67
8.35890296498792,48.37676885640849,65.08746508691729,141.3493577336949,37.64,51.13,K3_20250607_161610,1749287770.4717042,68
9.952578743818094,52.651390692370114,69.35329465299492,142.32966981239224,37.6,51.15,K3_20250607_161610,1749287770.4717042,69
10.016461150853956,53.12682071026302,69.83647475783982,142.44989009963365,37.6,51.13,K3_20250607_161610,1749287770.4717042,70
9.728990319192462,50.987385629744495,67.6621642860382,141.90889880704663,37.6,51.22,K3_20250607_161610,1749287770.4717042,71
9.537343098084648,50.56109557606669,67.21262397150349,142.54823794532194,37.6,51.28,K3_20250607_161610,1749287770.4717042,72
11.429158498786592,51.50876936804798,69.11689064804978,150.71242563994747,37.57,51.39,K3_20250607_161610,1749287770.4717042,73
11.077805260089008,48.89390426963746,66.45940007140325,157.0512140601188,37.57,51.5,K3_20250607_161610,1749287770.4717042,74
13.225150288934401,52.743298133189455,70.29638716732734,158.69628290371065,37.54,51.53,K3_20250607_161610,1749287770.4717042,75
13.257091492452446,52.98101314213545,70.53797721975025,158.75639304733136,37.54,51.52,K3_20250607_161610,1749287770.4717042,76
13.161267881898539,52.26786811529655,70.81320706248334,158.57606261646902,37.54,51.55,K3_20250607_161610,1749287770.4717042,77
13.129326678380494,52.030153106349644,70.57161701006044,156.5159524728483,37.54,51.56,K3_20250607_161610,1749287770.4717042,78
14.404436521298067,55.83040700568836,74.37496431567524,157.4014618909232,37.51,51.55,K3_20250607_161610,1749287770.4717042,79
15.125877114199966,61.0558888774367,80.60715409144177,154.6222145441036,37.47,51.53,K3_20250607_161610,1749287770.4717042,80
13.807311178287364,61.58152094081197,80.14467183097986,150.52741188348136,37.48,51.5,K3_20250607_161610,1749287770.4717042,81
13.519840346625642,59.442085860294355,77.97036135917824,144.98642059089434,37.48,51.59,K3_20250607_161610,1749287770.4717042,82
15.209339736009724,64.42985272309579,82.96096108252277,146.1470631004538,37.44,51.58,K3_20250607_161610,1749287770.4717042,83
16.038118828942515,66.80487865002306,85.33546591798313,146.69732928342296,37.42,51.58,K3_20250607_161610,1749287770.4717042,84
15.209339736009724,63.42985272309579,82.96096108252277,146.1470631004538,37.44,51.58,K3_20250607_161610,1749287770.4717042,85
16.643309497249902,66.51589951432561,87.01884038648859,146.82682446104718,37.4,51.65,K3_20250607_161610,1749287770.4717042,86
15.55900077617298,63.23915351582673,82.7116151316477,149.79567712911125,37.42,51.73,K3_20250607_161610,1749287770.4717042,87
16.865205723341205,65.37434027127165,85.80313422592371,152.23499791522136,37.38,51.84,K3_20250607_161610,1749287770.4717042,88
16.51385248464362,62.75947517286113,83.14564364927719,155.5737863353927,37.38,51.95,K3_20250607_161610,1749287770.4717042,89
19.043645856437706,66.55866699093076,87.92829311050991,164.4338781268484,37.34,51.99,K3_20250607_161610,1749287770.4717042,90
18.226381652982127,61.620040092343515,81.97133317747557,164.03279504280567,37.38,52.04,K3_20250607_161610,1749287770.4717042,91
19.341785478309703,64.23171894694951,84.56673022097857,164.6177537427768,37.35,52.08,K3_20250607_161610,1749287770.4717042,92
20.138623367724676,66.36902986493078,87.69964500401693,165.10790978212526,37.33,52.09,K3_20250607_161610,1749287770.4717042,93
19.596469007186215,64.23065686568043,86.54603237659649,163.5923361161574,37.34,52.13,K3_20250607_161610,1749287770.4717042,94
20.01085855365295,66.41816982914497,87.73328479432712,159.86746920764222,37.33,52.13,K3_20250607_161610,1749287770.4717042,95
18.915034943099045,65.70502480230607,87.00851463706022,159.68713877677988,37.33,52.16,K3_20250607_161610,1749287770.4717042,96
20.285968396570297,70.21842372848278,91.53663209994284,160.75297862571733,37.3,52.12,K3_20250607_161610,1749287770.4717042,97
21.401372221897873,72.83010258308786,94.13202914344402,158.33793732568802,37.27,52.16,K3_20250607_161610,1749287770.4717042,98
19.624960646523505,74.49410764571257,95.82315951040073,153.75870833103363,37.27,52.09,K3_20250607_161610,1749287770.4717042,99
20.10323260002633,76.15705062707002,97.49359203297718,151.15406170975984,37.26,52.07,K3_20250607_161610,1749287770.4717042,100
0.0,0.0,0.0,0.0,37.94,52.13,K4_20250607_162531,1749288331.1541972,1
1.4782719535023716,1.6629429813565366,1.6704325225755383,0.3953533787264405,37.93,52.11,K4_20250607_162531,1749288331.1541972,2
0.2351033141028438,-2.8995959090343604,-1.8913247306163612,-0.4300458957277442,37.96,52.11,K4_20250607_162531,1749288331.1541972,3
1.1916472211078144,1.4262900536787129,1.4495403145347154,0.36066086172468204,37.94,52.07,K4_20250607_162531,1749288331.1541972,4
-0.05152141829171342,-3.136248836712184,-2.112216938657184,-0.4647384127292753,37.97,52.07,K4_20250607_162531,1749288331.1541972,5
1.0319412035180449,-0.7622849910530931,0.24159005242290732,0.06011014362093192,37.94,52.12,K4_20250607_162531,1749288331.1541972,6
0.4267505352106582,-1.4733058553556475,-0.44178441608164576,-0.06938503400306217,37.96,52.05,K4_20250607_162531,1749288331.1541972,7
1.2235884246256319,0.6640050626247103,0.6911303669567133,0.42077100534561396,37.94,52.06,K4_20250607_162531,1749288331.1541972,8
0.45869173872870306,-1.2355908464087406,-1.200194363659648,-0.009274890382357626,37.96,52.04,K4_20250607_162531,1749288331.1541972,9
0.5225741457645654,-0.7601608285167458,-0.7170142588147428,0.11094539685927884,37.96,52.02,K4_20250607_162531,1749288331.1541972,10
-1.198866447137334,-5.985642700265089,-5.949204034582181,-1.109807256321119,38.0,52.04,K4_20250607_162531,1749288331.1541972,11
-0.8483593077069145,-5.273559754694361,-4.245131721697362,-0.9548944520779514,37.99,52.06,K4_20250607_162531,1749288331.1541972,12
-1.0711016330656093,-5.03478266447928,-3.9828438248923703,-0.8693666818380734,38.0,52.0,K4_20250607_162531,1749288331.1541972,13
-1.007219226029747,-4.559352646586376,-4.499663720047465,-0.7491463945962096,38.0,51.98,K4_20250607_162531,1749288331.1541972,14
-0.7844769006708248,-4.798129736800547,-4.761951616852457,-0.8346741648365423,37.99,52.04,K4_20250607_162531,1749288331.1541972,15
-2.4100938830190444,-9.310466581709079,-9.269371235352082,-1.8750963871543718,38.03,52.03,K4_20250607_162531,1749288331.1541972,16
-1.0711016330656093,-5.03478266447928,-4.98284382489237,-0.8693666818380734,38.0,52.0,K4_20250607_162531,1749288331.1541972,17
-1.007219226029747,-4.559352646586376,-4.499663720047465,-0.7491463945962096,38.0,51.98,K4_20250607_162531,1749288331.1541972,18
-0.6247708830810552,-3.6095546920696506,-3.5540013547397393,-0.5341234467325648,37.99,51.99,K4_20250607_162531,1749288331.1541972,19
-0.7082335048908135,-5.983518537728742,-5.907808345819831,-1.0589720030825447,38.02,51.94,K4_20250607_162531,1749288331.1541972,20
-0.7082335048908135,-5.983518537728742,-5.907808345819831,-1.0589720030825447,38.02,51.94,K4_20250607_162531,1749288331.1541972,21
-1.8555785337362067,-8.832912401279827,-8.744795441743918,-0.704040846674161,38.05,51.91,K4_20250607_162531,1749288331.1541972,22
-0.929283631715407,-1.9391771418340795,-1.7386839214941574,1.0391533183285446,38.05,51.62,K4_20250607_162531,1749288331.1541972,23
-1.7367903113406555,0.38989506468260515,1.664274656800444,2.9061129556384913,38.06,51.43,K4_20250607_162531,1749288331.1541972,24
-1.9063190198735356,6.570485297289451,6.9456160197833015,4.468976689778856,38.06,51.17,K4_20250607_162531,1749288331.1541972,25
-1.7138256994987842,9.899557503807046,10.348574598078812,5.33593632708903,38.07,50.98,K4_20250607_162531,1749288331.1541972,26
-2.266648850247293,12.227567629056466,12.730835331992239,6.17747833778003,38.07,50.84,K4_20250607_162531,1749288331.1541972,27
-2.564788472119062,15.554515673037713,15.09239822152449,6.9936027218518575,38.06,50.75,K4_20250607_162531,1749288331.1541972,28
-4.584368686892958,13.655981845270617,13.221771335289304,6.588974452743059,38.09,50.68,K4_20250607_162531,1749288331.1541972,29
-4.328839058749281,14.557701916842234,15.154491754668925,6.069855601709378,38.09,50.6,K4_20250607_162531,1749288331.1541972,30
-6.487698977072114,15.27190902494931,15.899959756317912,6.275603659190892,38.1,50.52,K4_20250607_162531,1749288331.1541972,31
-5.148706727118679,18.547592942180927,20.186487166776715,7.281333364507191,38.07,50.49,K4_20250607_162531,1749288331.1541972,32
-7.327992959482117,15.460484069681115,16.10791001842972,5.576154377295097,38.1,50.47,K4_20250607_162531,1749288331.1541972,33
-8.200228145410392,16.411344105466924,17.07427022811953,4.816594951778143,38.1,50.43,K4_20250607_162531,1749288331.1541972,34
-9.136345738374303,16.886774123359828,17.557450332964436,4.936815239019779,38.1,50.41,K4_20250607_162531,1749288331.1541972,35
-10.658073784871931,18.549717104716365,18.227882855539065,5.332168617745765,38.09,50.39,K4_20250607_162531,1749288331.1541972,36
-11.741536406681462,16.175753259058183,15.874075864459883,4.807320061395785,38.12,50.34,K4_20250607_162531,1749288331.1541972,37
-11.900396325004522,16.88996036716526,16.61954386610705,4.0130681188773,38.13,50.26,K4_20250607_162531,1749288331.1541972,38
-11.11507332506676,22.590872256805596,21.334913746720304,5.354041059299107,38.09,50.22,K4_20250607_162531,1749288331.1541972,39
-11.923426103958946,23.0171623104834,22.78445406125502,5.714701921023789,38.09,50.16,K4_20250607_162531,1749288331.1541972,40
-12.369756853943272,20.59193433807377,20.35561159110148,4.379458685918507,38.1,50.17,K4_20250607_162531,1749288331.1541972,41
-12.21089693562044,19.877727229965785,19.6101435894534,5.1737106284367655,38.09,50.25,K4_20250607_162531,1749288331.1541972,42
-13.816933703194763,17.26392421282435,16.973350857188052,4.537916675227507,38.1,50.31,K4_20250607_162531,1749288331.1541972,43
-13.530308970800206,17.500577140502173,17.194243065228875,4.572609192228811,38.09,50.35,K4_20250607_162531,1749288331.1541972,44
-14.498367767282161,16.73829214944817,17.435833117651782,4.6327193358497425,38.09,50.34,K4_20250607_162531,1749288331.1541972,45
-14.530308970800206,16.500577140502173,16.194243065228875,4.572609192228811,38.09,50.35,K4_20250607_162531,1749288331.1541972,46
-14.530308970800206,16.500577140502173,16.194243065228875,4.572609192228811,38.09,50.35,K4_20250607_162531,1749288331.1541972,47
-16.136345738374303,12.886774123359828,12.557450332964436,2.9368152390197793,38.1,50.41,K4_20250607_162531,1749288331.1541972,48
-14.382963941954586,18.34997100405417,18.03123016115387,3.2176780358208816,38.06,50.38,K4_20250607_162531,1749288331.1541972,49
-14.76541228490305,17.400173049537443,17.085567795846146,3.002655087956782,38.07,50.37,K4_20250607_162531,1749288331.1541972,50
-15.76541228490305,17.400173049537443,16.085567795846146,3.002655087956782,38.07,50.37,K4_20250607_162531,1749288331.1541972,51
-15.80886837789808,20.726059012251426,19.426432840997222,3.7933618454094358,38.05,50.33,K4_20250607_162531,1749288331.1541972,52
-14.884265674411608,23.814229966017592,22.52570783372539,4.52395845924093,38.03,50.3,K4_20250607_162531,1749288331.1541972,53
-15.788442063857701,23.527374992856494,23.250477990992295,4.704288890103271,38.03,50.27,K4_20250607_162531,1749288331.1541972,54
-15.788442063857701,23.527374992856494,23.250477990992295,4.704288890103271,38.03,50.27,K4_20250607_162531,1749288331.1541972,55
-14.641097035011853,26.37676885640849,25.0874650869182,5.349357733695115,38.0,50.3,K4_20250607_162531,1749288331.1541972,56
-15.756500860339656,22.7650900018034,22.492068043415202,4.764399033724203,38.03,50.26,K4_20250607_162531,1749288331.1541972,57
-15.545273424458173,26.08991388324739,24.812235244185104,5.529688164557456,38.0,50.27,K4_20250607_162531,1749288331.1541972,58
-15.641097035011853,25.37676885640849,24.0874650869182,5.349357733695115,38.0,50.3,K4_20250607_162531,1749288331.1541972,59
-15.450295913171203,23.90027675724741,23.58358713769121,6.203719819834305,37.99,50.37,K4_20250607_162531,1749288331.1541972,60
-15.462656901915352,25.5610955760676,25.2126239715044,6.548237945322171,37.96,50.45,K4_20250607_162531,1749288331.1541972,61
-16.737766744832925,21.760841676729797,21.409276665888683,4.662728527247282,37.99,50.46,K4_20250607_162531,1749288331.1541972,62
-14.793583826572103,26.74754645826306,26.379178544853858,6.797953410187574,37.94,50.5,K4_20250607_162531,1749288331.1541972,63
-15.718186530059029,23.659375504496893,22.27990355212478,5.067356796355853,37.96,50.53,K4_20250607_162531,1749288331.1541972,64
-14.443076687141684,27.459629403833787,26.083250857738676,5.952866214430742,37.93,50.52,K4_20250607_162531,1749288331.1541972,65
-15.761642623054286,25.985261467209966,24.620768597275855,5.858063553808279,37.94,50.49,K4_20250607_162531,1749288331.1541972,66
-13.912437216080434,32.16160337474321,30.819318582734013,8.31925678147195,37.9,50.43,K4_20250607_162531,1749288331.1541972,67
-14.549569087905866,30.212867501493747,29.894354061805643,7.129651460227251,37.92,50.37,K4_20250607_162531,1749288331.1541972,68
-13.178635634434386,34.72626642767136,33.42247152468735,8.195491309164481,37.89,50.33,K4_20250607_162531,1749288331.1541972,69
-13.274459244988293,34.01312140083246,32.69770136742045,8.01516087830214,37.89,50.36,K4_20250607_162531,1749288331.1541972,70
-14.178635634434386,33.72626642767136,33.42247152468735,8.195491309164481,37.89,50.33,K4_20250607_162531,1749288331.1541972,71
-14.190996623178535,35.38708524649064,35.05150835850145,8.540009434652347,37.86,50.41,K4_20250607_162531,1749288331.1541972,72
-14.574291065394164,32.534505139134126,32.15242772943202,7.818687711202756,37.86,50.53,K4_20250607_162531,1749288331.1541972,73
-14.351548740035696,32.295728048919045,31.890139832627938,7.733159940962878,37.85,50.59,K4_20250607_162531,1749288331.1541972,74
-13.874122885800034,32.0558888774367,31.60715409144268,7.622214544103599,37.83,50.7,K4_20250607_162531,1749288331.1541972,75
-14.950366281580045,33.241277678364895,31.753010820410964,7.846512382350056,37.8,50.8,K4_20250607_162531,1749288331.1541972,76
-16.576829363195202,26.826158680616572,25.292172938149633,6.299791384446507,37.83,50.92,K4_20250607_162531,1749288331.1541972,77
-15.525307944903489,27.962407517329666,27.404389876807727,7.76452979717601,37.8,50.98,K4_20250607_162531,1749288331.1541972,78
-12.45336021257117,33.89997233464783,33.34065196546089,9.140195254599348,37.75,50.98,K4_20250607_162531,1749288331.1541972,79
-13.888176073078512,28.911143390578218,27.329354397734278,7.954135118420481,37.78,51.04,K4_20250607_162531,1749288331.1541972,80
-13.824293666042422,29.386573408470213,27.812534502579183,7.0743554056618905,37.78,51.02,K4_20250607_162531,1749288331.1541972,81
-13.059396980145493,30.286169317505482,28.703859233196454,7.504401301390089,37.76,51.04,K4_20250607_162531,1749288331.1541972,82
-12.740831044232891,30.760537254130213,29.166341493659274,7.599203962012325,37.75,51.07,K4_20250607_162531,1749288331.1541972,83
-11.848169544263783,33.61099319895129,32.024026433966355,8.269690432223342,37.73,51.05,K4_20250607_162531,1749288331.1541972,84
-11.019390451330992,35.986019125878556,34.39853126942762,8.819956615192496,37.71,51.05,K4_20250607_162531,1749288331.1541972,85
-9.48875098026997,40.68799309678707,40.13459899442023,10.18634718223393,37.68,50.96,K4_20250607_162531,1749288331.1541972,86
-10.83925811970039,39.97591015121634,38.43052668153541,10.031434377990536,37.69,50.94,K4_20250607_162531,1749288331.1541972,87
-9.628030683818906,43.30073403266124,41.750693882304404,11.796723508824016,37.66,50.95,K4_20250607_162531,1749288331.1541972,88
-9.81967790492672,41.874443978983436,40.30115356776969,11.436062647099334,37.66,51.01,K4_20250607_162531,1749288331.1541972,89
-10.469170765496074,41.586526924554164,41.005225880655416,11.590975451342274,37.65,51.03,K4_20250607_162531,1749288331.1541972,90
-10.565840475317145,38.97059974487547,38.32703745962772,10.904346244894441,37.64,51.19,K4_20250607_162531,1749288331.1541972,91
-9.578201464061294,40.63141856369475,38.95607429344,11.248864370382307,37.61,51.27,K4_20250607_162531,1749288331.1541972,92
-9.515165156292369,39.204066428748774,37.48583613452411,10.862785882038452,37.6,51.38,K4_20250607_162531,1749288331.1541972,93
-8.770694784436046,37.30234635717716,35.553115715145395,10.381904733072133,37.6,51.46,K4_20250607_162531,1749288331.1541972,94
-8.133562912610842,38.25108223042662,36.478080236072856,10.571510054316832,37.58,51.52,K4_20250607_162531,1749288331.1541972,95
-8.389092540754518,35.34936215885591,34.545359816693235,10.090628905350513,37.58,51.6,K4_20250607_162531,1749288331.1541972,96
-7.241747511908898,38.198756022407906,37.38234691261823,10.735697748942357,37.55,51.63,K4_20250607_162531,1749288331.1541972,97
-8.452974947790608,34.87393214096301,33.06217971184924,9.970408618109104,37.58,51.62,K4_20250607_162531,1749288331.1541972,98
-7.508792029530014,39.86063692249536,38.032081590812595,11.105633501049397,37.53,51.66,K4_20250607_162531,1749288331.1541972,99
-7.508792029530014,39.86063692249536,38.032081590812595,11.105633501049397,37.53,51.66,K4_20250607_162531,1749288331.1541972,100
0.0,0.0,0.0,0.0,38.07,52.09,K5_20250607_163447,1749288887.594735,1
-0.06388240703586234,-0.4754300178929043,-0.48318010484490515,-0.12022028724163647,38.07,52.11,K5_20250607_163447,1749288887.594735,2
-1.211227435881483,-3.3248238814448996,-4.320167200769902,-0.7652891308332528,38.1,52.08,K5_20250607_163447,1749288887.594735,3
-0.7648966858969288,-1.8995959090352699,-2.891324730616361,-0.4300458957279716,38.09,52.07,K5_20250607_163447,1749288887.594735,4
-0.8287790929330185,-2.375025926928174,-3.3745048354612663,-0.550266182969608,38.09,52.09,K5_20250607_163447,1749288887.594735,5
-1.3070510464353902,-4.037968908284711,-5.044937358036805,-0.9456195616955938,38.1,52.11,K5_20250607_163447,1749288887.594735,6
-0.860720296450836,-2.6127409358741716,-3.616094887883264,-0.6103763265903126,38.09,52.1,K5_20250607_163447,1749288887.594735,7
-2.4863372787990556,-7.1250777807827035,-8.123514506384709,-1.6507985489083694,38.13,52.09,K5_20250607_163447,1749288887.594735,8
-1.3070510464353902,-4.037968908284711,-5.044937358036805,-0.9456195616955938,38.1,52.11,K5_20250607_163447,1749288887.594735,9
-2.040006528814274,-5.699849808371255,-6.694672036231168,-1.3155553138026335,38.12,52.08,K5_20250607_163447,1749288887.594735,10
-2.454396075281011,-6.887362771835797,-7.881924453961801,-1.5906884052874375,38.13,52.08,K5_20250607_163447,1749288887.594735,11
-2.3585724647271036,-6.174217744996895,-7.157154296694898,-1.4103579744250965,38.13,52.05,K5_20250607_163447,1749288887.594735,12
-2.3266312612090587,-4.936502736049988,-6.9155642442729,-1.350247830804392,38.13,52.04,K5_20250607_163447,1749288887.594735,13
-2.8049032147114303,-7.599445717406525,-7.585996766847529,-1.7456012095303777,38.14,52.06,K5_20250607_163447,1749288887.594735,14
-2.2946900576912412,-4.698787727103991,-5.673974191849993,-1.2901376871836874,38.13,52.03,K5_20250607_163447,1749288887.594735,15
-2.3266312612090587,-5.936502736049988,-5.9155642442729,-1.350247830804392,38.13,52.04,K5_20250607_163447,1749288887.594735,16
-2.836844418229248,-6.8371607263534315,-7.827586819269527,-1.8057113531513096,38.14,52.07,K5_20250607_163447,1749288887.594735,17
-4.888365836520961,-8.973409563066525,-9.93980375792762,-2.2704497658808123,38.17,52.01,K5_20250607_163447,1749288887.594735,18
-3.485491179531664,-4.222295627942913,-5.1700962426230035,-1.14449977332265,38.14,51.96,K5_20250607_163447,1749288887.594735,19
-2.5174323830497087,-4.46001063688982,-5.411686295045911,-1.2046099169433546,38.14,51.97,K5_20250607_163447,1749288887.594735,20
-2.645197197121661,-5.410870672674719,-6.378046504734812,-1.4450504914266276,38.14,52.01,K5_20250607_163447,1749288887.594735,21
-4.205239573899689,-6.642213194011674,-6.49544949086976,-1.3526548753322913,38.2,51.72,K5_20250607_163447,1749288887.594735,22
-2.9923199394838775,0.488174993112807,0.731554237421733,1.4252318066721728,38.19,51.47,K5_20250607_163447,1749288887.594735,23
-3.0234150437352127,2.1532421370047814,2.443382448759621,4.871420438636733,38.2,51.35,K5_20250607_163447,1749288887.594735,24
-3.4173782761606617,4.767045154148036,5.080175181025879,9.507214391846219,38.19,51.29,K5_20250607_163447,1749288887.594735,25
-4.798980519842189,5.7200293524692825,5.08793107947713,12.798490219567839,38.21,51.15,K5_20250607_163447,1749288887.594735,26
-4.41568607762656,7.572609459825799,7.987011708545651,14.519811943017203,38.21,51.03,K5_20250607_163447,1749288887.594735,27
-6.637582303718318,9.71416870287976,10.202717869111439,15.1116384888428,38.23,50.84,K5_20250607_163447,1749288887.594735,28
-5.3616263615338084,15.417204755056446,14.959483438485222,16.503446682502954,38.21,50.7,K5_20250607_163447,1749288887.594735,29
-7.09458184391292,12.755323854968992,13.309748760292678,16.133510930395914,38.23,50.67,K5_20250607_163447,1749288887.594735,30
-7.169979140425994,15.843494808735159,16.409023753019937,16.864107544227863,38.21,50.64,K5_20250607_163447,1749288887.594735,31
-8.062640640395102,12.99303886391499,12.551338812714675,16.193621074016846,38.23,50.66,K5_20250607_163447,1749288887.594735,32
-9.763654919256169,11.568872972772624,11.14319418694231,15.883795465530511,38.25,50.62,K5_20250607_163447,1749288887.594735,33
-8.308412744708221,20.35901789744821,19.978536904664907,17.980782646403213,38.2,50.5,K5_20250607_163447,1749288887.594735,34
-9.742382505948399,17.272971106217483,16.920657600699087,17.301021285810066,38.24,50.43,K5_20250607_163447,1749288887.594735,35
-9.58267648835863,17.4615461509502,17.128607862810895,16.601572003914043,38.24,50.38,K5_20250607_163447,1749288887.594735,36
-10.816933703194536,21.26392421282435,20.97335085718896,17.53791667522728,38.23,50.27,K5_20250607_163447,1749288887.594735,37
-12.039676028553231,21.50270130303852,21.235638753992134,17.623444445467157,38.24,50.21,K5_20250607_163447,1749288887.594735,38
-11.56140407505086,23.165644284395967,22.906071276568582,18.018797824193598,38.23,50.19,K5_20250607_163447,1749288887.594735,39
-11.879970010963461,21.691276347770327,22.443589016103942,17.923995163571135,38.24,50.16,K5_20250607_163447,1749288887.594735,40
-12.784146400409554,22.404421374610138,23.168359173370845,17.104325594433476,38.24,50.13,K5_20250607_163447,1749288887.594735,41
-13.688322789855647,23.11756640144904,22.893129330638658,16.284656025295817,38.24,50.1,K5_20250607_163447,1749288887.594735,42
-12.029918504722673,29.77040040814427,29.595557265321986,17.891487166820298,38.21,49.97,K5_20250607_163447,1749288887.594735,43
-13.145322330050249,27.15872155353736,26.000160221818987,17.30652846684916,38.24,49.93,K5_20250607_163447,1749288887.594735,44
-13.507344358958107,29.010239579626614,28.878543006508153,18.002432563679577,38.23,49.86,K5_20250607_163447,1749288887.594735,45
-14.698991580065695,27.58394952594881,27.429002691973437,16.641771701954667,38.23,49.92,K5_20250607_163447,1749288887.594735,46
-13.615528958256391,29.9579133716079,29.78280968305262,18.166620258304874,38.2,49.97,K5_20250607_163447,1749288887.594735,47
-13.711352568810298,29.24476834476809,28.058039525784807,17.986289827442306,38.2,50.0,K5_20250607_163447,1749288887.594735,48
-14.317389336384167,26.630965327626654,25.421246793520368,17.350495874233275,38.21,50.06,K5_20250607_163447,1749288887.594735,49
-13.648316261040918,27.817416209823023,26.587801366869826,17.600211339098678,38.19,50.11,K5_20250607_163447,1749288887.594735,50
-15.222411825097652,24.441328201625765,24.192598687026475,17.024527529509896,38.2,50.16,K5_20250607_163447,1749288887.594735,51
-14.839963482148733,25.39112615614431,25.13826105233511,17.239550477373996,38.19,50.17,K5_20250607_163447,1749288887.594735,52
-14.99966949973873,24.202551111412504,23.930310790223302,16.93899975927002,38.19,50.22,K5_20250607_163447,1749288887.594735,53
-14.596794842749205,28.953665046535207,27.70001830552701,18.06494975182818,38.16,50.17,K5_20250607_163447,1749288887.594735,54
-14.564853639231387,28.191380055481204,27.941608357949917,18.125059895448885,38.16,50.16,K5_20250607_163447,1749288887.594735,55
-13.257802592796224,32.229348963765005,31.986545715985812,18.07067945714448,38.13,50.14,K5_20250607_163447,1749288887.594735,56
-14.257802592796224,32.229348963765005,31.986545715985812,18.07067945714448,38.13,50.14,K5_20250607_163447,1749288887.594735,57
-15.62873604626725,27.7159500375883,26.458428253105012,17.00483960820725,38.16,50.18,K5_20250607_163447,1749288887.594735,58
-14.353626203350132,31.516203936926104,30.26177555871891,17.890349026282138,38.13,50.17,K5_20250607_163447,1749288887.594735,59
-14.875354249847533,32.17914691828355,31.932208081295357,18.28570240500858,38.12,50.15,K5_20250607_163447,1749288887.594735,60
-15.078516360432786,34.316457836263,34.065122864333716,17.775858444357027,38.1,50.16,K5_20250607_163447,1749288887.594735,61
-14.632185610448232,35.74168580867354,35.49396533448726,18.111101679462536,38.09,50.15,K5_20250607_163447,1749288887.594735,62
-14.664126813966277,35.50397079972663,34.25237528206435,18.050991535841604,38.09,50.16,K5_20250607_163447,1749288887.594735,63
-14.951597645627771,33.364535719209016,32.07806481026273,17.51000024325458,38.09,50.25,K5_20250607_163447,1749288887.594735,64
-14.02784104140801,34.54992452013721,33.223921539230105,17.734298081501038,38.06,50.35,K5_20250607_163447,1749288887.594735,65
-13.77315751253127,33.548862438869946,33.20322369484984,17.708880454881864,38.05,50.4,K5_20250607_163447,1749288887.594735,66
-13.964804733639085,32.12257238519123,31.753683380315124,17.348219593157182,38.05,50.46,K5_20250607_163447,1749288887.594735,67
-14.39155526884997,32.59587824054779,31.19546779639677,18.417604627160017,38.03,50.54,K5_20250607_163447,1749288887.594735,68
-14.232695350527138,31.881671132438896,30.449999794747782,18.211856569678503,38.02,50.62,K5_20250607_163447,1749288887.594735,69
-14.806790914583416,29.505583124244367,28.05479711490534,17.63617276008972,38.03,50.67,K5_20250607_163447,1749288887.594735,70
-13.69138708925584,32.117261978849456,30.65019415840834,18.22113146006086,38.0,50.71,K5_20250607_163447,1749288887.594735,71
-14.69138708925584,31.117261978849456,29.65019415840834,18.22113146006086,38.0,50.71,K5_20250607_163447,1749288887.594735,72
-13.384336042820223,35.15523088713417,33.695131516445144,19.16675102175668,37.97,50.69,K5_20250607_163447,1749288887.594735,73
-13.32045363578436,35.63066090502707,34.17831162129005,18.28697130899809,37.97,50.67,K5_20250607_163447,1749288887.594735,74
-13.128806414676546,37.056950958704874,35.627851935824765,18.647632170722773,37.97,50.61,K5_20250607_163447,1749288887.594735,75
-11.789814164723111,41.33263487593558,39.91437934628357,19.65336187603907,37.94,50.58,K5_20250607_163447,1749288887.594735,76
-11.439307025292692,41.04471782150631,39.618451659169295,19.808274680282466,37.93,50.6,K5_20250607_163447,1749288887.594735,77
-12.18462349641618,41.04365574023814,39.59775381478812,19.782857053663065,37.92,50.65,K5_20250607_163447,1749288887.594735,78
-11.45166801403684,42.7055366403265,41.247488492982484,20.152792805770105,37.9,50.68,K5_20250607_163447,1749288887.594735,79
-11.26086689219619,42.22904454116542,40.743610543755494,20.007154891909522,37.89,50.75,K5_20250607_163447,1749288887.594735,80
-11.07006577035554,41.752552442004344,40.239732594529414,19.861516978048485,37.88,50.82,K5_20250607_163447,1749288887.594735,81
-11.102006973873358,41.51483743305835,39.998142542107416,20.80140683442778,37.88,50.83,K5_20250607_163447,1749288887.594735,82
-12.197830584427265,40.801692406218535,39.273372384839604,20.62107640356544,37.88,50.86,K5_20250607_163447,1749288887.594735,83
-11.401838794279456,41.03622117136001,38.452868904118986,20.604933667328623,37.85,51.0,K5_20250607_163447,1749288887.594735,84
-10.382258579505788,41.93475499912711,40.32349579035417,21.009561936437194,37.82,51.07,K5_20250607_163447,1749288887.594735,85
-10.733611818203372,39.31988990071659,37.66600521370765,20.348350356608535,37.82,51.18,K5_20250607_163447,1749288887.594735,86
-10.03259753934185,40.744055791858955,39.074149839479105,20.65817596509487,37.8,51.22,K5_20250607_163447,1749288887.594735,87
-8.363524463998829,41.930506674053504,40.240704412827654,21.907891429960273,37.78,51.27,K5_20250607_163447,1749288887.594735,88
-9.320068371003572,38.60462071134225,36.89983936767658,21.117184672507847,37.8,51.31,K5_20250607_163447,1749288887.594735,89
-9.427406871034918,41.45507665616151,39.75752430798366,21.787671142718636,37.78,51.29,K5_20250607_163447,1749288887.594735,90
-7.1842382316353905,45.017615546553316,43.31928156117556,21.61307041717282,37.75,51.29,K5_20250607_163447,1749288887.594735,91
-7.992591010527576,45.44390560023112,43.768821875709364,21.973731278897503,37.75,51.23,K5_20250607_163447,1749288887.594735,92
-6.876341085932836,49.95836660767691,48.31763718297316,23.064988754453907,37.73,51.14,K5_20250607_163447,1749288887.594735,93
-6.07950319651809,52.095677525658175,50.450551966012426,21.555144793802583,37.71,51.15,K5_20250607_163447,1749288887.594735,94
-6.111444400035907,50.85796251671127,49.20896191359043,21.49503465018188,37.71,51.16,K5_20250607_163447,1749288887.594735,95
-6.027981778226376,53.23192636237036,51.56276890466961,22.019883206532086,37.68,51.21,K5_20250607_163447,1749288887.594735,96
-6.538194935246565,51.331268372067825,49.650746329672074,21.56441968418494,37.69,51.24,K5_20250607_163447,1749288887.594735,97
-5.00840156345248,55.130460190137455,53.4333957909048,23.42451147564043,37.65,51.28,K5_20250607_163447,1749288887.594735,98
-5.16810758104225,53.94188514540565,52.22544552879299,23.12396075753668,37.65,51.33,K5_20250607_163447,1749288887.594735,99
-4.372115790894213,54.176413910546216,52.40494204807146,23.107818021299863,37.62,51.47,K5_20250607_163447,1749288887.594735,100
0.0,0.0,0.0,0.0,38.03,51.49,K6_20250607_164404,1749289444.8319223,1
-1.529793371794085,-3.7991918180696302,-3.7826494612327224,-0.8600917914554884,38.07,51.45,K6_20250607_164404,1749289444.8319223,2
-0.6690730753430216,-1.1864508821945492,-1.1665545733476392,-0.24971546486517582,38.05,51.44,K6_20250607_164404,1749289444.8319223,3
-1.179286232363438,-3.0871088724979927,-3.0785771483469944,-1.7051789872123209,38.06,51.47,K6_20250607_164404,1749289444.8319223,4
-0.6371318718249768,-0.9487358732485518,-0.9249645209256414,-1.1896053212444713,38.05,51.43,K6_20250607_164404,1749289444.8319223,5
-1.5617345753119025,-4.036906827015628,-3.02423951365472,-1.9202019350764203,38.07,51.46,K6_20250607_164404,1749289444.8319223,6
-1.1473450288456206,-2.8493938635519953,-1.836987095924087,-0.6450688435916163,38.06,51.46,K6_20250607_164404,1749289444.8319223,7
-1.0195802147736686,-1.8985338277661867,-0.8706268862351862,-1.4046282691083434,38.06,51.42,K6_20250607_164404,1749289444.8319223,8
-1.4659109647579953,-2.323761800176726,-2.2994693563878172,-1.7398715042140793,38.07,51.43,K6_20250607_164404,1749289444.8319223,9
-2.166925243619289,-3.7479276913190915,-3.7076139821592733,-2.049697112700187,38.09,51.39,K6_20250607_164404,1749289444.8319223,10
-2.166925243619289,-3.7479276913190915,-3.7076139821592733,-2.049697112700187,38.09,51.39,K6_20250607_164404,1749289444.8319223,11
-1.2742637436504083,-0.8974717464980131,-0.8499290418531018,-1.3792106424893973,38.07,51.37,K6_20250607_164404,1749289444.8319223,12
-2.4854911795318912,-4.222295627943822,-4.1700962426230035,-2.1444997733224227,38.1,51.36,K6_20250607_164404,1749289444.8319223,13
-2.103042836583427,-3.2724976734261872,-3.224433877314368,-1.9294768254585506,38.09,51.37,K6_20250607_164404,1749289444.8319223,14
-2.5493735865677536,-4.697725645835817,-4.653276347467909,-2.264720060564059,38.1,51.38,K6_20250607_164404,1749289444.8319223,15
-2.4854911795318912,-4.222295627943822,-4.1700962426230035,-2.1444997733224227,38.1,51.36,K6_20250607_164404,1749289444.8319223,16
-2.4535499760138464,-3.9845806189969153,-2.928506190200096,-1.0843896297017181,38.1,51.35,K6_20250607_164404,1749289444.8319223,17
-1.4535499760138464,-3.9845806189969153,-2.928506190200096,-1.0843896297017181,38.1,51.35,K6_20250607_164404,1749289444.8319223,18
-2.9514021442898866,-7.546057428119639,-6.469565599010821,-1.884371277536502,38.14,51.3,K6_20250607_164404,1749289444.8319223,19
-3.0791669583618386,-8.496917463905447,-7.435925808700631,-3.124811852019775,38.14,51.34,K6_20250607_164404,1749289444.8319223,20
-2.505071394305787,-6.120829455709099,-5.040723128859099,-2.549128042431221,38.13,51.29,K6_20250607_164404,1749289444.8319223,21
-2.919460940772069,-7.308342419173641,-6.227975546587913,-2.8242611339157975,38.14,51.29,K6_20250607_164404,1749289444.8319223,22
-1.0988123402480596,5.241413090770948,7.5426574414887,0.6020170524689092,38.14,50.72,K6_20250607_164404,1749289444.8319223,23
0.9151756799176383,24.02302296007383,26.66966727162253,7.4015536517490546,38.16,49.83,K6_20250607_164404,1749289444.8319223,24
4.406589554318771,42.56479365789255,44.5136913605711,15.090144854170376,38.16,49.05,K6_20250607_164404,1749289444.8319223,25
6.259179358360598,56.35226417678405,57.52591440107062,22.57653318417556,38.16,48.47,K6_20250607_164404,1749289444.8319223,26
6.7923571272228855,67.76258460621102,69.12223691734653,27.461820077973243,38.16,47.99,K6_20250607_164404,1749289444.8319223,27
7.133887674977132,76.74661498195928,78.26901911908772,31.986446110046018,38.16,47.57,K6_20250607_164404,1749289444.8319223,28
5.880896344634493,80.55324136890704,82.19655349099048,34.024461287836175,38.19,47.26,K6_20250607_164404,1749289444.8319223,29
6.635970339588084,88.82200255527914,90.57716984670151,36.31792163580826,38.17,46.97,K6_20250607_164404,1749289444.8319223,30
7.051205985321758,91.91229767158256,93.71784052819203,37.09935350287833,38.17,46.84,K6_20250607_164404,1749289444.8319223,31
6.541838927568506,91.91442183411982,93.7592362169562,37.150188756116904,38.19,46.74,K6_20250607_164404,1749289444.8319223,32
6.180662997927811,95.66872201304795,98.59103726540434,38.35239162853259,38.19,46.54,K6_20250607_164404,1749289444.8319223,33
6.277332707748428,98.28464919272574,101.26922568643204,39.03902083498019,38.2,46.38,K6_20250607_164404,1749289444.8319223,34
4.086531585907778,98.76114129188682,100.77310363565812,38.18465874884123,38.21,46.31,K6_20250607_164404,1749289444.8319223,35
3.660627149964057,101.13722930008225,103.16830631550056,37.760342558429784,38.2,46.26,K6_20250607_164404,1749289444.8319223,36
4.043075492912749,101.0870272546008,104.1139686808092,37.975365506293656,38.19,46.27,K6_20250607_164404,1749289444.8319223,37
3.7121485682557704,102.27347813679444,105.28052325415774,38.22508097115906,38.17,46.32,K6_20250607_164404,1749289444.8319223,38
2.5320162366253953,97.28358711145847,100.24852784205086,37.01360320836102,38.19,46.43,K6_20250607_164404,1749289444.8319223,39
3.296912922522324,99.18318302049192,102.13985257266631,38.44364910408899,38.17,46.45,K6_20250607_164404,1749289444.8319223,40
1.830155858496937,93.95663906747632,95.8869649525177,37.19747882428919,38.2,46.52,K6_20250607_164404,1749289444.8319223,41
1.9136184803066953,96.3306029131345,98.24077194359779,38.722327380639626,38.17,46.57,K6_20250607_164404,1749289444.8319223,42
1.8816772767886505,96.0928879041885,97.99918189117489,39.66221723701892,38.17,46.58,K6_20250607_164404,1749289444.8319223,43
1.1044196021475727,95.85411081397433,98.73689399437171,39.57668946677882,38.16,46.64,K6_20250607_164404,1749289444.8319223,44
0.6900300556808361,94.66659785050979,96.54964157664108,39.30155637529401,38.17,46.64,K6_20250607_164404,1749289444.8319223,45
-0.4262198689134493,90.15213684306582,93.0008262693791,38.21029889973761,38.19,46.73,K6_20250607_164404,1749289444.8319223,46
0.7211251599321713,93.00153070661781,95.83781336530319,39.85536774332945,38.16,46.76,K6_20250607_164404,1749289444.8319223,47
0.48602184582910013,93.90112661565217,96.72913809591955,40.285413639057424,38.14,46.78,K6_20250607_164404,1749289444.8319223,48
0.4221394387930104,93.42569659776018,96.24595799107465,40.16519335181579,38.14,46.8,K6_20250607_164404,1749289444.8319223,49
-0.11916882247805916,93.19010575134962,96.045763627415,40.15591846143343,38.16,46.71,K6_20250607_164404,1749289444.8319223,50
0.7734926774905944,96.04056169616979,98.90344856772208,40.82640493164445,38.14,46.69,K6_20250607_164404,1749289444.8319223,51
0.8258601950494722,100.07959268572267,102.96908377014006,41.797442119959214,38.12,46.62,K6_20250607_164404,1749289444.8319223,52
-0.4607645373455398,98.84293975804394,102.74819156209742,41.76274960295768,38.13,46.58,K6_20250607_164404,1749289444.8319223,53
0.6546392879822633,101.45461861264994,104.34358860560133,40.347708302928595,38.1,46.62,K6_20250607_164404,1749289444.8319223,54
0.5268744739103113,100.50375857686413,103.37722839591152,40.10726772844555,38.1,46.66,K6_20250607_164404,1749289444.8319223,55
-1.5254930436481118,96.46472758731215,99.31159319349354,39.136230540130555,38.12,46.73,K6_20250607_164404,1749289444.8319223,56
-0.888361171823135,97.4134634605607,100.23655771442009,40.32583586137525,38.1,46.79,K6_20250607_164404,1749289444.8319223,57
-1.207773207002674,95.03631337109618,97.82065719019556,40.724734425167526,38.1,46.89,K6_20250607_164404,1749289444.8319223,58
0.449784978863363,99.78636522495253,102.5696668611181,41.82526679110629,38.06,46.89,K6_20250607_164404,1749289444.8319223,59
1.0558217464374593,102.40016824209488,105.20645959338435,43.46106074431577,38.05,46.83,K6_20250607_164404,1749289444.8319223,60
0.4825722816481175,101.92686238673741,104.76467517730089,43.391675710312484,38.07,46.75,K6_20250607_164404,1749289444.8319223,61
2.2678952815858793,107.62777427637866,110.48004505791323,44.73264865073429,38.03,46.71,K6_20250607_164404,1749289444.8319223,62
1.7142260315704334,109.05300224878829,111.90888752806677,45.0678918858398,38.02,46.7,K6_20250607_164404,1749289444.8319223,63
1.4906376069445741,107.38899718616358,109.21775716111006,44.64712088049441,38.02,46.77,K6_20250607_164404,1749289444.8319223,64
2.383299106913455,110.23945313098375,113.07544210141714,46.3176073507052,38.0,46.75,K6_20250607_164404,1749289444.8319223,65
2.1277694787697783,108.33773305941304,110.14272168203752,45.83672620173911,38.0,46.83,K6_20250607_164404,1749289444.8319223,66
3.3070557111334438,111.42484193191194,113.22129883038451,46.54190518895166,37.97,46.85,K6_20250607_164404,1749289444.8319223,67
1.701865042826057,109.71382106760848,112.53792436187905,45.412410011327665,37.99,46.78,K6_20250607_164404,1749289444.8319223,68
2.754232560384935,113.75285205716136,116.60355956429885,46.38344719964266,37.97,46.71,K6_20250607_164404,1749289444.8319223,69
4.061283606820325,117.79082096544516,120.64849692233474,46.329066761338254,37.94,46.69,K6_20250607_164404,1749289444.8319223,70
2.168622106851444,114.940365020625,117.79081198202948,44.65858029112724,37.96,46.71,K6_20250607_164404,1749289444.8319223,71
2.709084268855804,113.27317371419576,116.03758808192833,44.16155640592433,37.93,46.93,K6_20250607_164404,1749289444.8319223,72
3.7286644836297,115.17170754196195,117.90821496816352,44.56618467503267,37.9,47.0,K6_20250607_164404,1749289444.8319223,73
3.8236419949162155,113.98207041596197,116.67956686166872,46.24021633030952,37.89,47.1,K6_20250607_164404,1749289444.8319223,74
3.7278183843623083,112.26892538912307,115.95479670440182,46.05988589944718,37.89,47.13,K6_20250607_164404,1749289444.8319223,75
5.587692581546435,113.97888417215654,116.6174733285261,48.163963450451774,37.86,47.25,K6_20250607_164404,1749289444.8319223,76
4.364104156920575,112.31487910953183,114.92634296156939,48.74319244510639,37.86,47.32,K6_20250607_164404,1749289444.8319223,77
7.2133095638941995,117.49122101706598,120.12489294702573,50.20438567276983,37.82,47.26,K6_20250607_164404,1749289444.8319223,78
5.970140924494672,113.92868212667418,116.56313569383383,48.378986398315874,37.85,47.26,K6_20250607_164404,1749289444.8319223,79
6.373015581483969,118.67979606179779,121.33284320913845,48.50493639087381,37.82,47.21,K6_20250607_164404,1749289444.8319223,80
7.489265506078937,123.19425706924358,126.88165851640133,49.59619386643044,37.8,47.12,K6_20250607_164404,1749289444.8319223,81
7.52036061032959,121.52918992535069,124.16983030506253,49.15000523446565,37.79,47.24,K6_20250607_164404,1749289444.8319223,82
7.488419406811772,121.2914749164047,123.92824025264053,48.08989509084472,37.79,47.25,K6_20250607_164404,1749289444.8319223,83
8.699646842693255,123.61629879784869,127.24840745341044,48.8551842216782,37.76,47.26,K6_20250607_164404,1749289444.8319223,84
9.305683610267579,126.23010181499103,129.88520018567488,49.49097817488746,37.75,47.2,K6_20250607_164404,1749289444.8319223,85
9.134462703200597,128.6051277419192,132.25970502113705,49.04124435785684,37.73,47.2,K6_20250607_164404,1749289444.8319223,86
9.453028639112972,129.07949567854303,131.72218728160078,49.1360470184793,37.72,47.23,K6_20250607_164404,1749289444.8319223,87
9.293322621523203,127.89092063381122,130.51423701948806,48.835496300375326,37.72,47.28,K6_20250607_164404,1749289444.8319223,88
10.217079225742964,129.0763094347385,131.66009374845635,49.059794138621555,37.69,47.38,K6_20250607_164404,1749289444.8319223,89
9.993490801117332,127.4123043721138,129.96896338149963,49.63902313327617,37.69,47.45,K6_20250607_164404,1749289444.8319223,90
10.248174329994072,127.41124229084562,129.94826553711755,49.613605506656995,37.68,47.5,K6_20250607_164404,1749289444.8319223,91
10.045012219409045,129.5485532088269,132.08118032015682,50.103761546005444,37.66,47.51,K6_20250607_164404,1749289444.8319223,92
10.428306661624674,132.4011333161834,134.98026094922534,50.82508326945481,37.66,47.39,K6_20250607_164404,1749289444.8319223,93
12.947431243208484,141.6667082587519,144.29878377179284,52.04229073756915,37.61,47.25,K6_20250607_164404,1749289444.8319223,94
13.298784481906068,143.28157335716242,146.95627434843936,51.703502317397806,37.61,47.14,K6_20250607_164404,1749289444.8319223,95
14.160350877624069,147.79709644587456,150.52578750008342,52.82017741957361,37.6,47.0,K6_20250607_164404,1749289444.8319223,96
13.447821709285563,149.93653152639308,152.70009797188504,51.361168712160634,37.6,46.91,K6_20250607_164404,1749289444.8319223,97
14.531284331095321,152.31049537205217,155.05390496296604,51.886017268510614,37.57,46.96,K6_20250607_164404,1749289444.8319223,98
16.061077702889406,156.1096871901209,158.83655442419877,52.74610905996633,37.53,47.0,K6_20250607_164404,1749289444.8319223,99
14.614746952904852,154.68445921771126,157.40771195404614,52.41086582486105,37.54,47.01,K6_20250607_164404,1749289444.8319223,100
0.0,0.0,0.0,0.0,37.45,49.86,K7_20250607_165259,1749289979.0254953,1
-2.5502196858346906,-6.600507798675608,-7.606694611228704,-1.7710188361495511,37.51,49.88,K7_20250607_165259,1749289979.0254953,2
-1.275109842917118,-2.8002538993368944,-3.8033473056138973,-0.8855094180746619,37.48,49.87,K7_20250607_165259,1749289979.0254953,3
-1.2431686393993004,-2.5625388903899875,-3.56175725319099,-0.8253992744539573,37.48,49.86,K7_20250607_165259,1749289979.0254953,4
-0.24316863939930045,-2.5625388903899875,-3.56175725319099,-0.8253992744539573,37.48,49.86,K7_20250607_165259,1749289979.0254953,5
-2.05958674358817,-6.5983836361392605,-7.565298922466354,-0.7201835829114316,37.53,49.78,K7_20250607_165259,1749289979.0254953,6
-0.08346262180930353,-1.3739638456581815,-2.353806991079182,0.47515144365002016,37.48,49.81,K7_20250607_165259,1749289979.0254953,7
-1.4543960752807834,-5.887362771835797,-6.881924453961801,-1.5906884052872101,37.51,49.85,K7_20250607_165259,1749289979.0254953,8
-2.1873515576598948,-7.549243671925069,-8.531659132155255,-1.9606241573944772,37.53,49.82,K7_20250607_165259,1749289979.0254953,9
-0.4659109647582227,-2.323761800176726,-3.2994693563887267,0.2601284957859207,37.49,49.8,K7_20250607_165259,1749289979.0254953,10
-2.3266312612088313,-4.936502736049988,-5.915564244271991,-0.35024783080416455,37.51,49.81,K7_20250607_165259,1749289979.0254953,11
-3.473976290054452,-7.785896599602893,-8.752551340196987,-1.9953166743960082,37.54,49.78,K7_20250607_165259,1749289979.0254953,12
-2.294690057691014,-4.698787727103991,-5.673974191849993,-0.29013768718323263,37.51,49.8,K7_20250607_165259,1749289979.0254953,13
-2.3462114759827273,-6.835036563817084,-7.786191130507177,-0.7548760999129627,37.54,49.74,K7_20250607_165259,1749289979.0254953,14
-2.473976290054452,-7.785896599602893,-7.752551340196987,-0.9953166743960082,37.54,49.78,K7_20250607_165259,1749289979.0254953,15
-2.027645540070125,-6.360668627193263,-7.323708870043447,-1.6600734392904997,37.53,49.77,K7_20250607_165259,1749289979.0254953,16
-2.0915279471059876,-6.836098645086167,-6.806888974888352,-0.7802937265321361,37.53,49.79,K7_20250607_165259,1749289979.0254953,17
-2.5378586970905417,-8.261326617495797,-8.235731445041893,-1.1155369616376447,37.54,49.8,K7_20250607_165259,1749289979.0254953,18
-2.3462114759827273,-6.835036563817084,-6.786191130507177,-1.7548760999129627,37.54,49.74,K7_20250607_165259,1749289979.0254953,19
-2.505917493572497,-8.02361160854889,-7.994141392618985,-2.055426818016713,37.54,49.79,K7_20250607_165259,1749289979.0254953,20
-2.3142702724646824,-6.597321554871087,-6.54460107808427,-0.6947659562920308,37.54,49.73,K7_20250607_165259,1749289979.0254953,21
-2.663085213361228,-3.5038401947622333,-4.341836863449316,0.16291879063555825,37.57,49.45,K7_20250607_165259,1749289979.0254953,22
0.010153191204608447,23.833385834072942,23.441019165128637,6.075585307025676,37.57,48.3,K7_20250607_165259,1749289979.0254953,23
4.576053095739098,53.021067807730105,53.08156013401185,13.658738293626811,37.55,47.13,K7_20250607_165259,1749289979.0254953,24
6.111769162402425,69.13973469567463,69.53813744157014,18.062921514180744,37.58,46.26,K7_20250607_165259,1749289979.0254953,25
6.168367176296215,81.69267644942374,83.37086396279119,20.56545258042297,37.61,45.54,K7_20250607_165259,1749289979.0254953,26
5.957074573301952,95.00471695042233,95.89990689844672,22.931620623186973,37.61,44.98,K7_20250607_165259,1749289979.0254953,27
7.776877074558797,105.65169030752713,106.71712162276344,24.851600033986188,37.6,44.54,K7_20250607_165259,1749289979.0254953,28
6.002157697718758,111.12125967583052,112.31508851724175,25.284968590502558,37.62,44.21,K7_20250607_165259,1749289979.0254953,29
7.629466878600624,118.43916082641772,119.72934466326296,27.3379883639916,37.6,43.96,K7_20250607_165259,1749289979.0254953,30
7.937364024303179,124.37991188754222,124.72770028506056,28.789906701272685,37.58,43.81,K7_20250607_165259,1749289979.0254953,31
4.802379984201707,118.86969920517004,120.26167635532329,26.800319732193202,37.64,43.7,K7_20250607_165259,1749289979.0254953,32
6.619644187657514,124.80832610375637,125.21863628835763,27.201402816235714,37.6,43.65,K7_20250607_165259,1749289979.0254953,33
6.672011705216164,128.84735709330926,129.28427149077652,28.172440004550708,37.58,43.58,K7_20250607_165259,1749289979.0254953,34
5.333019455262729,123.57167317607855,124.9977440803168,27.166710299234182,37.61,43.61,K7_20250607_165259,1749289979.0254953,35
4.8432326122831455,125.47233116638199,125.90976665531434,27.622173821581328,37.6,43.58,K7_20250607_165259,1749289979.0254953,36
3.5885490834064058,125.47339324765016,125.93046449969552,27.647591448200274,37.61,43.53,K7_20250607_165259,1749289979.0254953,37
3.9399023221039897,127.08825834606068,128.58795507634204,27.308803028028933,37.61,43.42,K7_20250607_165259,1749289979.0254953,38
3.3551379678376634,130.1785534623632,131.72862575783438,28.09023489509923,37.61,43.29,K7_20250607_165259,1749289979.0254953,39
2.866197224125017,133.98199360550552,135.5940665965927,28.05199719303164,37.61,43.13,K7_20250607_165259,1749289979.0254953,40
2.6958224163249724,137.25980168527258,138.92198969581477,29.10856215158674,37.6,43.0,K7_20250607_165259,1749289979.0254953,41
2.4411388874482327,137.26086376654075,137.94268754019595,29.133979778205685,37.61,42.95,K7_20250607_165259,1749289979.0254953,42
2.5050212944843224,137.73629378443366,138.42586764504085,29.25420006544732,37.61,42.93,K7_20250607_165259,1749289979.0254953,43
1.015234451504739,138.6369517747362,140.3378902200384,28.709663587794466,37.6,42.9,K7_20250607_165259,1749289979.0254953,44
1.1429992655764636,139.587811810522,141.3042504297282,28.95010416227774,37.6,42.86,K7_20250607_165259,1749289979.0254953,45
3.246888201427055,145.7630916367889,146.48210257080427,30.38587976332201,37.55,42.85,K7_20250607_165259,1749289979.0254953,46
1.1625794803503595,140.4863456382891,142.1748773159643,29.354732431386083,37.57,42.93,K7_20250607_165259,1749289979.0254953,47
1.7997113521755637,141.43508151153856,143.09984183689085,29.54433775263101,37.55,42.99,K7_20250607_165259,1749289979.0254953,48
1.6400053345857941,140.24650646680675,141.89189157477904,29.24378703452703,37.55,43.04,K7_20250607_165259,1749289979.0254953,49
1.2567108923701653,137.39392635945023,138.99281094571052,28.522465311077667,37.55,43.16,K7_20250607_165259,1749289979.0254953,50
0.9577251712310044,138.81809225059078,140.40095557148197,29.832290919563775,37.53,43.2,K7_20250607_165259,1749289979.0254953,51
0.9257839677131869,138.58037724164478,140.15936551905907,29.77218077594307,37.53,43.21,K7_20250607_165259,1749289979.0254953,52
0.6711004388364472,137.58143932291296,139.18006336344115,29.79759840256247,37.54,43.16,K7_20250607_165259,1749289979.0254953,53
0.926630066980124,139.48315939448366,140.11278378281986,30.278479551528562,37.54,43.08,K7_20250607_165259,1749289979.0254953,54
1.6489167591491878,145.6114234190718,147.2983918223481,32.00553098029445,37.51,42.93,K7_20250607_165259,1749289979.0254953,55
2.701284276707611,149.65045440862377,151.36402702476607,31.97656816860922,37.49,42.86,K7_20250607_165259,1749289979.0254953,56
3.657828183712809,152.97634037133776,154.70489206991715,31.767274926061873,37.47,42.82,K7_20250607_165259,1749289979.0254953,57
2.4989682653899763,153.69054747944483,155.45036007156705,31.973022983543615,37.48,42.74,K7_20250607_165259,1749289979.0254953,58
2.8814166083384407,154.64034543396247,156.39602243687386,32.18804593140749,37.47,42.75,K7_20250607_165259,1749289979.0254953,59
2.8175342013025784,153.16491541606956,154.91284233202896,32.06782564416585,37.47,42.77,K7_20250607_165259,1749289979.0254953,60
2.753651794266716,152.68948539817666,154.42966222718405,31.947605356924214,37.47,42.79,K7_20250607_165259,1749289979.0254953,61
3.8566946308499155,156.96198307160284,157.65409610450024,33.87708218238299,37.41,42.91,K7_20250607_165259,1749289979.0254953,62
2.1982903457171687,150.30914906490761,150.9516681698169,32.270251040858966,37.44,43.04,K7_20250607_165259,1749289979.0254953,63
3.313694171044517,152.9208279195136,153.547065213319,32.85520974082965,37.41,43.08,K7_20250607_165259,1749289979.0254953,64
2.0581645429008404,151.0191078479429,151.61434479393938,32.37432859186356,37.41,43.16,K7_20250607_165259,1749289979.0254953,65
3.2374507752642785,153.1062167204409,154.69292194228728,33.07950757907588,37.38,43.18,K7_20250607_165259,1749289979.0254953,66
3.0138623506384192,151.4422116578162,153.00179157532966,32.658736573730266,37.38,43.25,K7_20250607_165259,1749289979.0254953,67
1.8860975365666945,150.49135162203038,151.03543136564076,32.41829599924722,37.38,43.29,K7_20250607_165259,1749289979.0254953,68
3.671420536504229,156.19226351167072,156.7508012462522,33.75926893966903,37.34,43.25,K7_20250607_165259,1749289979.0254953,69
3.1292661759662224,154.05389051242128,154.59718861883266,33.243695273701405,37.35,43.29,K7_20250607_165259,1749289979.0254953,70
4.882647972385939,158.51708739311653,160.0709684470221,34.52455807050251,37.31,43.26,K7_20250607_165259,1749289979.0254953,71
4.341339711114642,157.28149654670597,159.87077408336245,34.51528318012015,37.33,43.17,K7_20250607_165259,1749289979.0254953,72
5.010412786457664,158.46794742890143,161.0373286567119,33.76499864498555,37.31,43.22,K7_20250607_165259,1749289979.0254953,73
6.604088565287839,162.74256926486305,164.30315822278953,34.745310723682906,37.27,43.24,K7_20250607_165259,1749289979.0254953,74
5.551721047729188,158.70353827531108,160.23752302037246,33.77427353536791,37.29,43.31,K7_20250607_165259,1749289979.0254953,75
6.188852919554392,159.65227414856054,160.1624875412981,33.96387885661261,37.27,43.37,K7_20250607_165259,1749289979.0254953,76
7.336197948400013,162.50166801211253,162.9994746372231,34.608947700204226,37.24,43.4,K7_20250607_165259,1749289979.0254953,77
6.62282268079457,161.73832093979217,163.22036684526392,35.64364021720621,37.23,43.44,K7_20250607_165259,1749289979.0254953,78
5.283830430841363,157.46263702256056,158.93383943480512,34.637910511889686,37.26,43.47,K7_20250607_165259,1749289979.0254953,79
5.825138692112432,157.6982278689702,159.13403379846477,34.64718540227159,37.24,43.56,K7_20250607_165259,1749289979.0254953,80
6.195226046316748,160.30884464230712,161.70873299758568,35.206726475623555,37.2,43.65,K7_20250607_165259,1749289979.0254953,81
6.290203557603945,159.11920751630805,160.4800848910927,34.88075813090063,37.19,43.75,K7_20250607_165259,1749289979.0254953,82
6.066615132978086,157.45520245368334,158.78895452413508,34.45998712555502,37.19,43.82,K7_20250607_165259,1749289979.0254953,83
7.150077754787844,158.82916629934334,161.14276151521608,34.984835681905224,37.16,43.87,K7_20250607_165259,1749289979.0254953,84
6.862606923126123,156.68973121882482,157.96845104341446,33.4438443893182,37.16,43.96,K7_20250607_165259,1749289979.0254953,85
7.946069544935426,159.0636950644839,160.32225803449364,34.96869294566818,37.13,44.01,K7_20250607_165259,1749289979.0254953,86
7.914128341417381,158.825980055537,159.08066798207074,34.908582802047476,37.13,44.02,K7_20250607_165259,1749289979.0254953,87
9.475862916729511,162.86288688255354,163.10490749572637,35.8287847371239,37.09,44.05,K7_20250607_165259,1749289979.0254953,88
8.328517887884118,160.01349301900154,161.26792039980228,35.18371589353228,37.12,44.02,K7_20250607_165259,1749289979.0254953,89
9.687936451878159,167.09049291683823,169.37849296025706,37.10037264354264,37.07,43.93,K7_20250607_165259,1749289979.0254953,90
10.007348487057698,168.46764300630275,170.7943934844816,37.7014740797506,37.07,43.83,K7_20250607_165259,1749289979.0254953,91
11.474105551083085,173.69418695931745,175.0472811046302,38.94764435955017,37.04,43.76,K7_20250607_165259,1749289979.0254953,92
11.760730283477415,173.93083988699618,175.26817331267102,38.9823368765517,37.03,43.8,K7_20250607_165259,1749289979.0254953,93
11.951531405318292,173.4543477878351,174.76429536344494,38.83669896269089,37.02,43.87,K7_20250607_165259,1749289979.0254953,94
11.66406057365657,171.3149127073175,172.58998489164333,38.295707670103866,37.02,43.96,K7_20250607_165259,1749289979.0254953,95
12.779464398984146,173.9265915619235,175.18538193514541,38.88066637007478,36.99,44.0,K7_20250607_165259,1749289979.0254953,96
13.57545618913241,174.16112032706496,175.3648784544239,37.86452363383796,36.96,44.14,K7_20250607_165259,1749289979.0254953,97
13.41575017154264,172.97254528233316,174.156928192313,38.56397291573421,36.96,44.19,K7_20250607_165259,1749289979.0254953,98
13.574610089865018,172.25833817422517,173.41146019066218,38.35822485825247,36.95,44.27,K7_20250607_165259,1749289979.0254953,99
14.594190304638914,174.15687200199227,174.2820870768992,38.76285312736104,36.92,44.34,K7_20250607_165259,1749289979.0254953,100
0.0,0.0,0.0,0.0,37.0,49.22,K8_20250607_170249,1749290569.8999946,1
0.3824483429486918,0.9497979545167254,0.9456623653077258,0.2150229478638721,36.99,49.23,K8_20250607_170249,1749290569.8999946,2
0.4782719535023716,1.6629429813556271,1.6704325225755383,0.39535337872598575,36.99,49.2,K8_20250607_170249,1749290569.8999946,3
0.0,0.0,0.0,0.0,37.0,49.22,K8_20250607_170249,1749290569.8999946,4
0.06388240703586234,0.4754300178929043,0.48318010484490515,0.12022028724163647,37.0,49.2,K8_20250607_170249,1749290569.8999946,5
0.03194120351804486,0.2377150089459974,0.24159005242199783,0.06011014362070455,37.0,49.21,K8_20250607_170249,1749290569.8999946,6
0.5421543605384613,2.138372999249441,2.1536126274204435,0.5155736659676222,36.99,49.18,K8_20250607_170249,1749290569.8999946,7
0.0,0.0,0.0,0.0,37.0,49.22,K8_20250607_170249,1749290569.8999946,8
0.0958236105539072,0.7131450268389017,0.724770157266903,0.18033043086234102,37.0,49.19,K8_20250607_170249,1749290569.8999946,9
-1.1154038253275758,-2.6116788546069074,-2.595397043502089,-0.5849586999711391,37.03,49.18,K8_20250607_170249,1749290569.8999946,10
-0.7648966858971562,-1.8995959090361794,-1.8913247306163612,-1.4300458957279716,37.02,49.2,K8_20250607_170249,1749290569.8999946,11
-0.11540382532757576,-2.6116788546069074,-2.595397043502089,-1.5849586999711391,37.03,49.18,K8_20250607_170249,1749290569.8999946,12
-0.5936757788299474,-4.274621835963444,-4.2658295660776275,-1.980312078697125,37.04,49.2,K8_20250607_170249,1749290569.8999946,13
-0.4659109647579953,-3.3237618001776355,-3.2994693563878172,-1.7398715042140793,37.04,49.16,K8_20250607_170249,1749290569.8999946,14
-0.05152141829171342,-2.1362488367130936,-2.112216938657184,-0.46473841272950267,37.03,49.16,K8_20250607_170249,1749290569.8999946,15
-0.5297933717938577,-3.7991918180696302,-3.7826494612327224,-0.8600917914557158,37.04,49.18,K8_20250607_170249,1749290569.8999946,16
-0.4978521682760402,-3.561476809123633,-3.5410594088107246,-0.7999816478347839,37.04,49.17,K8_20250607_170249,1749290569.8999946,17
-0.4659109647579953,-3.3237618001776355,-3.2994693563878172,-0.7398715042140793,37.04,49.16,K8_20250607_170249,1749290569.8999946,18
-1.1988664471371067,-4.985642700265998,-4.949204034582181,-1.109807256321119,37.06,49.13,K8_20250607_170249,1749290569.8999946,19
-0.5617345753119025,-3.036906827016537,-4.02423951365563,-0.9202019350764203,37.04,49.19,K8_20250607_170249,1749290569.8999946,20
-1.0195802147736686,-0.8985338277670962,-1.8706268862351862,-0.40462826910857075,37.03,49.15,K8_20250607_170249,1749290569.8999946,21
-1.782784702136496,1.0074345688772155,0.1448849106700436,0.1779233863344416,37.07,48.87,K8_20250607_170249,1749290569.8999946,22
1.0297334059780496,25.73191966183822,25.311646051362914,6.480213576134247,37.09,47.73,K8_20250607_170249,1749290569.8999946,23
4.512170688703009,51.54563778983538,51.59838002916695,12.538518006385175,37.1,46.51,K8_20250607_170249,1749290569.8999946,24
7.642408633463219,73.84170866658224,74.27420516656366,17.42931208122195,37.1,45.53,K8_20250607_170249,1749290569.8999946,25
8.549058153597798,94.47377448070529,96.25889993700366,22.899335150713114,37.1,44.62,K8_20250607_170249,1749290569.8999946,26
10.051986917476142,109.45194420686494,110.52046892837825,25.737109452061077,37.12,43.89,K8_20250607_170249,1749290569.8999946,27
10.680988296892338,120.57540966313081,122.84156160192106,28.802726776720874,37.12,43.38,K8_20250607_170249,1749290569.8999946,28
12.499944698882018,129.31960086739673,131.7053580624779,30.21640741193437,37.1,43.07,K8_20250607_170249,1749290569.8999946,29
9.991423740395476,131.22450718277196,133.70017201500013,29.77354144075821,37.13,42.84,K8_20250607_170249,1749290569.8999946,30
9.884931339631748,135.97774528043283,137.511275219068,30.950326686554945,37.12,42.69,K8_20250607_170249,1749290569.8999946,31
10.140460967775425,136.87946535200354,139.44399563844672,31.431207835521263,37.12,42.61,K8_20250607_170249,1749290569.8999946,32
10.140460967775425,136.87946535200354,139.44399563844672,31.431207835521263,37.12,42.61,K8_20250607_170249,1749290569.8999946,33
7.694130217790644,135.454237379593,138.01515316829318,31.095964600415527,37.13,42.62,K8_20250607_170249,1749290569.8999946,34
7.917718642416503,137.1182424422177,138.7062835352499,31.516735605760914,37.13,42.55,K8_20250607_170249,1749290569.8999946,35
8.268225781847377,137.83032538778934,139.41035584813653,30.67164841000431,37.12,42.57,K8_20250607_170249,1749290569.8999946,36
8.268225781847377,136.83032538778934,139.41035584813653,30.67164841000431,37.12,42.57,K8_20250607_170249,1749290569.8999946,37
7.0650636712621235,138.9676363057706,141.5432706311758,31.161804449352758,37.1,42.58,K8_20250607_170249,1749290569.8999946,38
6.236284578329332,136.59261037884335,139.16876579571453,30.611538266383604,37.12,42.58,K8_20250607_170249,1749290569.8999946,39
5.140460967775425,135.87946535200354,138.44399563844672,30.431207835521263,37.12,42.61,K8_20250607_170249,1749290569.8999946,40
4.694130217790644,134.454237379593,136.01515316829318,30.095964600415527,37.13,42.62,K8_20250607_170249,1749290569.8999946,41
6.0650636712621235,137.9676363057706,140.5432706311758,31.161804449352758,37.1,42.58,K8_20250607_170249,1749290569.8999946,42
5.639159235318402,140.34372431396605,142.93847331101733,31.737488258941312,37.09,42.53,K8_20250607_170249,1749290569.8999946,43
5.224769688851893,139.15621135050242,141.7512208932876,31.462355167456735,37.1,42.53,K8_20250607_170249,1749290569.8999946,44
5.958571270498169,142.72087440342966,144.35437383524186,32.33858969514927,37.09,42.43,K8_20250607_170249,1749290569.8999946,45
3.671100438836447,139.58143932291205,142.18006336343933,30.797598402562016,37.09,42.52,K8_20250607_170249,1749290569.8999946,46
3.671100438836447,139.58143932291205,142.18006336343933,30.797598402562016,37.09,42.52,K8_20250607_170249,1749290569.8999946,47
3.1928284853340756,137.9184963415555,140.5096308408656,30.40224502383603,37.1,42.54,K8_20250607_170249,1749290569.8999946,48
3.6906806536101158,141.47997315067914,143.05069024967543,31.202226671670815,37.06,42.59,K8_20250607_170249,1749290569.8999946,49
3.562915839538391,139.52911311489333,142.08433003998653,30.96178609718777,37.06,42.63,K8_20250607_170249,1749290569.8999946,50
2.2878059966208184,135.72885921555553,138.2809827343708,30.076276679112652,37.09,42.64,K8_20250607_170249,1749290569.8999946,51
2.467092228984484,138.81596808805443,141.3595598827187,31.781455666325428,37.06,42.66,K8_20250607_170249,1749290569.8999946,52
3.550554850794015,141.18993193371352,143.7133668737988,32.30630422267541,37.03,42.71,K8_20250607_170249,1749290569.8999946,53
3.2000477113635952,140.4778489881428,143.00929456091308,31.151391418432468,37.04,42.69,K8_20250607_170249,1749290569.8999946,54
3.646378461347922,141.90307696055243,144.4381370310657,32.486634653537976,37.03,42.68,K8_20250607_170249,1749290569.8999946,55
4.028826804296386,142.85287491507006,144.38379939637434,32.70165760140185,37.02,42.69,K8_20250607_170249,1749290569.8999946,56
2.646378461347922,140.90307696055243,143.4381370310657,32.486634653537976,37.03,42.68,K8_20250607_170249,1749290569.8999946,57
4.783900799250205,151.12163610144398,153.76441575208537,33.995117949373935,37.0,42.4,K8_20250607_170249,1749290569.8999946,58
3.30647494501477,151.36147527292542,153.04740149327063,34.106063346232986,37.02,42.29,K8_20250607_170249,1749290569.8999946,59
4.42272486960951,155.8759362803712,157.5962168005335,35.19732082178962,37.0,42.2,K8_20250607_170249,1749290569.8999946,60
4.581584787932343,154.16172917226413,156.85074879888452,34.991572764307875,36.99,42.28,K8_20250607_170249,1749290569.8999946,61
6.2391429737981525,158.91178102611866,161.59975846980706,36.09210513024664,36.95,42.28,K8_20250607_170249,1749290569.8999946,62
5.919730938618613,156.53463093665414,159.18385794558344,35.49100369403891,36.95,42.38,K8_20250607_170249,1749290569.8999946,63
3.6126798921834506,151.49666202837125,155.13892058754755,34.545384132343315,36.98,42.4,K8_20250607_170249,1749290569.8999946,64
5.461039199890138,155.7702217830647,158.384052309244,35.50027858442127,36.93,42.47,K8_20250607_170249,1749290569.8999946,65
5.077744757674509,152.91764167570818,155.48497168017457,34.7789568609719,36.93,42.59,K8_20250607_170249,1749290569.8999946,66
4.332428286551021,152.91657959444,155.4642738357934,34.75353923435273,36.92,42.64,K8_20250607_170249,1749290569.8999946,67
5.00150136189427,154.10303047663638,156.63082840914285,35.00325469921813,36.9,42.69,K8_20250607_170249,1749290569.8999946,68
3.502803094351293,148.63877151467295,151.13635073657133,33.69697427579786,36.93,42.77,K8_20250607_170249,1749290569.8999946,69
5.160361280217103,153.38882336852748,155.88536040749386,34.79750664173662,36.89,42.77,K8_20250607_170249,1749290569.8999946,70
6.881801873118775,158.61430524027583,161.1175501832613,36.018259294917016,36.85,42.75,K8_20250607_170249,1749290569.8999946,71
6.243823902026861,154.76278721418748,158.23916739857395,35.3223551980866,36.86,42.82,K8_20250607_170249,1749290569.8999946,72
7.486992541426389,158.3253261045793,160.80092465176676,36.14775447254101,36.83,42.82,K8_20250607_170249,1749290569.8999946,73
8.379654041395042,161.17578204939855,163.65860959207203,36.8182409427518,36.81,42.8,K8_20250607_170249,1749290569.8999946,74
8.348558937144162,162.84084919329234,165.37043780341082,37.26442957471659,36.82,42.68,K8_20250607_170249,1749290569.8999946,75
10.006963222277136,169.49368319998666,172.07286573809415,38.87126071624084,36.79,42.55,K8_20250607_170249,1749290569.8999946,76
8.433713757487794,168.0203773446292,170.6310813220116,38.80187568223755,36.81,42.47,K8_20250607_170249,1749290569.8999946,77
9.740764803923184,172.0583462529139,174.6760186800493,39.747495243933145,36.78,42.45,K8_20250607_170249,1749290569.8999946,78
10.282073065194481,172.29393709932447,174.87621304370896,39.75677013431573,36.76,42.54,K8_20250607_170249,1749290569.8999946,79
10.218190658158619,171.81850708143156,173.39303293886405,39.63654984707409,36.76,42.56,K8_20250607_170249,1749290569.8999946,80
11.843807640506611,175.3308439263401,177.90045255736368,40.67697206939215,36.72,42.57,K8_20250607_170249,1749290569.8999946,81
10.620219215880752,173.66683886371538,176.20932219040697,39.256201064046536,36.72,42.64,K8_20250607_170249,1749290569.8999946,82
11.193468680669866,174.14014471907103,176.6511066064886,39.3255860980496,36.7,42.72,K8_20250607_170249,1749290569.8999946,83
11.09764507011596,173.42699969223213,175.9263364492217,39.14525566718726,36.7,42.75,K8_20250607_170249,1749290569.8999946,84
11.319541296207944,171.28544044917908,173.71063028865865,38.55342912136189,36.68,42.94,K8_20250607_170249,1749290569.8999946,85
11.63810723212032,171.7598083858029,174.17311254912056,38.64823178198435,36.67,42.97,K8_20250607_170249,1749290569.8999946,86
12.593805039858125,173.18291219567618,175.56055933051175,39.932639763851284,36.64,43.06,K8_20250607_170249,1749290569.8999946,87
12.848488568734865,172.181850114408,175.53986148613058,39.907222137231884,36.63,43.11,K8_20250607_170249,1749290569.8999946,88
12.65684134762705,170.7555600607293,174.09032117159586,39.5465612755072,36.63,43.17,K8_20250607_170249,1749290569.8999946,89
12.389796830006162,172.41744096081857,175.74005584979022,39.91649702761447,36.61,43.2,K8_20250607_170249,1749290569.8999946,90
14.016259911621319,178.8325599585669,181.20089373205064,41.46321802551802,36.58,43.08,K8_20250607_170249,1749290569.8999946,91
14.495377964390855,182.39828509276322,184.82474451838698,42.36487017982972,36.58,42.93,K8_20250607_170249,1749290569.8999946,92
15.037532324929089,184.53665809201175,185.97835714580742,42.88044384579757,36.57,42.89,K8_20250607_170249,1749290569.8999946,93
16.24875976081057,186.86148197345665,189.29852434657732,42.645732976630825,36.54,42.9,K8_20250607_170249,1749290569.8999946,94
17.045597650225318,188.99879289143792,191.43143912961568,43.135889015979274,36.52,42.91,K8_20250607_170249,1749290569.8999946,95
16.758126818563596,186.8593578109203,189.25712865781406,42.59489772339225,36.52,43.0,K8_20250607_170249,1749290569.8999946,96
17.012810347440563,186.85829572965304,189.2364308134329,42.56948009677308,36.51,43.05,K8_20250607_170249,1749290569.8999946,97
16.458294998157726,186.38074154922197,189.71185501982563,43.398424556293094,36.49,43.17,K8_20250607_170249,1749290569.8999946,98
18.0519707769879,190.6553633851854,193.97768458590326,44.37873663499022,36.45,43.19,K8_20250607_170249,1749290569.8999946,99
17.700617538290317,188.0404982867749,191.32019400925674,43.71752505516156,36.45,43.3,K8_20250607_170249,1749290569.8999946,100
0.0,0.0,0.0,0.0,36.51,48.85,K9_20250607_171147,1749291107.3706741,1
-0.38244834294891916,-0.9497979545185444,-0.9456623653095448,-0.21502294786409948,36.52,48.84,K9_20250607_171147,1749291107.3706741,2
-0.0958236105539072,-0.7131450268389017,-0.7247701572678125,-0.18033043086234102,36.51,48.88,K9_20250607_171147,1749291107.3706741,3
-1.3824483429489192,-0.9497979545185444,-0.9456623653095448,-0.21502294786409948,36.52,48.84,K9_20250607_171147,1749291107.3706741,4
0.0958236105539072,1.7131450268389017,0.724770157266903,0.18033043086234102,36.51,48.82,K9_20250607_171147,1749291107.3706741,5
-1.1473450288456206,-1.8493938635529048,-2.8369870959249965,-0.6450688435916163,36.54,48.82,K9_20250607_171147,1749291107.3706741,6
0.12776481407172469,1.9508600357858086,0.9663602096898103,0.24044057448304557,36.51,48.81,K9_20250607_171147,1749291107.3706741,7
-0.2546835288769671,1.0010620812672641,0.02069784438026545,0.02541762661917346,36.52,48.8,K9_20250607_171147,1749291107.3706741,8
-1.0834626218097583,-1.3739638456600005,-2.3538069910800914,-0.5248485563499798,36.54,48.8,K9_20250607_171147,1749291107.3706741,9
-0.28662473239501196,0.7633470723212668,-0.22089220804264187,-0.03469251700175846,36.52,48.81,K9_20250607_171147,1749291107.3706741,10
-0.22274232535914962,0.23877709021417104,0.26228789680317277,0.08552777023987801,36.52,48.79,K9_20250607_171147,1749291107.3706741,11
-0.22274232535914962,1.238777090214171,0.26228789680317277,0.08552777023987801,36.52,48.79,K9_20250607_171147,1749291107.3706741,12
-2.3585724647271036,-6.174217744997804,-6.157154296695808,-1.410357974424869,36.57,48.81,K9_20250607_171147,1749291107.3706741,13
-1.4659109647579953,-3.323761800176726,-3.2994693563887267,-0.7398715042140793,36.55,48.79,K9_20250607_171147,1749291107.3706741,14
-2.741020807675568,-7.12401569951453,-7.102816662003534,-1.6253809222887412,36.58,48.8,K9_20250607_171147,1749291107.3706741,15
-2.3585724647271036,-5.174217744997804,-6.157154296695808,-1.410357974424869,36.57,48.81,K9_20250607_171147,1749291107.3706741,16
-2.2627488541731964,-4.461072718158903,-5.432384139427995,-1.230027543562528,36.57,48.78,K9_20250607_171147,1749291107.3706741,17
-2.7090796041577505,-5.886300690567623,-6.861226609580626,-1.5652707786680367,36.58,48.79,K9_20250607_171147,1749291107.3706741,18
-1.402028557722133,-1.8483317822838217,-1.8162892515438216,-0.6196512169724429,36.55,48.77,K9_20250607_171147,1749291107.3706741,19
-1.402028557722133,-1.8483317822838217,-1.8162892515438216,-0.6196512169724429,36.55,48.77,K9_20250607_171147,1749291107.3706741,20
-2.645197197121661,-5.410870672675628,-5.378046504736631,-1.4450504914264002,36.58,48.77,K9_20250607_171147,1749291107.3706741,21
-2.166079144352352,-1.8451455384793007,-1.7541957184002968,-0.5433983371146951,36.58,48.62,K9_20250607_171147,1749291107.3706741,22
0.2001082137778667,21.454111582072073,21.98372295214085,5.423648617579602,36.61,47.49,K9_20250607_171147,1749291107.3706741,23
3.5121706887027813,51.54563778983629,52.59838002916695,13.538518006385175,36.61,46.14,K9_20250607_171147,1749291107.3706741,24
5.718652029243231,72.65631986565495,74.12834843759447,18.20501424297572,36.64,45.06,K9_20250607_171147,1749291107.3706741,25
7.7202790606647795,93.09874855377711,93.88439510154058,22.349068967743733,36.63,44.25,K9_20250607_171147,1749291107.3706741,26
8.382067742865729,106.36271117182969,108.40049609126709,25.981095211609954,36.64,43.6,K9_20250607_171147,1749291107.3706741,27
8.659715883584113,115.87131152968504,117.06409818816428,28.38550095644132,36.64,43.2,K9_20250607_171147,1749291107.3706741,28
9.58601078560514,122.76504678913079,124.07020970841404,30.128695121444025,36.64,42.91,K9_20250607_171147,1749291107.3706741,29
10.755474327025468,133.22132093896835,134.6380784818557,31.697288560900915,36.61,42.62,K9_20250607_171147,1749291107.3706741,30
8.927541333359613,131.74907716487905,134.21699191015523,32.6533211535168,36.64,42.49,K9_20250607_171147,1749291107.3706741,31
8.024211043180685,133.36500434455866,135.89518033118293,32.33995035996486,36.65,42.33,K9_20250607_171147,1749291107.3706741,32
7.981601049452365,138.5936724601106,140.1894636400948,33.63695589300278,36.64,42.16,K9_20250607_171147,1749291107.3706741,33
8.269917980381251,142.63588969346802,144.3171923756572,34.68424596117552,36.65,41.94,K9_20250607_171147,1749291107.3706741,34
7.74903603315056,146.20161482766343,147.94104316199355,34.585898115487225,36.65,41.79,K9_20250607_171147,1749291107.3706741,35
7.387014004242701,148.05313285375178,149.8194259466809,35.28180221231719,36.64,41.72,K9_20250607_171147,1749291107.3706741,36
7.355072800724656,146.81541784480578,149.5778358942589,35.221692068696484,36.64,41.73,K9_20250607_171147,1749291107.3706741,37
7.4189552077605185,147.29084786269868,150.0610159991029,35.34191235593789,36.64,41.71,K9_20250607_171147,1749291107.3706741,38
6.610602428868333,148.7171379163765,151.5105563136376,35.702573217662575,36.64,41.65,K9_20250607_171147,1749291107.3706741,39
5.610602428868333,148.7171379163765,150.5105563136376,35.702573217662575,36.64,41.65,K9_20250607_171147,1749291107.3706741,40
4.143845364843173,143.4905939633618,145.25766869348809,34.45640293786323,36.67,41.72,K9_20250607_171147,1749291107.3706741,41
4.323131597206611,147.57770283585978,148.336245841836,35.16158192507555,36.64,41.74,K9_20250607_171147,1749291107.3706741,42
4.513932719047489,147.1012107366978,147.8323678926099,35.01594401121474,36.63,41.81,K9_20250607_171147,1749291107.3706741,43
4.450050312011626,145.6257807188058,147.349187787765,34.89572372397333,36.63,41.83,K9_20250607_171147,1749291107.3706741,44
3.74903603315056,143.20161482766343,145.94104316199355,34.585898115487225,36.65,41.79,K9_20250607_171147,1749291107.3706741,45
3.1314843760990243,144.15141278218107,145.88670552730218,34.80092106335087,36.64,41.8,K9_20250607_171147,1749291107.3706741,46
4.2468882014266,146.76309163678707,148.48210257080427,35.38587976332201,36.61,41.84,K9_20250607_171147,1749291107.3706741,47
3.2468882014266,146.76309163678707,148.48210257080427,35.38587976332201,36.61,41.84,K9_20250607_171147,1749291107.3706741,48
3.278829404944645,147.00080664573397,148.72369262322627,34.445989906942714,36.61,41.83,K9_20250607_171147,1749291107.3706741,49
3.470476626052232,148.42709669941178,150.173232937761,34.806650768667396,36.61,41.77,K9_20250607_171147,1749291107.3706741,50
3.300101818252415,151.70490477917883,153.50115603698305,35.86321572722227,36.6,41.64,K9_20250607_171147,1749291107.3706741,51
3.269006714001307,153.36997192307172,155.21298424832094,36.309404359187056,36.61,41.52,K9_20250607_171147,1749291107.3706741,52
5.150153324493203,159.78402883955096,161.65312428620018,37.830707730471204,36.57,41.45,K9_20250607_171147,1749291107.3706741,53
4.054329713939296,158.07088381271205,160.92835412893328,37.65037729960886,36.57,41.48,K9_20250607_171147,1749291107.3706741,54
4.819226399836452,159.97047972174732,161.81967885955055,38.080423195336834,36.55,41.5,K9_20250607_171147,1749291107.3706741,55
3.8946236963495267,156.88230876798025,158.72040386682147,37.349826581504885,36.57,41.53,K9_20250607_171147,1749291107.3706741,56
4.563696771692776,158.06875965017662,159.88695844017093,37.599542046370516,36.55,41.58,K9_20250607_171147,1749291107.3706741,57
3.607152864687805,154.74287368746263,156.54609339501985,36.80883528891786,36.57,41.62,K9_20250607_171147,1749291107.3706741,58
3.308167143549099,156.167039578605,157.95423802079222,37.1186608974042,36.55,41.66,K9_20250607_171147,1749291107.3706741,59
4.742136904789049,158.25308636983573,161.01211732475804,37.79842225799757,36.51,41.73,K9_20250607_171147,1749291107.3706741,60
3.58243088719928,157.06451132510392,158.80416706264532,37.497871539893595,36.51,41.78,K9_20250607_171147,1749291107.3706741,61
3.0083353231427736,154.68842331690757,156.40896438280197,36.92218773030481,36.52,41.83,K9_20250607_171147,1749291107.3706741,62
4.027915537916442,156.58695714467376,158.27959126903806,37.326815999413384,36.49,41.9,K9_20250607_171147,1749291107.3706741,63
4.474246287901224,158.0121851170843,159.7084337391907,37.66205923451912,36.48,41.89,K9_20250607_171147,1749291107.3706741,64
4.474246287901224,158.0121851170843,159.7084337391907,37.66205923451912,36.48,41.89,K9_20250607_171147,1749291107.3706741,65
4.602011101972948,158.9630451528701,160.6747939488805,37.90249980900239,36.48,41.85,K9_20250607_171147,1749291107.3706741,66
3.857540730116625,159.86476522444082,162.60751436826013,38.383380957968484,36.48,41.77,K9_20250607_171147,1749291107.3706741,67
5.35623899765983,165.32902418640333,167.10199204083074,39.68966138138853,36.45,41.69,K9_20250607_171147,1749291107.3706741,68
6.058099375788061,168.6559722303855,170.4635549303639,40.50578576546059,36.44,41.6,K9_20250607_171147,1749291107.3706741,69
6.280841701146755,168.4171951401704,170.20126703355982,40.42025799522048,36.43,41.66,K9_20250607_171147,1749291107.3706741,70
7.109620794079774,170.79222106709767,172.575771869022,40.97052417819009,36.41,41.66,K9_20250607_171147,1749291107.3706741,71
6.886032369453915,168.12821600447296,170.88464150206528,40.549753172844476,36.41,41.73,K9_20250607_171147,1749291107.3706741,72
7.459281834243029,168.6015218598286,171.32642591814601,40.61913820684754,36.39,41.81,K9_20250607_171147,1749291107.3706741,73
6.203752206099352,166.6998017882579,168.3937054987664,40.13825705788122,36.39,41.89,K9_20250607_171147,1749291107.3706741,74
7.159450013837159,168.1229055981321,169.78115228015758,40.42266503974838,36.36,41.98,K9_20250607_171147,1749291107.3706741,75
7.604934664554321,167.64535141770284,169.25657648654942,40.25160949926817,36.34,42.1,K9_20250607_171147,1749291107.3706741,76
7.859618193431288,167.64428933643376,169.23587864216825,40.226191872649224,36.33,42.15,K9_20250607_171147,1749291107.3706741,77
8.560632472292355,169.06845522757612,170.6440232679406,40.53601748113533,36.31,42.19,K9_20250607_171147,1749291107.3706741,78
7.125816611785012,164.0796262835065,165.6327257002131,39.349957344956465,36.34,42.25,K9_20250607_171147,1749291107.3706741,79
8.68755118709737,168.11653311052305,169.65696521386963,40.27015928003311,36.3,42.28,K9_20250607_171147,1749291107.3706741,80
8.623668780061507,166.64110309263015,168.17378510902472,40.149938992791476,36.3,42.3,K9_20250607_171147,1749291107.3706741,81
9.058484640568395,171.62993203669885,173.18508267675043,41.335999128970116,36.27,42.24,K9_20250607_171147,1749291107.3706741,82
9.696462611660763,174.4814500627881,176.06346546143868,42.031903225800534,36.26,42.17,K9_20250607_171147,1749291107.3706741,83
10.780771332737459,177.75819606128607,180.37069071627866,43.063050557736005,36.24,42.09,K9_20250607_171147,1749291107.3706741,84
11.004359757363318,179.42220112391078,182.06182108323537,43.48382156308139,36.24,42.02,K9_20250607_171147,1749291107.3706741,85
11.67343283270634,180.60865200610715,183.22837565658574,43.73353702794702,36.22,42.07,K9_20250607_171147,1749291107.3706741,86
11.545668018634615,179.65779197032134,181.26201544689593,43.49309645346398,36.22,42.11,K9_20250607_171147,1749291107.3706741,87
11.51372681511657,179.42007696137534,181.02042539447393,43.432986309843045,36.22,42.12,K9_20250607_171147,1749291107.3706741,88
13.776475669289994,184.88114967953334,186.45280953390102,44.6630138534058,36.16,42.19,K9_20250607_171147,1749291107.3706741,89
12.501365826372421,181.08089578019553,182.6494622282862,43.77750443533091,36.19,42.2,K9_20250607_171147,1749291107.3706741,90
11.181953791192882,178.70374569073192,180.2335617040626,43.176402999123184,36.19,42.3,K9_20250607_171147,1749291107.3706741,91
13.508585052401713,184.6402484267819,186.14912594833368,44.52665082992735,36.13,42.35,K9_20250607_171147,1749291107.3706741,92
13.667444970724546,182.92604131867483,185.4036579466865,44.320902772445834,36.12,42.43,K9_20250607_171147,1749291107.3706741,93
14.400400453103657,184.5879222187632,187.05339262487905,44.690838524552646,36.1,42.46,K9_20250607_171147,1749291107.3706741,94
14.750907592534077,185.30000516433302,187.7574649377657,44.845751328795814,36.09,42.48,K9_20250607_171147,1749291107.3706741,95
14.623142778462352,184.3491451285472,185.79110472807588,44.60531075431277,36.09,42.52,K9_20250607_171147,1749291107.3706741,96
15.770487807307745,187.1985389921001,188.62809182399997,46.250379597904384,36.06,42.55,K9_20250607_171147,1749291107.3706741,97
15.356098260841463,186.01102602863648,187.44083940627024,45.97524650641981,36.07,42.55,K9_20250607_171147,1749291107.3706741,98
17.077538853743135,190.23650790038482,192.67302918203768,47.195999159600206,36.03,42.53,K9_20250607_171147,1749291107.3706741,99
17.52386960372769,191.66173587279445,194.1018716521903,47.53124239470549,36.02,42.52,K9_20250607_171147,1749291107.3706741,100
0.0,0.0,0.0,0.0,36.22,48.5,K10_20250607_172119,1749291679.7843509,1
0.9246027034866984,3.088170953767076,3.09927499272726,0.7305966138317217,36.2,48.47,K10_20250607_172119,1749291679.7843509,2
0.12776481407195206,0.9508600357858086,0.9663602096889008,0.24044057448327294,36.22,48.46,K10_20250607_172119,1749291679.7843509,3
-0.5732494647893418,-0.473305855356557,-0.44178441608346475,-0.06938503400306217,36.24,48.42,K10_20250607_172119,1749291679.7843509,4
-0.22274232535869487,0.23877709021508053,0.26228789680408227,0.08552777024033276,36.23,48.44,K10_20250607_172119,1749291679.7843509,5
0.15970601758976954,1.1885750447327155,1.2079502621118081,0.3005507181039775,36.22,48.45,K10_20250607_172119,1749291679.7843509,6
-0.7010142788610665,-1.4241658911423656,-1.4081446257723655,-0.3098256084863351,36.24,48.46,K10_20250607_172119,1749291679.7843509,7
-0.19080112184087739,0.4764920991619874,0.5038779492260801,0.1456379138610373,36.23,48.43,K10_20250607_172119,1749291679.7843509,8
0.2874708316617216,2.139435080518524,2.1743104718016184,0.540991292587023,36.22,48.41,K10_20250607_172119,1749291679.7843509,9
-0.5413082612712969,-0.2355908464105596,-0.20019436366055743,-1.0092748903821303,36.24,48.41,K10_20250607_172119,1749291679.7843509,10
-0.4774258542354346,0.23983917148234468,0.2829857411843477,-0.8890546031407212,36.24,48.39,K10_20250607_172119,1749291679.7843509,11
-1.3062049471684531,-2.1351867554440105,-2.091519094276009,-1.4393207861098745,36.26,48.39,K10_20250607_172119,1749291679.7843509,12
-0.5413082612712969,-0.2355908464105596,0.7998056363394426,-1.0092748903821303,36.24,48.41,K10_20250607_172119,1749291679.7843509,13
-1.4020285577223603,-2.848331782282912,-2.8162892515438216,-1.6196512169722155,36.26,48.42,K10_20250607_172119,1749291679.7843509,14
-1.4020285577223603,-2.848331782282912,-2.8162892515438216,-0.6196512169722155,36.26,48.42,K10_20250607_172119,1749291679.7843509,15
-1.6567120865991,-1.847269701015648,-2.7955914071626466,-0.5942335903532694,36.27,48.37,K10_20250607_172119,1749291679.7843509,16
-0.8483593077069145,-3.273559754694361,-4.245131721697362,-0.9548944520779514,36.27,48.43,K10_20250607_172119,1749291679.7843509,17
-0.7525356971530073,-2.5604147278545497,-3.520361564430459,-1.7745640212156104,36.27,48.4,K10_20250607_172119,1749291679.7843509,18
-2.5813147900857984,-4.935440654781814,-5.8948663998917255,-1.324830204184991,36.29,48.4,K10_20250607_172119,1749291679.7843509,19
-1.7205944936349624,-2.3226997189085523,-2.278771512007552,-1.7144538775949059,36.27,48.39,K10_20250607_172119,1749291679.7843509,20
-2.8998807259984005,-5.409808591406545,-5.357348660354546,-2.4196328648072267,36.3,48.37,K10_20250607_172119,1749291679.7843509,21
-2.7721159119264485,-4.458948555620736,-4.390988450665645,-2.179192290323954,36.3,48.33,K10_20250607_172119,1749291679.7843509,22
-1.4919294734070263,10.757998260753084,11.132868437513935,1.74410978126366,36.33,47.54,K10_20250607_172119,1749291679.7843509,23
1.2558601284044926,32.10427118298321,32.863031209601104,7.419880908236337,36.34,46.55,K10_20250607_172119,1749291679.7843509,24
4.257487159826269,51.546699871104465,52.61907787354812,12.563935633004576,36.33,45.74,K10_20250607_172119,1749291679.7843509,25
5.365606592011773,66.23589046156667,67.56402133342726,16.531205111976305,36.33,45.08,K10_20250607_172119,1749291679.7843509,26
4.209284971490206,72.65844402819312,74.16974412635773,18.255849496214296,36.37,44.61,K10_20250607_172119,1749291679.7843509,27
6.208373705110489,86.39252625779591,88.06553599902236,21.88100789422606,36.33,44.19,K10_20250607_172119,1749291679.7843509,28
6.147029595875438,91.62544269842238,93.44261068545893,23.27968393374067,36.36,43.82,K10_20250607_172119,1749291679.7843509,29
6.870162387311211,100.65648887584848,102.58163698874705,24.513034138092053,36.34,43.54,K10_20250607_172119,1749291679.7843509,30
6.732574882296149,107.07479411740132,108.1045684041519,26.136008015853122,36.34,43.27,K10_20250607_172119,1749291679.7843509,31
4.8407594815946595,105.12712032542095,107.20030172760835,25.971820321227824,36.37,43.16,K10_20250607_172119,1749291679.7843509,32
3.8531204703388084,103.46630150659985,105.57126489379516,24.627302195739958,36.4,43.08,K10_20250607_172119,1749291679.7843509,33
3.523039644948767,106.5555345416351,108.6912377309045,25.383316436190853,36.39,43.0,K10_20250607_172119,1749291679.7843509,34
4.79814948786634,110.3557884409729,112.49458503651931,26.268825854265742,36.36,42.99,K10_20250607_172119,1749291679.7843509,35
3.5754071625078723,110.59456553118798,111.7568729333234,26.354353624505848,36.37,42.93,K10_20250607_172119,1749291679.7843509,36
2.8628779941693665,111.7340006117056,113.93118340512501,26.89534491709287,36.37,42.84,K10_20250607_172119,1749291679.7843509,37
1.5558269477339763,107.69603170342089,109.8862460470882,25.949725355397277,36.4,42.86,K10_20250607_172119,1749291679.7843509,38
1.225746122343935,110.78526473845614,113.00621888419755,26.705739595848172,36.39,42.78,K10_20250607_172119,1749291679.7843509,39
2.2142312328669504,113.34886571011612,115.58867398177154,27.55655649692153,36.37,42.73,K10_20250607_172119,1749291679.7843509,40
2.3419960469389025,114.29972574590192,116.55503419146135,27.796997071404576,36.37,42.69,K10_20250607_172119,1749291679.7843509,41
2.501702064528672,115.48830079063373,117.76298445357315,28.097547789508553,36.37,42.64,K10_20250607_172119,1749291679.7843509,42
1.8522092039590916,116.20038373620446,118.46705676645888,28.25246059375172,36.36,42.66,K10_20250607_172119,1749291679.7843509,43
1.6809882968918828,118.57540966313172,119.84156160191924,27.802726776720874,36.34,42.66,K10_20250607_172119,1749291679.7843509,44
-0.1477907960409084,116.20038373620446,117.46705676645888,27.25246059375172,36.36,42.66,K10_20250607_172119,1749291679.7843509,45
-0.5941215460252351,113.77515576379483,116.03821429630625,26.917217358646212,36.37,42.67,K10_20250607_172119,1749291679.7843509,46
-0.17973199955895325,114.96266872725755,117.22546671403688,27.19235045013079,36.36,42.67,K10_20250607_172119,1749291679.7843509,47
-1.307496813630678,114.01180869147265,116.25910650434707,26.951909875647743,36.36,42.71,K10_20250607_172119,1749291679.7843509,48
-0.19209298830310217,116.62348754607774,118.85450354784916,27.536868575618655,36.33,42.75,K10_20250607_172119,1749291679.7843509,49
0.636686104629689,117.998513473005,121.22900838331043,28.087134758588036,36.31,42.75,K10_20250607_172119,1749291679.7843509,50
0.636686104629689,117.998513473005,121.22900838331043,28.087134758588036,36.31,42.75,K10_20250607_172119,1749291679.7843509,51
-1.224034191821147,115.38577253713174,117.61291349542716,27.47675843199795,36.33,42.76,K10_20250607_172119,1749291679.7843509,52
-1.1601517847850573,115.86120255502374,118.09609360027116,27.59697871923936,36.33,42.74,K10_20250607_172119,1749291679.7843509,53
0.0830168546144705,119.42374144541554,121.65785085346306,28.422377993693544,36.3,42.74,K10_20250607_172119,1749291679.7843509,54
-0.33137269185226614,118.236228481951,120.47059843573243,29.14724490220874,36.31,42.74,K10_20250607_172119,1749291679.7843509,55
0.5293476045987973,120.84896941782608,123.0866933236166,28.757621228799053,36.29,42.73,K10_20250607_172119,1749291679.7843509,56
0.7848772327427014,122.7506894893977,125.01941374299622,30.238502377765144,36.29,42.65,K10_20250607_172119,1749291679.7843509,57
0.8372447503011244,125.78972047894968,129.0850489454142,31.20953956607991,36.27,42.58,K10_20250607_172119,1749291679.7843509,58
0.9330683608550316,126.50286550578858,128.8098191026811,30.389869996942252,36.27,42.55,K10_20250607_172119,1749291679.7843509,59
1.124715581962846,127.92915555946638,129.25935941721582,30.750530858666934,36.27,42.49,K10_20250607_172119,1749291679.7843509,60
0.5071639249113105,128.87895351398492,130.20502178252445,30.96555380653126,36.26,42.5,K10_20250607_172119,1749291679.7843509,61
1.01653098266479,127.87682935144767,130.1636260937612,30.91471855329246,36.24,42.6,K10_20250607_172119,1749291679.7843509,62
1.20733210450544,127.4003372522875,129.65974814453602,30.769080639431877,36.23,42.67,K10_20250607_172119,1749291679.7843509,63
0.9518024763617632,125.49861718071588,127.7270277251564,30.28819949046556,36.23,42.75,K10_20250607_172119,1749291679.7843509,64
1.2384272087565478,125.7352701083937,127.94791993319723,30.32289200746709,36.22,42.79,K10_20250607_172119,1749291679.7843509,65
0.504625627110272,122.17060705546646,124.34476699124298,29.446657479774785,36.23,42.89,K10_20250607_172119,1749291679.7843509,66
1.1302426094584916,126.682943900375,128.8521866097426,30.487079702092615,36.19,42.9,K10_20250607_172119,1749291679.7843509,67
2.2775876383041123,128.532337763927,131.6891737056676,31.13214854568446,36.16,42.93,K10_20250607_172119,1749291679.7843509,68
2.14982282423216,127.58147772814118,130.7228134959778,30.891707971201413,36.16,42.97,K10_20250607_172119,1749291679.7843509,69
0.7788893707609077,123.06807880196538,126.19469603309608,29.825868122264183,36.19,43.01,K10_20250607_172119,1749291679.7843509,70
2.053999213678253,126.86833270130228,129.9980433387109,31.711377540338844,36.16,43.0,K10_20250607_172119,1749291679.7843509,71
2.244800335518903,126.3918406021412,129.4941653894848,31.565739626478262,36.15,43.07,K10_20250607_172119,1749291679.7843509,72
4.412571678405129,133.04255044629917,136.15519763540487,33.121735514763714,36.1,43.04,K10_20250607_172119,1749291679.7843509,73
2.0096970214156045,127.29143651117556,130.38549012010026,30.99578552220578,36.13,43.09,K10_20250607_172119,1749291679.7843509,74
3.2528656608151323,130.85397540156737,133.94724737329216,31.821184796659963,36.1,43.09,K10_20250607_172119,1749291679.7843509,75
4.464093096696843,134.17879928301227,137.26741457406297,32.586473927493216,36.07,43.1,K10_20250607_172119,1749291679.7843509,76
4.464093096696843,134.17879928301227,137.26741457406297,32.586473927493216,36.07,43.1,K10_20250607_172119,1749291679.7843509,77
5.037342561486184,134.65210513836882,137.7091989901446,32.655858961496506,36.05,43.18,K10_20250607_172119,1749291679.7843509,78
4.591011811501403,133.22687716595829,135.28035651999107,32.32061572639077,36.06,43.19,K10_20250607_172119,1749291679.7843509,79
5.802239247382886,136.55170104740318,138.60052372076188,33.08590485722425,36.03,43.2,K10_20250607_172119,1749291679.7843509,80
6.216628793849395,137.73921401086682,139.78777613849252,33.36103794870883,36.02,43.2,K10_20250607_172119,1749291679.7843509,81
6.981525479746551,139.63880991990118,141.67910086910797,33.7910838444368,36.0,43.22,K10_20250607_172119,1749291679.7843509,82
5.024981572741808,136.3129239571881,138.3382358239578,33.000377086984145,36.02,43.26,K10_20250607_172119,1749291679.7843509,83
6.140385398069384,138.9246028117941,140.9336328674599,33.585335786955056,35.99,43.3,K10_20250607_172119,1749291679.7843509,84
7.223848019879142,141.2985666574532,143.28743985853998,34.110184343305264,35.96,43.35,K10_20250607_172119,1749291679.7843509,85
7.574355159309562,141.01064960302483,142.9915121714257,34.26509714754843,35.95,43.37,K10_20250607_172119,1749291679.7843509,86
8.657817781119093,143.384613448683,145.3453191625058,34.78994570389864,35.92,43.42,K10_20250607_172119,1749291679.7843509,87
8.211487031134993,141.95938547627338,143.91647669235317,34.45470246879313,35.93,43.43,K10_20250607_172119,1749291679.7843509,88
9.008324920549967,144.09669639425556,146.04939147539244,34.944858508141806,35.91,43.44,K10_20250607_172119,1749291679.7843509,89
8.561994170565185,142.6714684218441,144.620549005238,34.6096152730363,35.92,43.45,K10_20250607_172119,1749291679.7843509,90
10.920566635292516,148.84568616684192,150.7777033019329,36.019973247461394,35.86,43.49,K10_20250607_172119,1749291679.7843509,91
10.473389786041025,145.5176760415925,147.39544256801946,35.17843123677039,35.86,43.63,K10_20250607_172119,1749291679.7843509,92
11.20634526841991,147.17955694167995,149.04517724621383,35.54836698887743,35.84,43.66,K10_20250607_172119,1749291679.7843509,93
11.174404064902092,145.94184193273395,148.80358719379092,35.4882568452565,35.84,43.67,K10_20250607_172119,1749291679.7843509,94
12.19398427967576,147.84037576050014,149.6742140800261,35.8928851143653,35.81,43.74,K10_20250607_172119,1749291679.7843509,95
11.683771122655344,145.9397177701976,147.76219150502857,35.437421592018154,35.82,43.77,K10_20250607_172119,1749291679.7843509,96
13.181623290931611,149.50119457932124,151.30325091383838,36.23740323985294,35.78,43.82,K10_20250607_172119,1749291679.7843509,97
12.213564494449656,149.73890958826723,151.5448409662613,36.29751338347387,35.78,43.81,K10_20250607_172119,1749291679.7843509,98
12.596012837397893,150.68870754278396,152.49050333156902,36.51253633133774,35.77,43.82,K10_20250607_172119,1749291679.7843509,99
13.105379895151373,150.6865833802476,152.44910764280667,36.461701078099395,35.75,43.92,K10_20250607_172119,1749291679.7843509,100
0.0,0.0,0.0,0.0,35.8,57.47,K1_20250608_142732,1749367652.8883867,1
0.1916472211078144,0.42629005367871287,1.449540314533806,0.3606608617249094,35.8,57.41,K1_20250608_142732,1749367652.8883867,2
1.084308721076468,3.2767459984979723,4.307225254839068,1.0311473319356992,35.78,57.39,K1_20250608_142732,1749367652.8883867,3
-0.0630363077691527,0.427352134945977,0.4702381589149809,0.38607848834408287,35.81,57.36,K1_20250608_142732,1749367652.8883867,4
0.3194120351795391,1.3771500894645214,1.4159005242236162,0.601101436207955,35.8,57.37,K1_20250608_142732,1749367652.8883867,5
0.0008460992667096434,0.9027821528388813,0.953418263759886,1.506298775585492,35.81,57.34,K1_20250608_142732,1749367652.8883867,6
0.5430004598053983,3.0411551520892317,2.1070308911803295,2.021872441553569,35.8,57.3,K1_20250608_142732,1749367652.8883867,7
-0.28577863312784757,-0.33387077483985195,-0.26747394428093685,2.471606258583961,35.82,57.3,K1_20250608_142732,1749367652.8883867,8
-1.5289472725273754,-3.8964096652316584,-3.8292311974728364,1.6462069841300035,35.85,57.3,K1_20250608_142732,1749367652.8883867,9
-0.15801381905612288,0.6169892609459566,0.698886265407964,2.7120468330670064,35.82,57.26,K1_20250608_142732,1749367652.8883867,10
-1.3373000514197884,-3.4701196115529456,-2.3796908829390304,2.0068678458546856,35.85,57.24,K1_20250608_142732,1749367652.8883867,11
-1.4011824584556507,-3.94554962944585,-3.8628709877839356,1.8866475586130491,35.85,57.26,K1_20250608_142732,1749367652.8883867,12
-0.7312632838454647,-0.8563165944106004,-1.7428981506736818,2.642661799063717,35.84,57.18,K1_20250608_142732,1749367652.8883867,13
-2.8032110161777837,-6.793881411728762,-7.679160239326848,2.2669963416406063,35.89,57.18,K1_20250608_142732,1749367652.8883867,14
-1.4961599697421661,-3.7559125034440513,-3.634222881290043,3.2126159033362,35.86,57.16,K1_20250608_142732,1749367652.8883867,15
-1.985946812721977,-1.8552545131424267,-1.7222003062925069,3.6680794256831177,35.85,57.13,K1_20250608_142732,1749367652.8883867,16
-3.643504998588014,-6.605306366996956,-7.4712099772150395,2.5675470597443564,35.89,57.13,K1_20250608_142732,1749367652.8883867,17
-3.2291154521217322,-6.417793403533324,-6.283957559484406,2.842680151228933,35.88,57.13,K1_20250608_142732,1749367652.8883867,18
-4.376460480966898,-9.267187267085319,-9.120944655409403,2.1976113076373167,35.91,57.1,K1_20250608_142732,1749367652.8883867,19
-3.419916573962155,-5.941301304372246,-5.780079610258326,2.9883180650899703,35.89,57.06,K1_20250608_142732,1749367652.8883867,20
-4.184813259859084,-7.840897213406606,-7.6714043408746875,2.558272169362226,35.91,57.04,K1_20250608_142732,1749367652.8883867,21
-5.586841817581671,-11.689228995691337,-11.487693592418509,2.938620952389556,35.95,56.96,K1_20250608_142732,1749367652.8883867,22
-3.9889355424161295,2.099303604468332,2.545227292463096,6.450426909014141,35.96,56.33,K1_20250608_142732,1749367652.8883867,23
-1.2108969356208945,19.877727229965785,20.61014358945158,34.173710628436766,35.95,55.59,K1_20250608_142732,1749367652.8883867,24
-0.6334169744959581,28.864943849519477,29.819019324338115,79.77458954036729,35.98,55.02,K1_20250608_142732,1749367652.8883867,25
3.33457665487299,45.26409322301606,46.426639408339724,121.84593657034361,35.95,54.48,K1_20250608_142732,1749367652.8883867,26
3.0815853245308062,48.07071960996382,50.3541737802434,148.883951748134,35.98,54.17,K1_20250608_142732,1749367652.8883867,27
3.657373087120959,54.25237192383702,55.65621298760652,160.4722331088933,35.99,53.86,K1_20250608_142732,1749367652.8883867,28
3.913748814531573,58.056874148248426,59.54235167074694,165.45941303344512,36.0,53.65,K1_20250608_142732,1749367652.8883867,29
0.4806251525585594,56.87360950985749,58.437890630541915,167.28595044843746,36.05,53.45,K1_20250608_142732,1749367652.8883867,30
2.1070882341732613,63.28872850760581,65.89872851280234,171.83267144634078,36.02,53.33,K1_20250608_142732,1749367652.8883867,31
1.1513904264356825,60.86562469773253,64.51128173141296,173.54826346447385,36.05,53.24,K1_20250608_142732,1749367652.8883867,32
0.34303764754349686,62.29191475141033,65.96082204594677,177.90892432619876,36.05,53.18,K1_20250608_142732,1749367652.8883867,33
-0.4014327243128264,63.19363482298195,67.89354246532639,180.38980547516485,36.05,53.1,K1_20250608_142732,1749367652.8883867,34
-0.688057456707611,62.956981895302306,67.67265025728466,182.3551129581631,36.06,53.06,K1_20250608_142732,1749367652.8883867,35
-1.878858578548261,63.433473994463384,68.17652820651165,183.50075087202413,36.07,52.99,K1_20250608_142732,1749367652.8883867,36
-2.54793165389151,62.247023112267925,66.00997363316128,183.2510354071585,36.09,52.94,K1_20250608_142732,1749367652.8883867,37
-3.834556386286067,62.0103701845901,65.78908142512046,183.21634289015697,36.1,52.9,K1_20250608_142732,1749367652.8883867,38
-3.452108043337603,61.96016813910683,66.73474379042909,184.43136583802084,36.09,52.91,K1_20250608_142732,1749367652.8883867,39
-3.6748503686962977,62.19894522932282,66.99703168723227,185.51689360826072,36.1,52.85,K1_20250608_142732,1749367652.8883867,40
-3.0049311940861116,64.28817826435625,70.11700452434252,186.27290784871184,36.09,52.77,K1_20250608_142732,1749367652.8883867,41
-5.02451140885978,62.38964443659097,68.24637763810824,185.86827957960327,36.12,52.7,K1_20250608_142732,1749367652.8883867,42
-3.8763202807472226,67.14182045298276,73.03678299779313,186.01964719878038,36.1,52.6,K1_20250608_142732,1749367652.8883867,43
-5.927841699038936,65.00557161626875,70.92456605913503,180.55490878605087,36.13,52.54,K1_20250608_142732,1749367652.8883867,44
-5.130157710356798,68.04566468709072,74.010899105936,173.55136360098504,36.12,52.42,K1_20250608_142732,1749367652.8883867,45
-7.225135221643768,69.23530181308979,75.23954721242808,164.8773319457082,36.13,52.32,K1_20250608_142732,1749367652.8883867,46
-7.969605593500091,70.13702188466141,77.1722676318077,158.3582130946745,36.13,52.24,K1_20250608_142732,1749367652.8883867,47
-7.777958372392277,71.56331193833921,77.62180794634241,155.7188739563992,36.13,52.18,K1_20250608_142732,1749367652.8883867,48
-9.36356882592554,72.75082490180375,78.80906036407396,155.994007047884,36.12,52.18,K1_20250608_142732,1749367652.8883867,49
-9.650193558320552,71.51417197412502,77.58816815603222,155.95931453088224,36.13,52.14,K1_20250608_142732,1749367652.8883867,50
-9.5224287442486,71.46503200991083,78.55452836572113,159.1997551053655,36.13,52.1,K1_20250608_142732,1749367652.8883867,51
-11.415090244217481,68.61457606509066,75.69684342541586,161.5292686351545,36.15,52.12,K1_20250608_142732,1749367652.8883867,52
-10.20386280833577,71.93939994653556,79.01701062618577,162.29455776598797,36.12,52.13,K1_20250608_142732,1749367652.8883867,53
-10.298840319622968,72.12903707253554,80.24565873267875,162.6205261107109,36.13,52.03,K1_20250608_142732,1749367652.8883867,54
-9.628921145012555,75.21827010757079,81.365631569789,162.37654035116202,36.12,51.95,K1_20250608_142732,1749367652.8883867,55
-9.181744295761064,78.54628023282112,84.74789230370334,159.2180823618528,36.12,51.81,K1_20250608_142732,1749367652.8883867,56
-10.564192638709756,76.59648227830257,83.8022299383938,152.00305941398892,36.13,51.8,K1_20250608_142732,1749367652.8883867,57
-9.544612423936087,78.49501610606967,84.67285682462898,152.4076876830975,36.1,51.87,K1_20250608_142732,1749367652.8883867,58
-9.736259645043674,77.06872605239096,83.22331651009426,152.0470268213728,36.1,51.93,K1_20250608_142732,1749367652.8883867,59
-11.82056836612037,71.79198005389298,78.9160912552552,159.01587948943734,36.12,52.01,K1_20250608_142732,1749367652.8883867,60
-12.044156790746001,70.12797499126827,77.22496088829757,164.59510848409172,36.12,52.08,K1_20250608_142732,1749367652.8883867,61
-11.024576575972333,72.02650881903264,79.09558777453185,168.9997367532003,36.09,52.15,K1_20250608_142732,1749367652.8883867,62
-10.896811761900608,71.97736885481845,80.06194798422166,169.24017732768334,36.09,52.11,K1_20250608_142732,1749367652.8883867,63
-10.131915076003452,73.87696476385372,80.95327271483893,172.6702232234113,36.07,52.13,K1_20250608_142732,1749367652.8883867,64
-11.227738686557359,73.16381973701482,80.22850255757203,172.48989279254897,36.07,52.16,K1_20250608_142732,1749367652.8883867,65
-13.235804011853816,67.70168493758956,73.77542057376377,171.23444762236704,36.12,52.14,K1_20250608_142732,1749367652.8883867,66
-11.896811761900608,71.97736885481845,78.06194798422166,170.24017732768334,36.09,52.11,K1_20250608_142732,1749367652.8883867,67
-13.024576575972333,70.02650881903264,77.09558777453185,169.9997367532003,36.09,52.15,K1_20250608_142732,1749367652.8883867,68
-12.004150261931727,72.82782479963953,80.91963292452874,170.91066379789436,36.07,52.09,K1_20250608_142732,1749367652.8883867,69
-12.90832665137782,73.54096982647843,81.64440308179564,171.0909942287567,36.07,52.06,K1_20250608_142732,1749367652.8883867,70
-12.238407476767861,75.63020286151368,84.76437591890499,170.8470084692076,36.06,51.98,K1_20250608_142732,1749367652.8883867,71
-12.174525069731772,76.10563287940658,84.2475560237499,170.96722875644923,36.06,51.96,K1_20250608_142732,1749367652.8883867,72
-11.472664691603313,79.43258092338874,86.60911891328306,167.78335314052129,36.05,51.87,K1_20250608_142732,1749367652.8883867,73
-12.504605895121358,79.19486591444183,86.36752886086106,164.72324299690035,36.05,51.88,K1_20250608_142732,1749367652.8883867,74
-12.440723488085496,78.67029593233474,86.85070896570505,161.843463284142,36.05,51.86,K1_20250608_142732,1749367652.8883867,75
-11.64388559867075,80.807606850316,88.98362374874432,162.33361932349044,36.03,51.87,K1_20250608_142732,1749367652.8883867,76
-13.728194319747217,76.53086085181712,84.67639849390343,161.30247199155497,36.05,51.95,K1_20250608_142732,1749367652.8883867,77
-12.644731697937686,77.90482469747622,86.03020548498353,166.82732054790495,36.02,52.0,K1_20250608_142732,1749367652.8883867,78
-12.804437715527456,76.71624965274441,84.82225522287172,167.52676982980097,36.02,52.05,K1_20250608_142732,1749367652.8883867,79
-12.99608493663527,75.2899595990657,83.372714908337,170.1661089680763,36.02,52.11,K1_20250608_142732,1749367652.8883867,80
-13.028026140153088,75.0522445901197,83.131124855915,173.10599882445558,36.02,52.12,K1_20250608_142732,1749367652.8883867,81
-11.752916297235743,77.8524984894566,85.9344721615289,173.99150824253047,35.99,52.11,K1_20250608_142732,1749367652.8883867,82
-10.350041640246445,82.60361242458112,90.70417967683261,175.1174582350884,35.96,52.06,K1_20250608_142732,1749367652.8883867,83
-13.007599826112482,77.85356057072477,84.95517000591008,171.01692586914965,36.0,52.06,K1_20250608_142732,1749367652.8883867,84
-13.210761936697054,78.99087148870694,87.08808478895025,171.50708190849832,35.98,52.07,K1_20250608_142732,1749367652.8883867,85
-13.593210279645973,77.04107353418931,86.14242242364071,171.29205896063422,35.99,52.06,K1_20250608_142732,1749367652.8883867,86
-12.573630064872077,78.9396073619555,88.0130493098759,173.69668722974302,35.96,52.13,K1_20250608_142732,1749367652.8883867,87
-11.362402628990594,82.2644312434004,91.33321651064671,174.46197636057627,35.93,52.14,K1_20250608_142732,1749367652.8883867,88
-12.159240518405795,80.12712032541913,89.20030172760653,173.9718203212276,35.95,52.13,K1_20250608_142732,1749367652.8883867,89
-11.426285036026457,81.78900122550749,89.8500364058018,174.34175607333486,35.93,52.16,K1_20250608_142732,1749367652.8883867,90
-11.139660303632127,81.02565415318531,90.07092861384172,174.37644859033617,35.92,52.2,K1_20250608_142732,1749367652.8883867,91
-11.171601507149944,80.78793914423932,89.82933856141972,176.31633844671546,35.92,52.21,K1_20250608_142732,1749367652.8883867,92
-9.960374071268461,83.11276302568422,93.14950576218962,177.08162757754872,35.89,52.22,K1_20250608_142732,1749367652.8883867,93
-10.757211960683208,80.97545210770386,91.01659097915035,176.59147153820027,35.91,52.21,K1_20250608_142732,1749367652.8883867,94
-11.757211960683208,80.97545210770386,90.01659097915035,175.59147153820027,35.91,52.21,K1_20250608_142732,1749367652.8883867,95
-10.461675803725257,87.57702198764764,97.64398343476114,174.38790800096922,35.86,52.14,K1_20250608_142732,1749367652.8883867,96
-9.823697832633115,90.42854001373507,99.52236621944849,171.0838120977994,35.85,52.07,K1_20250608_142732,1749367652.8883867,97
-9.472344593935532,93.04340511214559,102.17985679609501,168.74502367762807,35.85,51.96,K1_20250608_142732,1749367652.8883867,98
-9.02516774468404,95.37141523739501,104.56211753000844,162.58656568831884,35.85,51.82,K1_20250608_142732,1749367652.8883867,99
-9.610778198217531,96.55892820085865,105.74936994773907,162.86169877980342,35.84,51.82,K1_20250608_142732,1749367652.8883867,100
0.0,0.0,0.0,0.0,36.34,53.09,K2_20250608_143638,1749368198.6002843,1
0.031941203517817485,0.2377150089459974,0.24159005242290732,0.06011014362093192,36.34,53.08,K2_20250608_143638,1749368198.6002843,2
0.06388240703586234,0.4754300178929043,0.48318010484490515,1.1202202872416365,36.34,53.07,K2_20250608_143638,1749368198.6002843,3
0.5740955640565062,2.3760880081954383,2.3952026798442603,2.5756838095887815,36.33,53.04,K2_20250608_143638,1749368198.6002843,4
-0.5732494647891144,-0.4733058553556475,-0.44178441608073626,2.930614965997165,36.36,53.01,K2_20250608_143638,1749368198.6002843,5
0.25552962814367675,1.9017200715716172,1.9327204193796206,3.4808811489663185,36.34,53.01,K2_20250608_143638,1749368198.6002843,6
0.35135323869758395,2.614865098410519,2.6574905766465236,3.661211579828887,36.34,52.98,K2_20250608_143638,1749368198.6002843,7
-1.0195802147734412,-2.8985338277661867,-1.8706268862333673,2.5953717308916566,36.37,53.02,K2_20250608_143638,1749368198.6002843,8
-1.8918154007014891,-1.9476737919803782,-0.904266676543557,2.8358123053749296,36.37,52.98,K2_20250608_143638,1749368198.6002843,9
-1.6886532901169176,-4.084984709962555,-3.037181459583735,2.345656266026026,36.39,52.97,K2_20250608_143638,1749368198.6002843,10
-1.6247708830808278,-3.6095546920696506,-2.55400135473883,2.4658765532676625,36.39,52.95,K2_20250608_143638,1749368198.6002843,11
-1.5928296795630104,-3.3718396831227437,-2.312411302316832,2.525986696888367,36.39,52.94,K2_20250608_143638,1749368198.6002843,12
-1.4650648654910583,-2.4209796473378447,-1.3460510926270217,2.76642727137164,36.39,52.9,K2_20250608_143638,1749368198.6002843,13
-1.5928296795630104,-3.3718396831227437,-3.312411302316832,2.525986696888367,36.39,52.94,K2_20250608_143638,1749368198.6002843,14
-1.5608884760449655,-3.1341246741767463,-3.0708212498939247,2.5860968405090716,36.39,52.93,K2_20250608_143638,1749368198.6002843,15
-1.8794544119573402,-3.6084926108005675,-3.5333035103567454,2.4912941798870634,36.4,52.9,K2_20250608_143638,1749368198.6002843,16
-1.3257851619418943,-5.033720583211107,-4.962145980509376,2.156050944781555,36.41,52.91,K2_20250608_143638,1749368198.6002843,17
-0.8794544119573402,-3.6084926108005675,-2.5333035103567454,2.4912941798870634,36.4,52.9,K2_20250608_143638,1749368198.6002843,18
-1.8155720049214779,-3.1330625929085727,-2.0501234055118402,2.6115144671284725,36.4,52.88,K2_20250608_143638,1749368198.6002843,19
-2.9948582372851433,-6.220171465406565,-6.128700553859744,2.9063354799159242,36.43,52.86,K2_20250608_143638,1749368198.6002843,20
-2.1980203478699423,-4.082860547425298,-3.995785770819566,3.3964915192646004,36.41,52.87,K2_20250608_143638,1749368198.6002843,21
-2.229961551387987,-5.320575556372205,-3.2373758232424734,3.336381375643896,36.41,52.88,K2_20250608_143638,1749368198.6002843,22
-2.6746001028382125,-2.9402392231031627,-1.7593817658753323,4.013735691709371,36.44,52.63,K2_20250608_143638,1749368198.6002843,23
1.0731894989733064,19.406033699126056,20.970781006213656,10.68950681868182,36.45,51.64,K2_20250608_143638,1749368198.6002843,24
5.331192257805469,42.65296461165872,44.61296635329927,57.82074146800187,36.45,50.62,K2_20250608_143638,1749368198.6002843,25
7.770238614647951,57.15570431992546,59.39135523982986,115.5382954821082,36.47,49.91,K2_20250608_143638,1749368198.6002843,26
9.240380075741314,68.99337688429932,72.45791591502075,151.80966086424974,36.48,49.32,K2_20250608_143638,1749368198.6002843,27
12.58191062349556,78.9774072600485,82.60469811676194,174.33428689632274,36.48,48.9,K2_20250608_143638,1749368198.6002843,28
13.31740440367571,86.34763461865441,90.11468758623869,189.22311897518603,36.49,48.54,K2_20250608_143638,1749368198.6002843,29
13.287155398691766,89.915483915388,93.77993406133737,195.17560638273608,36.51,48.29,K2_20250608_143638,1749368198.6002843,30
14.946405783091677,98.47110007492029,102.4357802597815,197.28873629984582,36.49,48.03,K2_20250608_143638,1749368198.6002843,31
14.884215574589916,101.80123436270787,105.85943668245818,198.1811135637754,36.51,47.79,K2_20250608_143638,1749368198.6002843,32
15.319877534363968,108.69284545961546,112.82415251394559,193.87347247553953,36.49,47.6,K2_20250608_143638,1749368198.6002843,33
14.811356575877653,110.5977517749916,114.81896646646783,189.43060650436337,36.52,47.37,K2_20250608_143638,1749368198.6002843,34
13.36587192516049,110.07530595542175,115.3435422600769,181.60166204484358,36.54,47.25,K2_20250608_143638,1749368198.6002843,35
11.951482378694209,108.88779299195721,114.15628984234627,181.32652895335877,36.55,47.25,K2_20250608_143638,1749368198.6002843,36
12.397813128678308,110.31302096436775,115.5851323124989,181.66177218846428,36.54,47.24,K2_20250608_143638,1749368198.6002843,37
11.919541175176164,108.65007798301122,113.91469978992336,181.26641880973807,36.55,47.26,K2_20250608_143638,1749368198.6002843,38
11.90718018643156,110.3108968018305,115.54373662373473,185.6109369352257,36.52,47.34,K2_20250608_143638,1749368198.6002843,39
11.587768151251794,107.93374671236688,113.12783609951111,193.00983549901798,36.52,47.44,K2_20250608_143638,1749368198.6002843,40
11.3002973195903,105.79431163184927,110.9535256277095,200.46884420643096,36.52,47.53,K2_20250608_143638,1749368198.6002843,41
10.215988598513832,101.5175656333513,107.64630037286952,205.4376968744955,36.54,47.61,K2_20250608_143638,1749368198.6002843,42
9.64189303445778,99.14147762515586,105.25109769302708,210.8620130649067,36.55,47.66,K2_20250608_143638,1749368198.6002843,43
11.171686406251638,102.94066944322549,109.0337471542598,215.72210485636242,36.51,47.7,K2_20250608_143638,1749368198.6002843,44
10.62953204571295,100.80229644397514,107.88013452683845,215.20653119039434,36.52,47.74,K2_20250608_143638,1749368198.6002843,45
10.821179266820764,102.22858649765385,109.32967484137316,215.56719205211903,36.52,47.68,K2_20250608_143638,1749368198.6002843,46
9.80159905204755,100.33005266988766,107.45904795513889,215.16256378301068,36.55,47.61,K2_20250608_143638,1749368198.6002843,47
11.204473709036392,105.08116660501037,112.22875547044168,213.2885137755684,36.52,47.56,K2_20250608_143638,1749368198.6002843,48
9.121011087227089,102.70720275935128,109.87494847936341,208.76366521921864,36.55,47.51,K2_20250608_143638,1749368198.6002843,49
9.69510665128314,105.08329076754671,112.27015115920585,208.3393490288072,36.54,47.46,K2_20250608_143638,1749368198.6002843,50
10.90633408716485,108.40811464899252,115.59031835997575,207.10463815964044,36.51,47.47,K2_20250608_143638,1749368198.6002843,51
10.842451680128761,107.93268463109962,115.10713825513085,205.9844178723988,36.51,47.49,K2_20250608_143638,1749368198.6002843,52
10.90633408716485,108.40811464899252,115.59031835997575,206.10463815964044,36.51,47.47,K2_20250608_143638,1749368198.6002843,53
11.60734836602569,108.83228054013307,116.99846298574721,204.41446376812655,36.49,47.51,K2_20250608_143638,1749368198.6002843,54
10.60734836602569,108.83228054013307,116.99846298574721,204.41446376812655,36.49,47.51,K2_20250608_143638,1749368198.6002843,55
12.105200534301957,112.3937573492567,120.53952239455793,205.21444541596134,36.45,47.56,K2_20250608_143638,1749368198.6002843,56
11.148656627297214,109.06787138654363,118.19865734940686,207.4237386585089,36.47,47.6,K2_20250608_143638,1749368198.6002843,57
10.893126999153537,107.16615131497292,116.26593693002724,209.9428575095426,36.47,47.68,K2_20250608_143638,1749368198.6002843,58
9.478737452687028,105.97863835150838,115.0786845122966,209.66772441805824,36.48,47.68,K2_20250608_143638,1749368198.6002843,59
9.44679624916921,105.74092334256238,114.8370944598746,209.6076142744373,36.48,47.69,K2_20250608_143638,1749368198.6002843,60
9.733420981563768,105.9775762702402,115.05798666791543,209.64230679143884,36.47,47.73,K2_20250608_143638,1749368198.6002843,61
11.072413231517203,110.25326018747182,119.34451407837423,209.64803649675537,36.44,47.7,K2_20250608_143638,1749368198.6002843,62
10.148656627297214,109.06787138654363,118.19865734940686,207.4237386585089,36.47,47.6,K2_20250608_143638,1749368198.6002843,63
12.826641127203857,116.61923922100505,126.77171217032628,205.43519806914196,36.41,47.54,K2_20250608_143638,1749368198.6002843,64
10.870943319466278,115.19613541113176,125.38426538893509,199.1507900872748,36.44,47.45,K2_20250608_143638,1749368198.6002843,65
13.039560761619441,123.74962740812862,133.99871589861687,196.2130847511462,36.4,47.29,K2_20250608_143638,1749368198.6002843,66
12.390914000317025,126.36449250653914,135.6562064752634,188.87429633097486,36.4,47.18,K2_20250608_143638,1749368198.6002843,67
11.16817167495833,125.60326959675331,135.91849437206747,184.95982410121496,36.41,47.12,K2_20250608_143638,1749368198.6002843,68
10.933068360855259,127.50286550578767,137.80981910268292,185.38986999694248,36.39,47.14,K2_20250608_143638,1749368198.6002843,69
9.11580415739968,121.56423860720133,130.85285916964858,183.98878691289974,36.43,47.19,K2_20250608_143638,1749368198.6002843,70
11.346611808054831,126.78759631641242,136.04365325665367,189.1587043128418,36.37,47.27,K2_20250608_143638,1749368198.6002843,71
11.377706912305712,125.12252917251953,135.33182504531487,192.712515680877,36.36,47.39,K2_20250608_143638,1749368198.6002843,72
12.141757498935704,125.11934292871501,135.26973151217135,199.63626280101948,36.33,47.54,K2_20250608_143638,1749368198.6002843,73
11.184367492663569,119.89067481316215,129.97544820325857,207.33925726798134,36.34,47.71,K2_20250608_143638,1749368198.6002843,74
11.737190643412077,116.56266468791273,127.59318746934423,215.49771525729034,36.34,47.85,K2_20250608_143638,1749368198.6002843,75
12.884535672257925,119.41205855146472,130.43017456527014,217.14278410088218,36.31,47.88,K2_20250608_143638,1749368198.6002843,76
12.692888451150111,117.98576849778601,128.98063425073542,216.7821232391575,36.31,47.94,K2_20250608_143638,1749368198.6002843,77
12.788712061704018,118.69891352462491,129.70540440800323,216.96245367001984,36.31,47.91,K2_20250608_143638,1749368198.6002843,78
13.713314765190944,121.7870844783929,131.8046794007314,216.69305028385156,36.29,47.88,K2_20250608_143638,1749368198.6002843,79
14.000785596852666,123.92651955891051,133.97898987253302,213.23404157643859,36.29,47.79,K2_20250608_143638,1749368198.6002843,80
14.893447096821319,126.77697550373068,136.8366748128392,210.90452804664938,36.27,47.77,K2_20250608_143638,1749368198.6002843,81
15.59530747494955,130.10392354771193,140.19823770237235,204.72065243072143,36.26,47.68,K2_20250608_143638,1749368198.6002843,82
16.030123335456892,134.09275249178154,145.20953527009897,200.9067125669003,36.23,47.62,K2_20250608_143638,1749368198.6002843,83
14.519910178436476,132.1920945014781,143.29751269510052,200.45124904455315,36.24,47.65,K2_20250608_143638,1749368198.6002843,84
15.444512881923401,135.28026545524517,146.3967876878296,200.18184565838487,36.22,47.62,K2_20250608_143638,1749368198.6002843,85
14.96624092842103,133.61732247388863,144.72635516525406,198.78649227965866,36.23,47.64,K2_20250608_143638,1749368198.6002843,86
16.464093096697297,137.17879928301227,147.2674145740648,200.58647392749344,36.19,47.69,K2_20250608_143638,1749368198.6002843,87
16.208563468553393,135.27707921144156,146.33469415468517,200.10559277852713,36.19,47.77,K2_20250608_143638,1749368198.6002843,88
16.717930526306645,135.2749550489034,146.2932984659219,202.05475752528855,36.17,47.87,K2_20250608_143638,1749368198.6002843,89
16.206871270019292,131.47151490576107,142.42785762716358,209.09299522735614,36.17,48.03,K2_20250608_143638,1749368198.6002843,90
17.74817953129059,131.70710575217163,142.62805199082322,216.1022701177385,36.15,48.12,K2_20250608_143638,1749368198.6002843,91
18.513076217187518,133.606701661206,144.51937672143958,216.53231601346624,36.13,48.14,K2_20250608_143638,1749368198.6002843,92
18.768605845331194,135.5084217327776,146.4520971408192,217.01319716243256,36.13,48.06,K2_20250608_143638,1749368198.6002843,93
19.310760205869656,136.64679473202796,148.60570976824056,215.5287708284004,36.12,48.02,K2_20250608_143638,1749368198.6002843,94
20.203421705838537,139.49725067684722,151.46339470854582,209.19925729861143,36.1,48.0,K2_20250608_143638,1749368198.6002843,95
20.203421705838537,139.49725067684722,151.46339470854582,207.19925729861143,36.1,48.0,K2_20250608_143638,1749368198.6002843,96
19.905282083966767,142.82419872082846,154.82495759807807,207.01538168268303,36.09,47.91,K2_20250608_143638,1749368198.6002843,97
19.001105694520675,143.53734374766736,155.54972775534497,204.19571211354537,36.09,47.88,K2_20250608_143638,1749368198.6002843,98
20.05262711281216,145.67359258438046,157.66194469400216,203.66045052627487,36.06,47.94,K2_20250608_143638,1749368198.6002843,99
21.29579575221169,148.23613147477226,161.22370194719497,204.48584980072906,36.03,47.94,K2_20250608_143638,1749368198.6002843,100
0.0,0.0,0.0,0.0,36.29,51.15,K3_20250608_144606,1749368766.2273285,1
-0.44633074998432676,-1.4252279724105392,-1.4288424701535405,-0.3352432351055086,36.3,51.16,K3_20250608_144606,1749368766.2273285,2
0.06388240703608972,1.4754300178929043,0.48318010484490515,0.1202202872414091,36.29,51.13,K3_20250608_144606,1749368766.2273285,3
-0.25468352887673973,1.0010620812681736,0.020697844381174946,0.02541762661917346,36.3,51.1,K3_20250608_144606,1749368766.2273285,4
0.6494928605693531,0.28791705442836246,-0.704072312885728,-0.15491280424316756,36.3,51.13,K3_20250608_144606,1749368766.2273285,5
0.7772576746413051,1.238777090214171,0.26228789680317277,1.085527770239878,36.3,51.09,K3_20250608_144606,1749368766.2273285,6
-0.43396976124017783,-2.0860467912307286,-3.0578793039658194,0.3202386394066252,36.33,51.08,K3_20250608_144606,1749368766.2273285,7
0.29898572113870614,-0.4241658911423656,-1.408144625771456,0.6901743915134375,36.31,51.11,K3_20250608_144606,1749368766.2273285,8
1.3948093316926133,0.2889791356965361,-0.6833744685045531,0.8705048223760059,36.31,51.08,K3_20250608_144606,1749368766.2273285,9
0.183581895810903,-3.0358447457483635,-4.003541669275364,0.10521569154252575,36.34,51.07,K3_20250608_144606,1749368766.2273285,10
0.6299126457956845,-1.6106167733387338,-2.5746991991209143,0.4404589266482617,36.33,51.06,K3_20250608_144606,1749368766.2273285,11
-0.30620494716845315,-1.13518675544492,-2.091519094276009,0.5606792138896708,36.33,51.04,K3_20250608_144606,1749368766.2273285,12
-0.45354997601407376,-3.9845806189969153,-4.928506190201006,0.9156103702980545,36.36,51.01,K3_20250608_144606,1749368766.2273285,13
-0.5813147900857984,-4.935440654782724,-5.894866399890816,0.6751697958147815,36.36,51.05,K3_20250608_144606,1749368766.2273285,14
-0.8679395224803557,-5.172093582460548,-6.115758607931639,0.6404772788132505,36.37,51.01,K3_20250608_144606,1749368766.2273285,15
-0.804057115444266,-4.696663564568553,-5.632578503086734,0.7606975660548869,36.37,50.99,K3_20250608_144606,1749368766.2273285,16
-0.8998807259981731,-5.4098085914074545,-6.357348660353637,-0.4196328648074541,36.37,51.02,K3_20250608_144606,1749368766.2273285,17
0.5668763380265318,-0.18326463839184726,-1.1044610402059334,0.8265374149918898,36.34,50.95,K3_20250608_144606,1749368766.2273285,18
-1.537012597823832,-6.358544464656916,-7.2823131812820066,0.39076181394784726,36.39,50.96,K3_20250608_144606,1749368766.2273285,19
-1.5689538013416495,-6.596259473603823,-7.523903233704004,0.33065167032691534,36.39,50.97,K3_20250608_144606,1749368766.2273285,20
-1.6967186154136016,-7.547119509388722,-8.490263443393815,0.09021109584386977,36.39,51.01,K3_20250608_144606,1749368766.2273285,21
-0.7401747084084036,-4.221233546674739,-5.1493983982418285,1.8809178532965234,36.37,50.97,K3_20250608_144606,1749368766.2273285,22
-1.4731301907877423,-5.8831144467640115,-5.799133076436192,2.5109821011892564,36.39,50.94,K3_20250608_144606,1749368766.2273285,23
-1.1724522711147074,-3.5017160322267955,-4.300441174686966,3.213754043873905,36.43,50.64,K3_20250608_144606,1749368766.2273285,24
3.201800412311968,25.259675887750745,24.890559479663352,11.436246168750358,36.41,49.53,K3_20250608_144606,1749368766.2273285,25
9.015164619693905,49.88694313355245,51.01073888411702,67.24483513413588,36.44,48.26,K3_20250608_144606,1749368766.2273285,26
14.656461820741697,76.98645415344163,78.55200486027206,118.09739150690507,36.44,47.12,K3_20250608_144606,1749368766.2273285,27
17.957074573301725,96.00471695042143,97.89990689844672,133.93162062318652,36.45,46.27,K3_20250608_144606,1749368766.2273285,28
20.160171516774426,109.50427041488456,112.61620225183196,140.57292175743532,36.44,45.71,K3_20250608_144606,1749368766.2273285,29
20.83178288991826,116.39906775559666,119.6430116164629,153.3415335490572,36.45,45.37,K3_20250608_144606,1749368766.2273285,30
21.609886663826728,118.54062699865153,121.85871777702778,166.9333600948828,36.47,45.18,K3_20250608_144606,1749368766.2273285,31
23.705710274380635,120.25377202549043,123.58348793429468,182.11369052574514,36.47,45.15,K3_20250608_144606,1749368766.2273285,32
27.20440854192384,125.71803098745386,129.0779656068662,199.41997094916542,36.44,45.07,K3_20250608_144606,1749368766.2273285,33
26.152887123632127,123.58178215073985,127.96574866820902,207.95523253643614,36.47,45.01,K3_20250608_144606,1749368766.2273285,34
25.32410803069888,121.20675622381259,126.59124383274775,207.40496635346653,36.49,45.01,K3_20250608_144606,1749368766.2273285,35
26.472299158811893,125.95893224020438,132.38164919243354,208.55633397264387,36.47,44.91,K3_20250608_144606,1749368766.2273285,36
26.281498036971016,127.43542433936545,132.88552714165962,206.70197188650468,36.48,44.84,K3_20250608_144606,1749368766.2273285,37
25.99487330457623,127.19877141168672,133.6646349336188,206.66727936950292,36.49,44.8,K3_20250608_144606,1749368766.2273285,38
25.517447450341024,127.43861058316998,133.94762067480406,204.77822476636243,36.51,44.69,K3_20250608_144606,1749368766.2273285,39
24.569814967899447,131.47764157272195,139.01325587722204,199.74926195467697,36.49,44.62,K3_20250608_144606,1749368766.2273285,40
24.6975797819714,132.42850160850685,139.97961608691185,194.98970252916024,36.49,44.58,K3_20250608_144606,1749368766.2273285,41
24.367498956581812,135.517734643543,143.0995889240212,195.74571676961136,36.48,44.5,K3_20250608_144606,1749368766.2273285,42
25.037418131192,138.60696767857735,146.21956176113144,195.50173101006226,36.47,44.42,K3_20250608_144606,1749368766.2273285,43
25.08978564875042,143.64599866813023,150.28519696354942,194.47276819837703,36.45,44.35,K3_20250608_144606,1749368766.2273285,44
23.400286259366567,138.6582318053279,145.2945972402049,193.31212568881756,36.49,44.36,K3_20250608_144606,1749368766.2273285,45
25.10130053822786,140.08239769647025,147.70274186597635,193.6219512973039,36.47,44.4,K3_20250608_144606,1749368766.2273285,46
23.527204974171582,137.7063096882748,145.307539186133,199.04626748771534,36.48,44.45,K3_20250608_144606,1749368766.2273285,47
24.431381363617675,136.9931646614359,144.5827690288661,198.865937056853,36.48,44.48,K3_20250608_144606,1749368766.2273285,48
24.526358874904645,135.80352753543502,144.3541209223731,201.53996871212985,36.47,44.58,K3_20250608_144606,1749368766.2273285,49
24.398594060832693,134.85266749964921,143.3877607126833,206.29952813764658,36.47,44.62,K3_20250608_144606,1749368766.2273285,50
25.227373153765484,137.22769342657648,147.76226554814457,208.84979432061573,36.45,44.62,K3_20250608_144606,1749368766.2273285,51
23.984204514366184,134.6651545361865,144.20050829495267,208.024395046162,36.48,44.62,K3_20250608_144606,1749368766.2273285,52
25.673703903750265,139.65292139898793,149.1911080182972,209.18503755572146,36.44,44.61,K3_20250608_144606,1749368766.2273285,53
25.227373153765484,138.22769342657648,147.76226554814457,201.84979432061573,36.45,44.62,K3_20250608_144606,1749368766.2273285,54
24.673703903750265,139.65292139898793,149.1911080182972,202.18503755572146,36.44,44.61,K3_20250608_144606,1749368766.2273285,55
24.355137967837436,139.1785534623623,149.72862575783438,202.090234895099,36.45,44.58,K3_20250608_144606,1749368766.2273285,56
24.673703903750265,139.65292139898793,150.1911080182972,204.18503755572146,36.44,44.61,K3_20250608_144606,1749368766.2273285,57
24.80146871782199,140.60378143477374,151.157468227987,204.42547813020474,36.44,44.57,K3_20250608_144606,1749368766.2273285,58
26.04463735722129,145.16632032516463,154.71922548117982,205.2508774046587,36.41,44.57,K3_20250608_144606,1749368766.2273285,59
24.31168187484218,143.50443942507627,153.06949080298546,200.88094165255166,36.43,44.54,K3_20250608_144606,1749368766.2273285,60
24.236284578329105,146.59261037884335,157.16876579571453,201.61153826638338,36.41,44.51,K3_20250608_144606,1749368766.2273285,61
24.20434337481106,146.35489536989644,156.92717574329163,201.55142812276267,36.41,44.52,K3_20250608_144606,1749368766.2273285,62
23.98075495018543,144.69089030727173,155.2360453763349,201.1306571174173,36.41,44.59,K3_20250608_144606,1749368766.2273285,63
24.617886822010405,145.63962618052028,157.16100989726147,203.32026243866176,36.39,44.65,K3_20250608_144606,1749368766.2273285,64
24.20265117627696,142.54933106421686,154.02033921576913,208.53883057159146,36.39,44.78,K3_20250608_144606,1749368766.2273285,65
25.871724251620435,144.73578194641323,156.1868937891195,215.7885460364571,36.37,44.83,K3_20250608_144606,1749368766.2273285,66
27.158348984014765,144.97243487409196,156.40778599716032,220.82323855345885,36.36,44.87,K3_20250608_144606,1749368766.2273285,67
26.296782588296992,140.456911785378,153.83827284551626,223.70656345128305,36.37,45.01,K3_20250608_144606,1749368766.2273285,68
27.58340732069155,140.69356471305673,154.05916505355708,226.74125596828458,36.36,45.05,K3_20250608_144606,1749368766.2273285,69
29.57189243121411,144.2571656847158,157.64162015112925,227.5920728693577,36.34,45.0,K3_20250608_144606,1749368766.2273285,70
30.17792919878866,146.87096870185724,161.2784128833955,228.2278668225672,36.33,44.94,K3_20250608_144606,1749368766.2273285,71
31.42109783818819,151.43350759224904,164.8401701365874,224.0532660970216,36.3,44.94,K3_20250608_144606,1749368766.2273285,72
29.294179123382946,151.38542970930212,166.8272281906584,219.3191242981236,36.31,44.85,K3_20250608_144606,1749368766.2273285,73
30.44237025149596,157.1376057256948,171.61763355034418,218.47049191730093,36.29,44.75,K3_20250608_144606,1749368766.2273285,74
30.634017472603773,158.56389577937352,173.067173864878,214.83115277902562,36.29,44.69,K3_20250608_144606,1749368766.2273285,75
30.622502583126334,162.1274967510326,176.64962896245197,206.68196968009875,36.27,44.64,K3_20250608_144606,1749368766.2273285,76
30.89761242604368,165.9277506503695,180.45297626806587,207.56747909817386,36.24,44.63,K3_20250608_144606,1749368766.2273285,77
29.941068519038936,162.60186468765733,177.1121112229157,206.77677234072144,36.26,44.67,K3_20250608_144606,1749368766.2273285,78
31.024531140848694,164.97582853331642,179.4659182139958,209.30162089707164,36.23,44.72,K3_20250608_144606,1749368766.2273285,79
31.119508652135437,163.78619140731644,179.2372701075019,209.97565255234827,36.22,44.82,K3_20250608_144606,1749368766.2273285,80
31.736214209920036,160.93361129995992,176.33818947843338,210.2543308288989,36.22,44.94,K3_20250608_144606,1749368766.2273285,81
33.69191201765784,163.3567151098332,178.72563625982366,221.53873881076606,36.19,45.03,K3_20250608_144606,1749368766.2273285,82
33.02199284304743,160.26748207479795,175.6056634227134,221.78272457031494,36.2,45.11,K3_20250608_144606,1749368766.2273285,83
34.51984501132392,163.8289588839216,180.14672283152413,222.58270621814995,36.16,45.16,K3_20250608_144606,1749368766.2273285,84
34.64760982539565,164.77981891970649,181.11308304121394,222.823146792633,36.16,45.12,K3_20250608_144606,1749368766.2273285,85
33.67955102891369,165.0175339286534,181.35467309363594,215.88325693625393,36.16,45.11,K3_20250608_144606,1749368766.2273285,86
34.12588177889802,166.44276190106302,182.78351556378948,210.2185001713592,36.15,45.1,K3_20250608_144606,1749368766.2273285,87
34.46487402885123,170.71844581829464,187.0700429742492,211.22422987667574,36.12,45.07,K3_20250608_144606,1749368766.2273285,88
32.95466087183058,169.8177878279903,185.15802039925074,208.7687663543286,36.13,45.1,K3_20250608_144606,1749368766.2273285,89
33.43293282533341,171.48073080934773,186.8284529218272,206.16411973305503,36.12,45.08,K3_20250608_144606,1749368766.2273285,90
34.61221905769662,174.56783968184482,189.90703007017328,206.86929872026735,36.09,45.1,K3_20250608_144606,1749368766.2273285,91
33.77192507528662,175.75641472657753,192.11498033228509,204.16984943837133,36.09,45.05,K3_20250608_144606,1749368766.2273285,92
34.047034918203735,178.55666862591534,195.91832763789898,205.05535885644622,36.06,45.04,K3_20250608_144606,1749368766.2273285,93
34.23783604004484,178.08017652675517,195.41444968867472,204.90972094258564,36.05,45.11,K3_20250608_144606,1749368766.2273285,94
34.17395363300875,177.60474650886226,194.9312695838289,204.789500655344,36.05,45.13,K3_20250608_144606,1749368766.2273285,95
35.19353384778242,180.50328033662845,197.8018964700641,209.19412892445234,36.02,45.2,K3_20250608_144606,1749368766.2273285,96
36.95758443441264,180.50009409282302,197.73980293691966,210.11787604459482,35.99,45.35,K3_20250608_144606,1749368766.2273285,97
38.60623119571483,178.8852289944125,195.08231236027314,217.45666446476616,35.99,45.46,K3_20250608_144606,1749368766.2273285,98
38.19099554998138,175.79493387811,192.94164167878262,226.67523259769587,35.99,45.59,K3_20250608_144606,1749368766.2273285,99
41.27445817179114,178.16889772376908,195.2954486698618,232.20008115404607,35.96,45.64,K3_20250608_144606,1749368766.2273285,100
0.0,0.0,0.0,0.0,36.44,49.24,K4_20250608_145725,1749369445.1866999,1
-0.12776481407195206,-1.9508600357858086,-0.9663602096898103,-0.24044057448327294,36.44,49.28,K4_20250608_145725,1749369445.1866999,2
-0.2546835288769671,-0.9989379187327359,0.020697844381174946,0.025417626618946088,36.45,49.19,K4_20250608_145725,1749369445.1866999,3
-2.5936757788301747,-5.2746218359625345,-5.2658295660776275,-0.9803120786973523,36.48,49.22,K4_20250608_145725,1749369445.1866999,4
-1.3505071394308743,-1.7120829455716375,-1.704072312885728,-0.15491280424339493,36.45,49.22,K4_20250608_145725,1749369445.1866999,5
-2.211227435881483,-4.324823881445809,-4.320167200769902,-0.7652891308334802,36.47,49.23,K4_20250608_145725,1749369445.1866999,6
-1.4143895464667366,-2.187512963464542,-2.187252417730633,-0.2751330914850314,36.45,49.24,K4_20250608_145725,1749369445.1866999,7
-2.56173457531213,-5.036906827016537,-5.02423951365563,-0.9202019350764203,36.48,49.21,K4_20250608_145725,1749369445.1866999,8
-2.5297933717943124,-4.79919181806963,-4.782649461232722,-0.8600917914557158,36.48,49.2,K4_20250608_145725,1749369445.1866999,9
-2.4659109647582227,-4.3237618001776355,-4.299469356387817,-0.7398715042140793,36.48,49.18,K4_20250608_145725,1749369445.1866999,10
-3.9761241217788665,-6.224419790481079,-6.211491931386263,-1.1953350265614517,36.49,49.21,K4_20250608_145725,1749369445.1866999,11
-3.019580214773896,-3.8985338277670962,-2.8706268862351862,-0.4046282691087981,36.47,49.17,K4_20250608_145725,1749369445.1866999,12
-3.944182918261049,-6.986704781534172,-5.969901878963356,-1.1352248829407472,36.49,49.2,K4_20250608_145725,1749369445.1866999,13
-3.944182918261049,-6.986704781534172,-5.969901878963356,-1.1352248829407472,36.49,49.2,K4_20250608_145725,1749369445.1866999,14
-3.0080653252969114,-7.462134799427076,-6.453081983808261,-1.2554451701821563,36.49,49.22,K4_20250608_145725,1749369445.1866999,15
-2.944182918261049,-6.986704781534172,-6.969901878963356,-1.1352248829407472,36.49,49.2,K4_20250608_145725,1749369445.1866999,16
-2.8803005112249593,-6.511274763642177,-6.48672177411845,-1.0150045956991107,36.49,49.18,K4_20250608_145725,1749369445.1866999,17
-2.848359307707142,-6.27355975469527,-6.245131721696453,-1.9548944520781788,36.49,49.17,K4_20250608_145725,1749369445.1866999,18
-2.4659109647582227,-5.3237618001776355,-5.299469356387817,-1.7398715042140793,36.48,49.18,K4_20250608_145725,1749369445.1866999,19
-3.645197197121888,-8.410870672675628,-8.378046504734812,-2.4450504914266276,36.51,49.16,K4_20250608_145725,1749369445.1866999,20
-2.784476900671052,-6.798129736802366,-5.761951616851547,-1.8346741648365423,36.49,49.15,K4_20250608_145725,1749369445.1866999,21
-3.645197197121888,-9.410870672675628,-9.378046504734812,-2.4450504914266276,36.51,49.16,K4_20250608_145725,1749369445.1866999,22
-4.121776952090386,-7.268249348353493,-7.141642499788759,-1.8278063189820841,36.54,48.92,K4_20250608_145725,1749369445.1866999,23
-2.1069428326575235,13.416142673787363,13.938785594104047,3.4780290558837805,36.57,47.9,K4_20250608_145725,1749369445.1866999,24
1.9789929198404934,37.13531736040841,38.00205751289195,7.653231112587491,36.54,47.01,K4_20250608_145725,1749369445.1866999,25
1.6088403985238529,51.161564969514984,50.276568450195555,6.225147212833008,36.55,46.37,K4_20250608_145725,1749369445.1866999,26
2.7799961384780545,64.4234034250303,64.7512737511588,5.806338203460655,36.54,45.82,K4_20250608_145725,1749369445.1866999,27
2.7390783432840635,72.45763584626093,72.95239358759227,3.115941287669557,36.55,45.39,K4_20250608_145725,1749369445.1866999,28
1.060182576997704,77.64035024140412,79.27513063933657,1.7296402750484958,36.57,45.03,K4_20250608_145725,1749369445.1866999,29
2.0184186825365487,83.77180050979587,85.52283221200923,0.532944583671906,36.57,44.73,K4_20250608_145725,1749369445.1866999,30
2.3901982352749656,90.18798158881236,91.00436793865174,0.10508320819462824,36.55,44.56,K4_20250608_145725,1749369445.1866999,31
1.0405371951112556,90.37868079608052,92.25371388952681,0.45646917953695265,36.57,44.41,K4_20250608_145725,1749369445.1866999,32
0.7539124627166984,90.1420278684036,91.03282168148507,-2.5782233374645784,36.58,44.37,K4_20250608_145725,1749369445.1866999,33
-1.2141463337652567,89.3797428773496,91.27441173390707,-2.518113193843874,36.58,44.36,K4_20250608_145725,1749369445.1866999,34
-1.309969944319164,88.6665978505107,90.54964157664017,-4.698443624706215,36.58,44.39,K4_20250608_145725,1749369445.1866999,35
-2.5016171654269783,86.24030779683198,88.10010126210636,-6.059104486430897,36.58,44.45,K4_20250608_145725,1749369445.1866999,36
-3.2665138513241345,84.34071188779672,86.2087765314891,-6.489150382158641,36.6,44.43,K4_20250608_145725,1749369445.1866999,37
-4.553984682985856,82.2012768072791,83.03446605968747,-8.030141674745892,36.6,44.52,K4_20250608_145725,1749369445.1866999,38
-4.309969944319164,87.6665978505107,87.54964157664017,-6.698443624706215,36.58,44.39,K4_20250608_145725,1749369445.1866999,39
-3.7669694845137656,90.70775300259902,91.65667246782141,-6.676571183152873,36.58,44.22,K4_20250608_145725,1749369445.1866999,40
-4.212454135231383,91.18530718302736,92.18124826142866,-6.50551564267289,36.6,44.1,K4_20250608_145725,1749369445.1866999,41
-5.861100896533799,93.80017228143788,94.83873883807519,-6.84430406284423,36.6,43.99,K4_20250608_145725,1749369445.1866999,42
-5.808733378974921,96.83920327099077,97.90437404049317,-5.873266874529236,36.58,43.92,K4_20250608_145725,1749369445.1866999,43
-5.680968564903196,97.79006330677657,97.87073425018298,-6.63282630004619,36.58,43.88,K4_20250608_145725,1749369445.1866999,44
-5.744850971939059,97.31463328888367,97.38755414533898,-6.753046587287827,36.58,43.9,K4_20250608_145725,1749369445.1866999,45
-5.501682332539531,99.87717217927457,100.94931139853088,-5.927647312833642,36.55,43.9,K4_20250608_145725,1749369445.1866999,46
-7.573630064872077,93.9396073619555,94.01304930987772,-8.303312770257207,36.6,43.9,K4_20250608_145725,1749369445.1866999,47
-6.565564739575393,99.40174216138166,99.46613129368689,-7.0478676000752785,36.55,43.92,K4_20250608_145725,1749369445.1866999,48
-8.745697071205996,93.41185113604388,93.43413588157728,-8.259345362873319,36.57,44.03,K4_20250608_145725,1749369445.1866999,49
-8.108565199380791,94.36058700929334,94.35910040250565,-8.06974004162862,36.55,44.09,K4_20250608_145725,1749369445.1866999,50
-9.459918438078375,91.74572191088282,90.70160982585912,-8.73095162145728,36.55,44.2,K4_20250608_145725,1749369445.1866999,51
-8.344514612751254,93.35740076548791,93.2970068693603,-7.145992921486368,36.52,44.24,K4_20250608_145725,1749369445.1866999,52
-9.173293705684046,90.98237483856065,90.92250203389995,-7.6962591044557485,36.54,44.24,K4_20250608_145725,1749369445.1866999,53
-9.077470095130138,91.69551986540046,91.64727219116776,-7.515928673593407,36.54,44.21,K4_20250608_145725,1749369445.1866999,54
-8.99400747332038,94.06948371105955,93.00107918224694,-6.9910801172432,36.51,44.26,K4_20250608_145725,1749369445.1866999,55
-8.738477845176703,94.97120378263116,94.93379960162656,-6.510198968276882,36.51,44.18,K4_20250608_145725,1749369445.1866999,56
-7.207838374115454,99.67317775353968,99.66986732662008,-6.143808401235674,36.48,44.09,K4_20250608_145725,1749369445.1866999,57
-7.888426338935915,102.05032784300329,102.0857678508446,-5.542706965027719,36.48,43.99,K4_20250608_145725,1749369445.1866999,58
-7.058801146735959,106.32813592277034,105.41369095006576,-4.486142006473074,36.47,43.86,K4_20250608_145725,1749369445.1866999,59
-7.08989625098684,106.99320306666323,107.12551916140455,-5.039953374508286,36.48,43.74,K4_20250608_145725,1749369445.1866999,60
-7.547741890448378,109.13157606591267,109.279131788825,-4.524379708540437,36.47,43.7,K4_20250608_145725,1749369445.1866999,61
-6.208749640494943,112.40725998314429,113.5656591992838,-3.518650003223911,36.44,43.67,K4_20250608_145725,1749369445.1866999,62
-5.189169425721502,114.30579381090956,114.4362860855199,-3.1140217341153402,36.41,43.74,K4_20250608_145725,1749369445.1866999,63
-6.433184164387967,108.84047276767978,108.92111056856629,-4.445719784155017,36.43,43.87,K4_20250608_145725,1749369445.1866999,64
-6.720654996049689,106.70103768716126,106.74680009676467,-4.98671107674204,36.43,43.96,K4_20250608_145725,1749369445.1866999,65
-7.594582380511838,103.8463334172684,102.8063237789338,-5.758868053429751,36.41,44.18,K4_20250608_145725,1749369445.1866999,66
-7.4357224621890055,102.13212630916041,102.06085577728481,-5.964616110911265,36.4,44.26,K4_20250608_145725,1749369445.1866999,67
-7.244921340348583,101.65563420999933,101.55697782805782,-6.110254024772303,36.39,44.33,K4_20250608_145725,1749369445.1866999,68
-7.308803747384445,101.18020419210643,101.07379772321292,-6.230474312013939,36.39,44.35,K4_20250608_145725,1749369445.1866999,69
-6.320318636861202,104.74380516376732,103.65625282078781,-4.379657410940581,36.37,44.3,K4_20250608_145725,1749369445.1866999,70
-6.842046683359058,105.40674814512295,105.32668534336244,-3.9843040322141405,36.36,44.28,K4_20250608_145725,1749369445.1866999,71
-5.534149537656958,111.34749920624654,111.32504096515913,-2.532385694933282,36.34,44.13,K4_20250608_145725,1749369445.1866999,72
-4.227098491221341,114.38546811453034,114.36997832319685,-2.5867661332376883,36.31,44.11,K4_20250608_145725,1749369445.1866999,73
-4.621061723647017,116.9992711316736,117.0067710554622,-1.950972180027975,36.3,44.05,K4_20250608_145725,1749369445.1866999,74
-4.748826537718742,116.04841109588779,115.04041084577239,-2.1914127545110205,36.3,44.09,K4_20250608_145725,1749369445.1866999,75
-4.748826537718742,116.04841109588779,115.04041084577239,-2.1914127545110205,36.3,44.09,K4_20250608_145725,1749369445.1866999,76
-3.665363915909211,118.42237494154688,117.39421783685157,-1.666564198161268,36.27,44.14,K4_20250608_145725,1749369445.1866999,77
-4.569540305355304,118.13551996838578,117.11898799411938,-1.486233767298927,36.27,44.11,K4_20250608_145725,1749369445.1866999,78
-4.378739183514654,117.65902786922561,116.61511004489421,-1.6318716811592822,36.26,44.18,K4_20250608_145725,1749369445.1866999,79
-4.666210015176375,114.519592788708,114.44079957309168,-2.172862973746305,36.26,44.27,K4_20250608_145725,1749369445.1866999,80
-4.061019346868989,115.23061365300964,115.12417404159623,-2.043367796122766,36.24,44.34,K4_20250608_145725,1749369445.1866999,81
-3.9979830391000633,113.80326151806366,113.65393588268034,-2.429446284466394,36.23,44.45,K4_20250608_145725,1749369445.1866999,82
-3.8071819172594132,113.32676941890259,112.15005793345426,-2.5750841983274313,36.22,44.52,K4_20250608_145725,1749369445.1866999,83
-3.3616972665420235,111.84921523847333,111.6254821398461,-2.7461397388074147,36.2,44.64,K4_20250608_145725,1749369445.1866999,84
-1.7680214877116214,116.12383707443587,115.89131170592464,-1.7658276601100624,36.16,44.66,K4_20250608_145725,1749369445.1866999,85
-1.7999626912296662,115.88612206548896,115.64972165350173,-1.825937803730767,36.16,44.67,K4_20250608_145725,1749369445.1866999,86
-1.5763742666040343,117.55012712811458,116.34085202045844,-1.4051667983853804,36.16,44.6,K4_20250608_145725,1749369445.1866999,87
-0.8549336737021349,122.77560899986202,121.57304179622679,-0.18441414520498256,36.12,44.58,K4_20250608_145725,1749369445.1866999,88
-0.5994040455584582,123.67732907143363,123.50576221560641,1.296467003761336,36.12,44.5,K4_20250608_145725,1749369445.1866999,89
0.2613162508921505,126.2900700073069,126.12185710348876,0.9068433303514212,36.1,44.49,K4_20250608_145725,1749369445.1866999,90
1.7919557219534,130.9920439782154,131.8579248284841,2.273233897392629,36.07,44.4,K4_20250608_145725,1749369445.1866999,91
2.015544146579259,132.65604904084012,132.54905519544081,2.6940049027380155,36.07,44.33,K4_20250608_145725,1749369445.1866999,92
2.429933693045541,133.84356200430375,133.73630761317054,2.969137994222592,36.06,44.33,K4_20250608_145725,1749369445.1866999,93
3.4814551113372545,135.97981084101775,134.84852455182863,3.433876406952095,36.03,44.39,K4_20250608_145725,1749369445.1866999,94
4.075130890167429,139.25443267697938,139.11435411790717,4.41418848564922,35.99,44.41,K4_20250608_145725,1749369445.1866999,95
3.85154246554157,136.59042761435467,137.42322375094955,3.993417480303833,35.99,44.48,K4_20250608_145725,1749369445.1866999,96
3.0742847909004922,136.3516505241405,136.16093585414728,3.907889710063955,35.98,44.54,K4_20250608_145725,1749369445.1866999,97
4.317453430299565,139.9141894145314,139.72269310733736,4.7332889845179125,35.95,44.54,K4_20250608_145725,1749369445.1866999,98
3.8383353775302567,136.34846428033507,136.09884232100103,3.8316368302062074,35.95,44.69,K4_20250608_145725,1749369445.1866999,99
3.2314525106887686,131.83187911035384,131.5086313249758,2.6895441014112293,35.95,44.88,K4_20250608_145725,1749369445.1866999,100
0.0,0.0,0.0,0.0,35.8,49.76,K5_20250608_150636,1749369996.4610133,1
-1.0638824070358623,0.5245699821070957,-0.48318010484490515,-0.12022028724186384,35.8,49.78,K5_20250608_150636,1749369996.4610133,2
-1.0,1.0,1.0,0.0,35.8,49.76,K5_20250608_150636,1749369996.4610133,3
0.9246027034866984,4.088170953766166,4.099274992728169,2.7305966138314943,35.78,49.73,K5_20250608_150636,1749369996.4610133,4
0.0958236105539072,1.7131450268389017,1.7247701572678125,2.180330430862341,35.8,49.73,K5_20250608_150636,1749369996.4610133,5
-1.6690730753434764,-0.18645088219636818,-0.16655457335036772,1.750284535134142,35.82,49.71,K5_20250608_150636,1749369996.4610133,6
-0.7329554823793387,-0.6618809000892725,-0.6497346781943634,1.630064247892733,35.82,49.73,K5_20250608_150636,1749369996.4610133,7
-0.7329554823793387,-0.6618809000892725,-0.6497346781943634,1.630064247892733,35.82,49.73,K5_20250608_150636,1749369996.4610133,8
-0.2546835288769671,1.0010620812672641,1.0206978443802655,2.025417626618946,35.81,49.71,K5_20250608_150636,1749369996.4610133,9
-0.6690730753434764,-0.18645088219636818,-0.16655457335036772,0.7502845351341421,35.82,49.71,K5_20250608_150636,1749369996.4610133,10
-1.5297933717945398,-2.7991918180705397,-2.782649461233632,1.1399082085440568,35.84,49.72,K5_20250608_150636,1749369996.4610133,11
-0.6371318718254315,0.05126412675053871,0.0750354790725396,0.810394678755074,35.82,49.7,K5_20250608_150636,1749369996.4610133,12
-0.7329554823793387,-0.6618809000892725,0.35026532180563663,1.630064247892733,35.82,49.73,K5_20250608_150636,1749369996.4610133,13
-1.46591096475845,-2.323761800178545,-1.2994693563887267,1.260128495785466,35.84,49.7,K5_20250608_150636,1749369996.4610133,14
-2.4224548717631933,-5.649647762889799,-4.640334401539803,0.4694217383330397,35.86,49.74,K5_20250608_150636,1749369996.4610133,15
-1.8803005112249593,-2.511274763641268,-2.48672177411936,0.9849954043008893,35.85,49.7,K5_20250608_150636,1749369996.4610133,16
-2.1349840401014717,-2.5102126823721846,-2.466023929738185,1.0104130309202901,35.86,49.65,K5_20250608_150636,1749369996.4610133,17
-1.274263743650863,0.10252825350016792,0.1500709581459887,1.620789357510148,35.84,49.64,K5_20250608_150636,1749369996.4610133,18
-2.103042836583654,-2.2724976734261872,-2.2244338773152776,1.0705231745409947,35.86,49.64,K5_20250608_150636,1749369996.4610133,19
-1.6886532901173723,-1.0849847099634644,-1.0371814595846445,1.3456562660257987,35.85,49.64,K5_20250608_150636,1749369996.4610133,20
-1.8998807259988553,-4.409808591408364,-4.357348660354546,0.5803671351923185,35.88,49.63,K5_20250608_150636,1749369996.4610133,21
-0.6247708830812826,-0.6095546920705601,-0.5540013547397393,1.4658765532672078,35.85,49.62,K5_20250608_150636,1749369996.4610133,22
-2.1545642548753676,-4.408746510139281,-4.336650815972462,1.6057847618117194,35.89,49.58,K5_20250608_150636,1749369996.4610133,23
1.0191297828803272,15.561438403894499,15.998309276272266,7.705872079195842,35.91,48.64,K5_20250608_150636,1749369996.4610133,24
5.361441262788958,43.08511531492604,43.94771987819877,17.868254060451363,35.89,47.54,K5_20250608_150636,1749369996.4610133,25
11.140325968851585,62.76632109326238,64.96605443894896,40.09783655545948,35.89,46.67,K5_20250608_150636,1749369996.4610133,26
14.323842697550617,75.36734072995841,77.81172290609993,61.33450942059926,35.91,46.04,K5_20250608_150636,1749369996.4610133,27
15.634278141053755,87.01643824959956,89.6703333191781,78.30532408463682,35.92,45.5,K5_20250608_150636,1749369996.4610133,28
16.97580868880823,97.00046862534782,99.8171155209202,90.82995011670982,35.92,45.08,K5_20250608_150636,1749369996.4610133,29
17.67936126547056,104.13298097500865,107.08551493797495,92.65867205195264,35.93,44.73,K5_20250608_150636,1749369996.4610133,30
18.414008946383774,109.60042618077568,112.64208614369,94.04120535523066,35.93,44.5,K5_20250608_150636,1749369996.4610133,31
17.00131159845114,112.21847752299072,115.36167025348004,94.77866981491661,35.96,44.24,K5_20250608_150636,1749369996.4610133,32
17.73595927936435,117.68592272875867,121.918241459196,95.16120311819486,35.96,44.01,K5_20250608_150636,1749369996.4610133,33
18.597525675082125,122.20144581747172,126.48775461084006,94.27787822037044,35.95,43.87,K5_20250608_150636,1749369996.4610133,34
16.630312977867334,124.34194297925751,127.68276292702285,93.84428713957664,35.96,43.73,K5_20250608_150636,1749369996.4610133,35
17.03318763485663,129.0930569143802,133.45247044232747,94.9702371321348,35.93,43.68,K5_20250608_150636,1749369996.4610133,36
16.04554862360078,127.43223809556002,131.82343360851428,93.6257190066467,35.96,43.6,K5_20250608_150636,1749369996.4610133,37
14.99318110604213,123.39320710600805,127.75779840609721,92.65468181833216,35.98,43.67,K5_20250608_150636,1749369996.4610133,38
16.204408541923385,126.71803098745295,131.0779656068662,94.41997094916542,35.95,43.68,K5_20250608_150636,1749369996.4610133,39
15.406724553241474,122.6779379166328,126.99163256006614,94.42351613423125,35.96,43.8,K5_20250608_150636,1749369996.4610133,40
13.461695535713943,115.78845098225975,121.06831241734199,95.78199247570547,36.0,43.89,K5_20250608_150636,1749369996.4610133,41
14.365025825892872,113.17252380258105,118.39012399631429,101.09536326925763,35.99,44.05,K5_20250608_150636,1749369996.4610133,42
15.224900023076998,113.88248258561543,119.05280062043676,108.19944082026223,35.96,44.17,K5_20250608_150636,1749369996.4610133,43
16.033252801969184,113.45619253193763,117.60326030590295,114.83877995853754,35.96,44.23,K5_20250608_150636,1749369996.4610133,44
14.91700287737467,108.94173152449275,115.05444499864097,118.74752248298114,35.98,44.32,K5_20250608_150636,1749369996.4610133,45
15.980885284410533,109.41716154238566,115.53762510348497,118.86774277022278,35.98,44.3,K5_20250608_150636,1749369996.4610133,46
17.384606040666768,116.07105763034815,122.26075088254947,120.4999915383662,35.96,44.12,K5_20250608_150636,1749369996.4610133,47
18.247018535651705,122.48936287190008,128.78368229795433,120.12296541612727,35.96,43.85,K5_20250608_150636,1749369996.4610133,48
17.204408541923385,127.71803098745295,134.0779656068662,114.41997094916542,35.95,43.68,K5_20250608_150636,1749369996.4610133,49
15.237195844708594,129.85852814923874,136.272973923049,106.98637986837161,35.96,43.54,K5_20250608_150636,1749369996.4610133,50
15.927541333359613,136.74907716487905,143.21699191015614,104.65332115351657,35.93,43.4,K5_20250608_150636,1749369996.4610133,51
14.513997886159814,136.4643463542552,143.98315775618448,101.88448683761726,35.95,43.27,K5_20250608_150636,1749369996.4610133,52
15.566365403718692,140.5033773438072,148.04879295860337,99.85552402593225,35.93,43.2,K5_20250608_150636,1749369996.4610133,53
15.522909310723662,143.82926330652117,151.38965800375445,95.64623078338491,35.91,43.16,K5_20250608_150636,1749369996.4610133,54
13.322350665052,135.0380563005765,142.53361744164977,93.52382597589258,35.95,43.33,K5_20250608_150636,1749369996.4610133,55
14.278048472789806,137.46116011044978,143.92106422304096,93.80823395775974,35.92,43.42,K5_20250608_150636,1749369996.4610133,56
13.511459588358775,131.75599989573675,138.1229029649021,96.36559051086101,35.92,43.66,K5_20250608_150636,1749369996.4610133,57
14.47867228557402,129.61550273395187,135.9278946487202,103.79918159165481,35.91,43.8,K5_20250608_150636,1749369996.4610133,58
14.93567182576885,125.57434758186264,131.82086375753897,110.77730915010147,35.91,43.97,K5_20250608_150636,1749369996.4610133,59
16.795546022952294,126.28430636489702,133.48354038166235,115.88138670110607,35.88,44.09,K5_20250608_150636,1749369996.4610133,60
16.221450458896243,124.90821835670158,131.0883377018199,120.30570289151751,35.89,44.14,K5_20250608_150636,1749369996.4610133,61
16.125626848342336,124.19507332986177,130.3635675445521,120.12537246065517,35.89,44.17,K5_20250608_150636,1749369996.4610133,62
17.304913080706,127.28218220236158,134.4421446928991,121.83055144786772,35.86,44.19,K5_20250608_150636,1749369996.4610133,63
17.974832255315732,130.371415237395,137.56211753000935,122.58656568831861,35.85,44.11,K5_20250608_150636,1749369996.4610133,64
17.390067901049406,133.46171035369844,140.70278821150077,123.36799755538891,35.85,43.98,K5_20250608_150636,1749369996.4610133,65
17.837244750300897,136.78972047894786,144.0850489454142,121.20953956607968,35.85,43.84,K5_20250608_150636,1749369996.4610133,66
17.5391051284289,140.1166685229291,147.44661183494645,116.02566395015128,35.84,43.75,K5_20250608_150636,1749369996.4610133,67
16.12471558196262,138.92915555946547,146.25935941721582,110.75053085866693,35.85,43.75,K5_20250608_150636,1749369996.4610133,68
18.06974459949015,145.81864249383852,153.18267955994088,111.39205451719272,35.81,43.66,K5_20250608_150636,1749369996.4610133,69
16.571046331946945,140.3543835318751,148.68820188736936,109.08577409377222,35.84,43.74,K5_20250608_150636,1749369996.4610133,70
19.24818473258665,147.00296921349673,155.30783844452708,110.59093472881955,35.77,43.81,K5_20250608_150636,1749369996.4610133,71
17.642147965012555,144.3891661963562,152.67104571226173,109.95514077561029,35.78,43.87,K5_20250608_150636,1749369996.4610133,72
17.354677133350833,142.24973111583859,150.4967352404601,109.41414948302327,35.78,43.96,K5_20250608_150636,1749369996.4610133,73
16.97138269113543,139.39715100848116,147.59765461139068,108.6928277595739,35.78,44.08,K5_20250608_150636,1749369996.4610133,74
17.066360202421947,138.20751388248027,146.3690065048977,113.36685941485075,35.77,44.18,K5_20250608_150636,1749369996.4610133,75
19.022058010159753,139.63061769235446,147.7564532862889,117.65126739671769,35.74,44.27,K5_20250608_150636,1749369996.4610133,76
18.95817560312389,140.15518767446156,148.27327318144398,117.53104710947628,35.74,44.29,K5_20250608_150636,1749369996.4610133,77
19.563366271431278,140.86620853876502,148.95664764994763,118.66054228710027,35.72,44.36,K5_20250608_150636,1749369996.4610133,78
21.093159643225363,144.66540035683374,152.73929711118126,119.52063407855576,35.68,44.4,K5_20250608_150636,1749369996.4610133,79
20.04163822493365,142.52915152012156,150.62708017252407,119.05589566582626,35.71,44.34,K5_20250608_150636,1749369996.4610133,80
19.77543980657947,146.0938145730488,154.23023311447832,118.93213019351879,35.7,44.24,K5_20250608_150636,1749369996.4610133,81
20.11527815580007,152.2722806431193,160.47017878869883,115.4441586744208,35.68,44.08,K5_20250608_150636,1749369996.4610133,82
20.741741237415226,158.68739964086672,166.93101667096016,110.99087967232435,35.65,43.96,K5_20250608_150636,1749369996.4610133,83
20.677858830379364,158.21196962297472,166.44783656611526,109.87065938508272,35.65,43.98,K5_20250608_150636,1749369996.4610133,84
21.952968673296937,162.01222352231252,170.25118387172915,110.75616880315783,35.62,43.97,K5_20250608_150636,1749369996.4610133,85
21.825203859224985,161.06136348652763,169.28482366203934,109.51572822867456,35.62,44.01,K5_20250608_150636,1749369996.4610133,86
21.79326265570694,160.82364847758072,169.04323360961735,109.45561808505363,35.62,44.02,K5_20250608_150636,1749369996.4610133,87
22.97170278880344,162.00797519723892,170.16839249420354,109.65449829668069,35.58,44.17,K5_20250608_150636,1749369996.4610133,88
23.098621503608,161.05605308018494,169.18133444013256,109.38864009557847,35.57,44.26,K5_20250608_150636,1749369996.4610133,89
24.28857652618194,158.67677882818498,166.7240382271466,110.73670340613216,35.55,44.46,K5_20250608_150636,1749369996.4610133,90
23.969164491002402,156.29962873872137,165.30813770292298,115.13560196992421,35.55,44.56,K5_20250608_150636,1749369996.4610133,91
23.61781125230482,153.68476364031085,162.65064712627645,120.47439039009578,35.55,44.67,K5_20250608_150636,1749369996.4610133,92
24.106751996017465,149.88132349716852,159.7852062875172,122.51262809216314,35.55,44.83,K5_20250608_150636,1749369996.4610133,93
24.883163571391606,149.2173184345438,158.0940759205605,126.09185708681775,35.55,44.9,K5_20250608_150636,1749369996.4610133,94
26.3490745361496,152.54108023471963,161.39354527694832,128.83172859103183,35.51,44.96,K5_20250608_150636,1749369996.4610133,95
26.3490745361496,152.54108023471963,161.39354527694832,128.83172859103183,35.51,44.96,K5_20250608_150636,1749369996.4610133,96
28.67739799589299,162.2831472764501,171.2159460487419,131.19457397300698,35.47,44.75,K5_20250608_150636,1749369996.4610133,97
30.463567095097687,169.88684131892933,178.88473419311413,127.04184568901428,35.44,44.58,K5_20250608_150636,1749369996.4610133,98
27.923104933093555,171.55403262535947,180.63795809321527,119.53886957421764,35.47,44.36,K5_20250608_150636,1749369996.4610133,99
27.752730125293283,174.83184070512652,184.96588119243825,113.59543453277229,35.46,44.23,K5_20250608_150636,1749369996.4610133,100
0.0,0.0,0.0,0.0,35.53,49.74,K6_20250608_151627,1749370587.6823764,1
0.06388240703586234,0.4754300178929043,0.48318010484490515,0.12022028724163647,35.53,49.72,K6_20250608_151627,1749370587.6823764,2
-0.7968378894147463,-2.1373109179803578,-2.1329147830374495,-0.4901560393482214,35.55,49.73,K6_20250608_151627,1749370587.6823764,3
-0.5102131570204165,-1.900657990302534,-1.9120225749975361,0.5445364776533097,35.54,49.77,K6_20250608_151627,1749370587.6823764,4
-0.7648966858969288,-1.8995959090334509,-0.8913247306154517,0.5699541042724832,35.55,49.72,K6_20250608_151627,1749370587.6823764,5
-0.7648966858969288,-1.8995959090334509,-0.8913247306154517,1.5699541042724832,35.55,49.72,K6_20250608_151627,1749370587.6823764,6
-0.35050713943064693,-0.7120829455698185,0.295927687114272,1.8450871957570598,35.54,49.72,K6_20250608_151627,1749370587.6823764,7
-2.071947732332319,-5.937564817318162,-3.936262088653166,0.6243345425768894,35.58,49.74,K6_20250608_151627,1749370587.6823764,8
-1.0080653252964566,-4.462134799425257,-3.4530819838082607,0.7445548298182985,35.58,49.72,K6_20250608_151627,1749370587.6823764,9
0.36286812817502323,0.0512641267514482,1.0750354790743586,1.8103946787555287,35.55,49.68,K6_20250608_151627,1749370587.6823764,10
0.23510331410307117,-0.8995959090334509,0.1086752693845483,1.5699541042724832,35.55,49.72,K6_20250608_151627,1749370587.6823764,11
-1.0400065288142741,-4.699849808372164,-3.6946720362302585,0.6844446861975939,35.58,49.73,K6_20250608_151627,1749370587.6823764,12
-1.1038889358503639,-5.1752798262650686,-4.177852141075164,0.5642243989559574,35.58,49.75,K6_20250608_151627,1749370587.6823764,13
-0.8803005112245046,-3.5112747636403583,-1.4867217741184504,0.9849954043015714,35.58,49.68,K6_20250608_151627,1749370587.6823764,14
-1.2627488541731964,-4.461072718157993,-2.4323841394279953,0.7699724564372445,35.59,49.67,K6_20250608_151627,1749370587.6823764,15
-2.283175168213802,-8.26238869876397,-6.256429289422158,-0.1409545882565908,35.61,49.73,K6_20250608_151627,1749370587.6823764,16
-2.05958674358817,-6.598383636138351,-4.565298922465445,0.2798164170887958,35.61,49.66,K6_20250608_151627,1749370587.6823764,17
-2.1234691506240324,-7.073813654032165,-5.04847902731035,1.1595961298471593,35.61,49.68,K6_20250608_151627,1749370587.6823764,18
-1.9957043365523077,-6.122953618246356,-4.08211881762054,1.4000367043304323,35.61,49.64,K6_20250608_151627,1749370587.6823764,19
-2.6656235111622664,-9.212186653279787,-7.202091654730793,1.644022463879537,35.62,49.72,K6_20250608_151627,1749370587.6823764,20
-2.091527947106215,-6.836098645085258,-4.806888974888352,2.2197062734680912,35.61,49.67,K6_20250608_151627,1749370587.6823764,21
-2.442035086536407,-7.548181590655076,-5.51096128777408,2.064793469225151,35.62,49.65,K6_20250608_151627,1749370587.6823764,22
-1.8227912309509975,-4.692415239494039,-2.5497871255611244,3.8623680725320355,35.65,49.38,K6_20250608_151627,1749370587.6823764,23
1.4467264173581498,15.990914701377733,18.509943123951416,9.1427858207785,35.67,48.41,K6_20250608_151627,1749370587.6823764,24
8.45986833825691,33.869742417840826,36.68353469032445,61.43602364447338,35.68,47.65,K6_20250608_151627,1749370587.6823764,25
20.715332799288035,52.408326871855934,55.46546524612859,125.04836196703673,35.65,47.02,K6_20250608_151627,1749370587.6823764,26
26.781753504124936,58.59210334826639,63.80890014225497,167.68747858103484,35.68,46.61,K6_20250608_151627,1749370587.6823764,27
32.452518778002286,64.58411853614052,70.88229124312602,192.94979159707123,35.68,46.4,K6_20250608_151627,1749370587.6823764,28
36.94315172024858,65.58624269867778,72.92368693188837,211.00062685030957,35.7,46.3,K6_20250608_151627,1749370587.6823764,29
40.72040939489011,66.82501978889195,75.18597482869245,227.08615462054968,35.71,46.24,K6_20250608_151627,1749370587.6823764,30
44.33796105194165,66.87522183437522,76.24031246338382,234.8711316726858,35.72,46.23,K6_20250608_151627,1749370587.6823764,31
46.27407864490556,66.39979181648232,77.75713235853982,239.75091138544417,35.72,46.25,K6_20250608_151627,1749370587.6823764,32
48.03091000550603,64.83725292609051,77.19537510534792,244.92551211098998,35.75,46.25,K6_20250608_151627,1749370587.6823764,33
51.27407864490556,69.39979181648232,81.75713235853982,250.75091138544417,35.72,46.25,K6_20250608_151627,1749370587.6823764,34
51.25449843013189,67.50125798871522,82.88650547230463,250.3462831163356,35.75,46.18,K6_20250608_151627,1749370587.6823764,35
52.02024121529598,73.30363605058938,86.73124846668179,251.28262778764883,35.74,46.07,K6_20250608_151627,1749370587.6823764,36
52.02108731456292,76.20641820342917,90.68466673044168,244.78892656323433,35.75,45.94,K6_20250608_151627,1749370587.6823764,37
51.32007303570185,74.78225231228589,91.27652210467022,237.479100954748,35.77,45.9,K6_20250608_151627,1749370587.6823764,38
51.543661460327485,77.4462573749106,93.96765247162693,236.8998719600936,35.77,45.83,K6_20250608_151627,1749370587.6823764,39
52.53214657085027,82.00985834657058,98.55010756920092,237.75068886116696,35.75,45.78,K6_20250608_151627,1749370587.6823764,40
52.703367477917254,79.63483241964241,98.17560273373874,237.20042267819736,35.77,45.78,K6_20250608_151627,1749370587.6823764,41
54.74337400673198,87.33468222801639,105.87027476996991,238.51597799200022,35.72,45.79,K6_20250608_151627,1749370587.6823764,42
53.18079333215269,81.39499324816006,100.8926169925544,242.0894772813383,35.75,45.89,K6_20250608_151627,1749370587.6823764,43
55.92526370400901,80.49327317658935,100.95989657317477,246.60859613237199,35.75,45.97,K6_20250608_151627,1749370587.6823764,44
55.29880062239408,75.07815417884194,96.49905869091344,249.06187513446844,35.78,46.09,K6_20250608_151627,1749370587.6823764,45
56.393778133680826,74.88851705284014,97.27041058441955,254.7359067897455,35.77,46.19,K6_20250608_151627,1749370587.6823764,46
58.07436609850129,73.51136696337653,96.85451006019503,260.13480535353756,35.77,46.29,K6_20250608_151627,1749370587.6823764,47
59.71149797032649,75.46010283662599,99.7794745811234,264.32441067478226,35.75,46.35,K6_20250608_151627,1749370587.6823764,48
60.96618149920323,75.45904075535782,100.75877673674222,265.2989930481631,35.74,46.4,K6_20250608_151627,1749370587.6823764,49
60.83841668513128,76.50818071957201,101.79241652705241,267.0585524736798,35.74,46.44,K6_20250608_151627,1749370587.6823764,50
61.74259307457737,76.79503569273311,103.0676463697855,266.87822204281747,35.74,46.47,K6_20250608_151627,1749370587.6823764,51
61.55179195273672,78.27152779189419,105.57152431901159,267.0238599566783,35.75,46.4,K6_20250608_151627,1749370587.6823764,52
63.01854901676188,84.4980717449107,111.8244119391602,264.27003023647785,35.72,46.33,K6_20250608_151627,1749370587.6823764,53
61.41335834845472,83.78705088060724,113.14103747065565,258.14053505885386,35.74,46.26,K6_20250608_151627,1749370587.6823764,54
61.84817420896184,89.77587982467776,119.15233503838135,255.32659519503272,35.71,46.2,K6_20250608_151627,1749370587.6823764,55
60.6688879765984,87.68877095217886,118.07375789003527,253.62141620782018,35.74,46.18,K6_20250608_151627,1749370587.6823764,56
61.593490680085324,91.77694190594593,122.17303288276344,254.35201282165212,35.72,46.15,K6_20250608_151627,1749370587.6823764,57
61.75235059840816,92.06273479783886,123.42756488111445,254.14626476417038,35.71,46.23,K6_20250608_151627,1749370587.6823764,58
63.83581322021769,95.43669864349704,126.78137187219454,256.6711133205206,35.68,46.28,K6_20250608_151627,1749370587.6823764,59
62.36905615619253,91.21015469048143,122.52848425204593,257.424943040721,35.71,46.35,K6_20250608_151627,1749370587.6823764,60
63.751504499140765,92.15995264499907,125.47414661735456,260.6399659885849,35.7,46.36,K6_20250608_151627,1749370587.6823764,61
64.80302591743248,95.29620148171125,128.58636355601084,261.1047044013144,35.67,46.42,K6_20250608_151627,1749370587.6823764,62
64.4516726787349,93.68133638330073,127.92887297936431,263.44349282148573,35.67,46.53,K6_20250608_151627,1749370587.6823764,63
64.87757711467884,92.3052483751053,127.53367029952278,265.8678090118972,35.68,46.58,K6_20250608_151627,1749370587.6823764,64
66.89715732945274,95.20378220287239,130.40429718575797,268.27243728100575,35.65,46.65,K6_20250608_151627,1749370587.6823764,65
66.1642018470734,93.54190130278312,130.7545625075636,267.9025015288987,35.67,46.62,K6_20250608_151627,1749370587.6823764,66
67.6629001146166,100.00616026474654,137.24904018013422,269.208781952319,35.64,46.54,K6_20250608_151627,1749370587.6823764,67
67.23784177793982,105.28503042578177,143.59766112373836,264.29076453749303,35.64,46.36,K6_20250608_151627,1749370587.6823764,68
66.80042245251911,111.22471940563628,150.5753189011548,256.71726524815494,35.61,46.26,K6_20250608_151627,1749370587.6823764,69
66.60962133067846,112.70121150479827,151.07919685038087,250.86290316201598,35.62,46.19,K6_20250608_151627,1749370587.6823764,70
66.05595208066279,115.1264394772079,153.5080393205335,250.19814639712126,35.61,46.18,K6_20250608_151627,1749370587.6823764,71
65.57768012716042,113.46349649585227,152.83760679795887,249.80279301839528,35.62,46.2,K6_20250608_151627,1749370587.6823764,72
66.59726034193386,116.36203032361755,155.70823368419224,250.20742128750362,35.59,46.27,K6_20250608_151627,1749370587.6823764,73
66.85194387081083,117.36096824234937,157.68753583981197,251.18200366088467,35.58,46.32,K6_20250608_151627,1749370587.6823764,74
66.4686494285952,114.50838813499286,154.78845521074345,254.46068193743508,35.58,46.44,K6_20250608_151627,1749370587.6823764,75
66.92649506805674,114.37001513574342,155.6348425833221,256.94510827146723,35.59,46.48,K6_20250608_151627,1749370587.6823764,76
68.3285236257791,117.21834691802815,159.45113183486683,257.5647594884399,35.55,46.56,K6_20250608_151627,1749370587.6823764,77
68.5512659511378,116.97956982781307,160.18884393806184,260.4792317181998,35.54,46.62,K6_20250608_151627,1749370587.6823764,78
69.23185391595803,116.60241973834945,158.77294341383822,261.87813028199207,35.54,46.72,K6_20250608_151627,1749370587.6823764,79
71.18755172369606,119.02552354822274,162.1603901952294,266.162538263859,35.51,46.81,K6_20250608_151627,1749370587.6823764,80
70.62497104911677,113.08583456836823,157.18273241781208,267.7360375531971,35.54,46.91,K6_20250608_151627,1749370587.6823764,81
71.90008089203434,117.88608846770512,161.9860797234278,268.621546971272,35.51,46.9,K6_20250608_151627,1749370587.6823764,82
72.31531653776779,120.97638358400854,167.12675040491922,269.40297883834205,35.51,46.77,K6_20250608_151627,1749370587.6823764,83
73.03760322993685,129.10464760859668,175.31235844444745,266.13003026710794,35.48,46.62,K6_20250608_151627,1749370587.6823764,84
71.89916962565485,133.62017069730882,180.88187159609151,256.2467053692835,35.47,46.48,K6_20250608_151627,1749370587.6823764,85
70.5575739107876,141.27300470400314,187.58429953077484,245.85353651080777,35.44,46.35,K6_20250608_151627,1749370587.6823764,86
71.09972827132583,143.41137770325258,190.73791215819438,245.36911017677562,35.43,46.31,K6_20250608_151627,1749370587.6823764,87
68.8565596319263,139.8488388128617,187.17615490500248,244.54371090232166,35.46,46.31,K6_20250608_151627,1749370587.6823764,88
69.81225743966434,142.27194262273497,190.56360168639367,244.8281188841886,35.43,46.4,K6_20250608_151627,1749370587.6823764,89
70.4174481079715,143.98296348703843,191.24697615489822,246.9576140618126,35.41,46.47,K6_20250608_151627,1749370587.6823764,90
71.25689599111479,140.89160628946684,190.0856076290247,252.15076456812312,35.4,46.65,K6_20250608_151627,1749370587.6823764,91
71.84166034538134,138.8013111731634,187.94493694753328,257.3693327010528,35.4,46.78,K6_20250608_151627,1749370587.6823764,92
72.90469665314981,138.37395903821653,188.4746987886174,263.98325421270897,35.39,46.89,K6_20250608_151627,1749370587.6823764,93
74.19047528627789,136.70782981305547,186.74217273289833,266.51164795412524,35.37,47.06,K6_20250608_151627,1749370587.6823764,94
76.2100555010511,138.60636364082166,190.6127996191326,269.9162762232336,35.34,47.13,K6_20250608_151627,1749370587.6823764,95
76.98646707642547,138.94235857819695,189.9216692521759,272.4955052178882,35.34,47.2,K6_20250608_151627,1749370587.6823764,96
76.53929022717398,135.61434845294661,187.53940851826155,274.6539632071972,35.34,47.34,K6_20250608_151627,1749370587.6823764,97
78.13296600600438,140.88897028891097,193.805238084341,275.63427528589455,35.3,47.36,K6_20250608_151627,1749370587.6823764,98
78.89870879116847,145.6913483507842,198.64998107871816,276.5706199572078,35.29,47.25,K6_20250608_151627,1749370587.6823764,99
79.15508451857909,149.49585057519562,203.53611976185766,271.5577998817596,35.3,47.04,K6_20250608_151627,1749370587.6823764,100
0.0,0.0,0.0,0.0,35.54,49.85,K7_20250608_152558,1749371158.1384537,1
-0.47827195350214424,-2.6629429813565366,-1.6704325225746288,-0.3953533787264405,35.55,49.87,K7_20250608_152558,1749371158.1384537,2
-0.8722351859280479,-0.04913996421419142,0.9663602096898103,0.24044057448304557,35.54,49.81,K7_20250608_152558,1749371158.1384537,3
-0.2227423253584675,-0.761222909785829,0.26228789680499176,0.08552777023987801,35.55,49.79,K7_20250608_152558,1749371158.1384537,4
-2.1154038253275758,-3.611678854605998,-3.595397043502089,-0.5849586999711391,35.57,49.81,K7_20250608_152558,1749371158.1384537,5
-0.25468352887651236,-0.9989379187318264,-0.9793021556179156,0.02541762661917346,35.55,49.8,K7_20250608_152558,1749371158.1384537,6
-1.987639011255851,-2.660818818821099,-2.629036833812279,-0.3445181254880936,35.57,49.77,K7_20250608_152558,1749371158.1384537,7
-1.1154038253275758,-3.611678854605998,-3.595397043502089,-0.5849586999711391,35.57,49.81,K7_20250608_152558,1749371158.1384537,8
-2.912241714742777,-5.748989772588175,-5.728311826542267,-1.0751147393198153,35.59,49.8,K7_20250608_152558,1749371158.1384537,9
-1.4339697612401778,-4.086046791230729,-4.057879303965819,-0.6797613605933748,35.58,49.78,K7_20250608_152558,1749371158.1384537,10
-1.8483593077069145,-5.27355975469527,-5.245131721697362,0.0451055479218212,35.59,49.78,K7_20250608_152558,1749371158.1384537,11
-1.7844769006708248,-4.798129736802366,-4.761951616852457,0.1653258351632303,35.59,49.76,K7_20250608_152558,1749371158.1384537,12
-2.5493735865677536,-6.6977256458367265,-6.653276347467909,0.7352799394354861,35.61,49.74,K7_20250608_152558,1749371158.1384537,13
-2.4535499760138464,-6.984580618997825,-5.928506190201006,0.9156103702978271,35.61,49.71,K7_20250608_152558,1749371158.1384537,14
-2.9318219295159906,-8.647523600353452,-7.5989387127756345,0.5202569915718414,35.62,49.73,K7_20250608_152558,1749371158.1384537,15
-2.3257851619421217,-6.033720583212016,-4.962145980511195,1.1560509447811,35.61,49.67,K7_20250608_152558,1749371158.1384537,16
-2.389667568977984,-6.5091506011049205,-5.445326085355191,1.0358306575394636,35.61,49.69,K7_20250608_152558,1749371158.1384537,17
-3.696718615413374,-10.547119509388722,-9.490263443392905,-0.9097889041561302,35.64,49.71,K7_20250608_152558,1749371158.1384537,18
-3.9194609407718417,-10.308342419173641,-9.227975546588823,-0.8242611339160248,35.65,49.65,K7_20250608_152558,1749371158.1384537,19
-3.50507139430556,-9.120829455710009,-9.0407231288591,-0.5491280424314482,35.64,49.65,K7_20250608_152558,1749371158.1384537,20
-3.5370125978236047,-9.358544464656916,-9.282313181281097,0.39076181394784726,35.64,49.66,K7_20250608_152558,1749371158.1384537,21
-2.568953801341422,-10.596259473602913,-8.523903233704004,0.3306516703271427,35.64,49.67,K7_20250608_152558,1749371158.1384537,22
-2.9514021442898866,-11.546057428119639,-9.46956559901082,0.11562872246304323,35.65,49.66,K7_20250608_152558,1749371158.1384537,23
-2.791696126700117,-10.357482383388742,-9.261615336899013,0.4161794405670207,35.65,49.61,K7_20250608_152558,1749371158.1384537,24
-1.1601564494828835,7.474329531395597,8.919732127925272,5.000693091983294,35.68,48.71,K7_20250608_152558,1749371158.1384537,25
5.70472917619054,35.237845613909485,37.15212847103703,24.274020470098094,35.68,47.5,K7_20250608_152558,1749371158.1384537,26
13.962731935022703,58.484776526443056,61.794313818123555,58.405255119417916,35.68,46.48,K7_20250608_152558,1749371158.1384537,27
19.326380995351883,76.07568718847597,79.67197769738232,78.85340574735596,35.68,45.74,K7_20250608_152558,1749371158.1384537,28
21.680272531850505,84.39889874540495,88.18972306531032,89.03351365394087,35.71,45.24,K7_20250608_152558,1749371158.1384537,29
23.25606029444066,90.58055105927997,94.49176227267526,97.62179501470064,35.72,44.93,K7_20250608_152558,1749371158.1384537,30
24.09804647538499,93.19754032022593,98.19064853808413,104.33384184776764,35.74,44.72,K7_20250608_152558,1749371158.1384537,31
26.278178807015593,98.18743134556462,103.22264395019192,111.54531961056568,35.72,44.61,K7_20250608_152558,1749371158.1384537,32
28.214296399979503,97.71200132767171,102.73946384534702,118.42509932332405,35.72,44.63,K7_20250608_152558,1749371158.1384537,33
30.468979928856243,97.71093924640354,104.71876600096584,127.39968169670487,35.71,44.68,K7_20250608_152558,1749371158.1384537,34
31.066105271866945,93.95982531127993,99.94905848566214,132.2737317041467,35.74,44.73,K7_20250608_152558,1749371158.1384537,35
30.695171818395693,89.44642638510231,96.42094102277952,136.20789185520948,35.77,44.77,K7_20250608_152558,1749371158.1384537,36
32.72711302191351,89.68414139404831,97.66253107520242,141.2680019988304,35.77,44.76,K7_20250608_152558,1749371158.1384537,37
33.56740700432374,89.4955663493165,96.4545808130897,143.96745128072644,35.77,44.81,K7_20250608_152558,1749371158.1384537,38
32.38812077196053,87.40845747681942,94.37600366474362,143.26227229351412,35.8,44.79,K7_20250608_152558,1749371158.1384537,39
33.88681903950328,91.87271643878103,99.87048133731332,144.56855271693416,35.77,44.71,K7_20250608_152558,1749371158.1384537,40
34.04737115636044,94.96407363635353,104.03184986318684,144.37540221062363,35.78,44.53,K7_20250608_152558,1749371158.1384537,41
33.59037161616584,99.00522878844185,108.13888075436807,141.39727465217697,35.78,44.36,K7_20250608_152558,1749371158.1384537,42
32.26113689004296,103.99724397631599,113.21227185523821,133.65958766821336,35.78,44.15,K7_20250608_152558,1749371158.1384537,43
32.48472531466882,105.6612490389407,114.90340222219493,130.08035867355898,35.78,44.08,K7_20250608_152558,1749371158.1384537,44
32.73940884354511,106.66018695767161,114.88270437781375,130.05494104693958,35.77,44.13,K7_20250608_152558,1749371158.1384537,45
32.26113689004296,104.99724397631599,113.21227185523821,129.65958766821336,35.78,44.15,K7_20250608_152558,1749371158.1384537,46
32.06948966893515,103.57095392263818,112.76273154070441,132.29892680648868,35.78,44.21,K7_20250608_152558,1749371158.1384537,47
32.22834958725775,102.85674681452929,112.01726353905542,134.09317874900717,35.77,44.29,K7_20250608_152558,1749371158.1384537,48
32.2602907907758,103.0944618234762,112.25885359147742,134.15328889262787,35.77,44.28,K7_20250608_152558,1749371158.1384537,49
32.62231281968366,100.24294379738876,109.38047080679007,134.45738479579768,35.78,44.35,K7_20250608_152558,1749371158.1384537,50
32.87699634856017,100.24188171611877,110.3597729624089,134.4319671691785,35.77,44.4,K7_20250608_152558,1749371158.1384537,51
32.74923153448822,99.29102168033296,109.39341275271909,134.19152659469546,35.77,44.44,K7_20250608_152558,1749371158.1384537,52
32.7172903309704,99.05330667138696,109.15182270029618,135.13141645107453,35.77,44.45,K7_20250608_152558,1749371158.1384537,53
32.78117273800626,100.52873668927987,110.635002805142,135.25163673831617,35.77,44.43,K7_20250608_152558,1749371158.1384537,54
34.056282580923835,104.32899058861767,114.4383501107568,136.13714615639105,35.74,44.42,K7_20250608_152558,1749371158.1384537,55
32.439577023139236,107.1815706959751,117.33743073982623,133.85846787984042,35.74,44.3,K7_20250608_152558,1749371158.1384537,56
32.47151822665728,108.4192857049211,117.57902079224823,130.91857802346135,35.74,44.29,K7_20250608_152558,1749371158.1384537,57
31.599283040729233,109.3701457407069,118.54538100193713,129.1590185979444,35.74,44.25,K7_20250608_152558,1749371158.1384537,58
32.90633408716462,112.40811464899161,122.59031835997484,130.10463815964,35.71,44.23,K7_20250608_152558,1749371158.1384537,59
31.822871465354865,111.03415080333161,120.23651136889475,129.57978960328978,35.74,44.18,K7_20250608_152558,1749371158.1384537,60
32.52388574421616,112.45831669447398,122.64465599466621,131.88961521177612,35.72,44.22,K7_20250608_152558,1749371158.1384537,61
32.42721603439509,109.84238951479529,119.96646757363851,133.20298600532828,35.71,44.38,K7_20250608_152558,1749371158.1384537,62
35.47873745268703,111.97863835150838,122.0786845122957,138.6677244180578,35.68,44.44,K7_20250608_152558,1749371158.1384537,63
34.26666391753815,107.75103231722369,116.8050990477659,142.39613651163882,35.7,44.56,K7_20250608_152558,1749371158.1384537,64
34.81948706828666,104.42302219197427,114.42283831385157,143.55459450094781,35.7,44.7,K7_20250608_152558,1749371158.1384537,65
36.26497171900428,104.94546801154502,114.89826252024432,146.38353896046806,35.68,44.82,K7_20250608_152558,1749371158.1384537,66
36.07332449789669,103.5191779578663,113.4487222057096,149.02287809874338,35.68,44.88,K7_20250608_152558,1749371158.1384537,67
37.97665478807539,101.90325077818761,111.7705337846819,152.33624889229532,35.67,45.04,K7_20250608_152558,1749371158.1384537,68
39.99623500284929,103.80178460595471,114.64116067091709,155.74087716140411,35.64,45.11,K7_20250608_152558,1749371158.1384537,69
39.42213943879324,101.42569659775927,113.24595799107465,155.16519335181533,35.65,45.16,K7_20250608_152558,1749371158.1384537,70
40.58099935711584,100.71148948965129,112.50048998942475,157.95944529433382,35.64,45.24,K7_20250608_152558,1749371158.1384537,71
41.568638368371694,102.37230830847147,115.12952682323885,160.30396341982168,35.61,45.32,K7_20250608_152558,1749371158.1384537,72
40.03884499657761,98.57311649040184,111.34687736200613,159.44387162836597,35.65,45.28,K7_20250608_152558,1749371158.1384537,73
41.98387401410514,106.4626034247749,118.27019750473028,161.08539528689175,35.61,45.19,K7_20250608_152558,1749371158.1384537,74
42.100123938699426,110.97706443221887,122.81901281199225,158.17665276244816,35.59,45.1,K7_20250608_152558,1749371158.1384537,75
41.70616070627398,113.59086744936212,125.4558055442576,154.81244671565787,35.58,45.04,K7_20250608_152558,1749371158.1384537,76
40.929749130899836,115.25487251198683,127.14693591121522,151.23321772100326,35.58,44.97,K7_20250608_152558,1749371158.1384537,77
41.63160950902761,118.58182055596808,130.50849880074747,151.04934210507486,35.57,44.88,K7_20250608_152558,1749371158.1384537,78
41.72743311958152,119.29496558280698,131.23326895801438,147.2296725359372,35.57,44.85,K7_20250608_152558,1749371158.1384537,79
40.03448416601714,124.33293449109169,135.27820631605118,144.17529209763302,35.54,44.83,K7_20250608_152558,1749371158.1384537,80
40.4169325089656,125.28273244560842,137.22386868135982,144.39031504549666,35.53,44.84,K7_20250608_152558,1749371158.1384537,81
39.65118972380151,121.48035438373518,133.37912568698266,143.45397037418365,35.54,44.95,K7_20250608_152558,1749371158.1384537,82
41.989335874488006,123.85325614812609,135.71223483368067,145.95340130391446,35.5,45.05,K7_20250608_152558,1749371158.1384537,83
42.57410022875433,120.76296103182267,132.57156415218924,147.1719694368444,35.5,45.18,K7_20250608_152558,1749371158.1384537,84
44.05152608298977,121.52312186034032,133.2885784110049,154.0610240399851,35.48,45.29,K7_20250608_152558,1749371158.1384537,85
44.158864583020886,118.67266591551925,131.4308934706978,153.3905375697741,35.5,45.31,K7_20250608_152558,1749371158.1384537,86
46.13583480406646,125.7998678588383,138.59580366584578,155.0921713719208,35.46,45.21,K7_20250608_152558,1749371158.1384537,87
46.932672693481436,127.93717877681956,140.72871844888505,155.58232741126926,35.44,45.22,K7_20250608_152558,1749371158.1384537,88
46.506768257537715,130.313266785015,143.12392112872658,153.15801122085782,35.43,45.17,K7_20250608_152558,1749371158.1384537,89
46.666474275127484,131.5018418297468,145.3318713908393,150.4585619389618,35.43,45.12,K7_20250608_152558,1749371158.1384537,90
45.92200390327116,133.40356190131843,147.26459181021892,150.9394430879281,35.43,45.04,K7_20250608_152558,1749371158.1384537,91
47.83509171728065,140.05533382674457,153.94632190052016,150.5208566028332,35.39,44.96,K7_20250608_152558,1749371158.1384537,92
45.51652578136827,139.58096589012075,153.48383964005734,143.42605394221073,35.4,44.93,K7_20250608_152558,1749371158.1384537,93
46.20602517075213,145.56873275292128,157.47443936340187,144.5866964517702,35.36,44.92,K7_20250608_152558,1749371158.1384537,94
44.57956208913697,139.15361375517386,151.01360148114145,143.03997545386687,35.39,45.04,K7_20250608_152558,1749371158.1384537,95
45.59914230391087,141.05214758294005,152.88422836737664,146.44460372297544,35.36,45.11,K7_20250608_152558,1749371158.1384537,96
46.916862140556304,139.623733366725,153.39329236407866,147.0331076080122,35.34,45.27,K7_20250608_152558,1749371158.1384537,97
47.20264077368415,138.95760414156484,151.6607663083596,149.56150134942845,35.32,45.44,K7_20250608_152558,1749371158.1384537,98
47.50078039555592,135.6306560975836,148.29920341882735,152.74537696535685,35.33,45.53,K7_20250608_152558,1749371158.1384537,99
49.328713389222,136.10289987167198,148.72028999052782,155.78934437274074,35.3,45.66,K7_20250608_152558,1749371158.1384537,100
0.0,0.0,0.0,0.0,35.46,49.34,K8_20250608_153530,1749371730.8472314,1
0.0,0.0,-1.0,0.0,35.46,49.34,K8_20250608_153530,1749371730.8472314,2
-0.4143895464662819,-2.1875129634636323,-2.187252417730633,-0.27513309148457665,35.47,49.34,K8_20250608_153530,1749371730.8472314,3
-0.38244834294823704,-1.9497979545167254,-1.9456623653077258,-0.2150229478638721,35.47,49.33,K8_20250608_153530,1749371730.8472314,4
-0.732955482378884,-2.6618809000874535,-2.649734678193454,-0.36993575210703966,35.48,49.31,K8_20250608_153530,1749371730.8472314,5
-0.6371318718249768,-1.9487358732485518,-1.924964520926551,-0.18960532124469864,35.48,49.28,K8_20250608_153530,1749371730.8472314,6
-1.5297933717938577,-4.79919181806963,-4.782649461233632,-0.8600917914554884,35.5,49.3,K8_20250608_153530,1749371730.8472314,7
-1.4020285577219056,-3.8483317822838217,-3.8162892515438216,-0.6196512169724429,35.5,49.26,K8_20250608_153530,1749371730.8472314,8
-1.4978521682758128,-4.561476809122723,-5.541059408810725,-0.7999816478347839,35.5,49.29,K8_20250608_153530,1749371730.8472314,9
-1.732955482378884,-2.6618809000874535,-3.649734678193454,-0.36993575210703966,35.48,49.31,K8_20250608_153530,1749371730.8472314,10
-2.497852168275813,-5.561476809122723,-5.541059408810725,-0.7999816478347839,35.5,49.29,K8_20250608_153530,1749371730.8472314,11
-1.573249464788887,-2.4733058553556475,-2.4417844160816458,-1.0693850340030622,35.48,49.26,K8_20250608_153530,1749371730.8472314,12
-2.3062049471679984,-4.13518675544492,-5.091519094276919,-1.4393207861101018,35.5,49.23,K8_20250608_153530,1749371730.8472314,13
-1.7525356971525525,-5.56041472785455,-6.52036156442864,-1.7745640212156104,35.51,49.24,K8_20250608_153530,1749371730.8472314,14
-3.027645540070125,-9.360668627191444,-10.323708870043447,-1.6600734392902723,35.54,49.25,K8_20250608_153530,1749371730.8472314,15
-2.581314790085571,-7.935440654782724,-8.894866399890816,-2.324830204184991,35.53,49.24,K8_20250608_153530,1749371730.8472314,16
-2.9957043365520803,-9.122953618245447,-10.08211881762145,-1.5999632956695677,35.54,49.24,K8_20250608_153530,1749371730.8472314,17
-2.7721159119264485,-7.458948555620736,-9.390988450664736,-1.1791922903241812,35.54,49.17,K8_20250608_153530,1749371730.8472314,18
-3.1865054583927304,-8.646461519084369,-10.57824086839446,-1.4543253818087578,35.55,49.17,K8_20250608_153530,1749371730.8472314,19
-4.429674097792258,-12.209000409476175,-14.139998121587269,-2.2797246562629425,35.58,49.17,K8_20250608_153530,1749371730.8472314,20
-4.015284551325976,-11.021487446012543,-12.952745703856635,-2.004591564778366,35.57,49.17,K8_20250608_153530,1749371730.8472314,21
-4.333850487238351,-11.495855382637274,-13.415227964319456,-2.0993942254006015,35.58,49.14,K8_20250608_153530,1749371730.8472314,22
-2.9258992346469768,3.671951469522355,3.074989133548115,1.0643484206702851,35.61,48.31,K8_20250608_153530,1749371730.8472314,23
0.4802946522977436,31.671058398445894,31.507579840318613,7.346950689167215,35.59,47.19,K8_20250608_153530,1749371730.8472314,24
2.175716736551067,49.978300331124956,49.17210740999053,8.051684627825352,35.62,46.27,K8_20250608_153530,1749371730.8472314,25
2.391174668767462,61.81703497676608,61.25936592956259,4.348467636585838,35.64,45.63,K8_20250608_153530,1749371730.8472314,26
3.23140348406514,76.26532431447686,75.90062580387621,5.179374092079115,35.61,45.13,K8_20250608_153530,1749371730.8472314,27
3.126603281835287,83.8241267178164,83.61856553546386,3.368756889046608,35.62,44.72,K8_20250608_153530,1749371730.8472314,28
4.4361926260717155,92.57044208461866,93.52375768478305,2.8332727774989053,35.62,44.31,K8_20250608_153530,1749371730.8472314,29
2.1512600922110323,96.13935346261951,96.20970200426291,0.8111778116681307,35.65,44.01,K8_20250608_153530,1749371730.8472314,30
0.8974226626010022,97.04319769672566,98.18381811240488,-0.6571057861272038,35.67,43.83,K8_20250608_153530,1749371730.8472314,31
0.37654071537053824,100.60892283092198,100.80766889874121,-1.7554536318154987,35.67,43.68,K8_20250608_153530,1749371730.8472314,32
1.3650258258935537,104.17252380258196,103.3901239963152,-0.9046367307421406,35.65,43.63,K8_20250608_153530,1749371730.8472314,33
1.6205554540372304,105.07424387415358,105.32284441569482,-1.423755581775822,35.65,43.55,K8_20250608_153530,1749371730.8472314,34
-0.367929656485785,100.5106429024936,101.74038931811992,-4.274572482849408,35.67,43.6,K8_20250608_153530,1749371730.8472314,35
-1.6234592846294618,98.60892283092198,98.80766889874121,-4.755453631815499,35.67,43.68,K8_20250608_153530,1749371730.8472314,36
-1.9109301162911834,96.46948775040437,96.63335842693868,-5.296444924402522,35.67,43.77,K8_20250608_153530,1749371730.8472314,37
-4.47351079087025,90.52979877054986,90.65570064952317,-7.722945635064434,35.7,43.87,K8_20250608_153530,1749371730.8472314,38
-4.729040419013927,88.62807869897824,88.72298023014355,-9.203826784030753,35.7,43.95,K8_20250608_153530,1749371730.8472314,39
-4.645577797204169,91.00204254463733,90.07678722122364,-8.678978227680545,35.67,44.0,K8_20250608_153530,1749371730.8472314,40
-5.952628843639786,85.96407363635353,86.03184986318684,-9.62459778937614,35.7,44.02,K8_20250608_153530,1749371730.8472314,41
-5.411320582368262,86.19966448276318,86.23204422684648,-9.615322898993782,35.68,44.11,K8_20250608_153530,1749371730.8472314,42
-4.99693103590198,86.38717744622681,86.41929664457712,-10.340189807509205,35.67,44.11,K8_20250608_153530,1749371730.8472314,43
-4.99693103590198,86.38717744622681,86.41929664457712,-10.340189807509205,35.67,44.11,K8_20250608_153530,1749371730.8472314,44
-6.12384975070654,86.3390995632808,87.4063546986481,-10.074331606406759,35.68,44.02,K8_20250608_153530,1749371730.8472314,45
-5.369621855019432,93.70507859681493,94.83355279059924,-8.287170034020164,35.65,43.86,K8_20250608_153530,1749371730.8472314,46
-6.357260866275283,92.04425977799383,92.20451595678605,-9.631688159507803,35.68,43.78,K8_20250608_153530,1749371730.8472314,47
-4.826621395214261,97.74623374890416,96.94058368178048,-8.265297592466823,35.65,43.69,K8_20250608_153530,1749371730.8472314,48
-6.5472158888494505,94.42353402999561,93.66181216977293,-8.979751470061728,35.7,43.58,K8_20250608_153530,1749371730.8472314,49
-5.603032970588401,98.41023881152887,97.6317140487381,-8.844526587121209,35.65,43.62,K8_20250608_153530,1749371730.8472314,50
-5.507209360034494,99.12338383836777,98.356484206005,-8.664196156258868,35.65,43.59,K8_20250608_153530,1749371730.8472314,51
-6.539150563552539,98.88566882942087,97.1148941535821,-8.7243062998798,35.65,43.6,K8_20250608_153530,1749371730.8472314,52
-6.858562598732078,95.50851873995725,94.69899362935848,-9.325407736087527,35.65,43.7,K8_20250608_153530,1749371730.8472314,53
-7.751224098701414,92.65806279513617,91.8413086890514,-9.995894206298772,35.67,43.72,K8_20250608_153530,1749371730.8472314,54
-7.222276826174038,94.55447246036783,93.67053988652424,-9.64210119042832,35.62,43.89,K8_20250608_153530,1749371730.8472314,55
-8.178820733179009,91.22858649765385,90.32967484137225,-10.432807947880974,35.64,43.93,K8_20250608_153530,1749371730.8472314,56
-8.402409157804868,89.56458143502914,87.63854447441554,-10.85357895322636,35.64,44.0,K8_20250608_153530,1749371730.8472314,57
-7.287005332477065,91.17626028963423,90.23394151791854,-10.268620253255449,35.61,44.04,K8_20250608_153530,1749371730.8472314,58
-6.745697071205996,91.41185113604388,90.43413588157728,-9.259345362873319,35.59,44.13,K8_20250608_153530,1749371730.8472314,59
-7.459072338810984,90.64850406372261,90.65502808961901,-9.22465284587156,35.58,44.17,K8_20250608_153530,1749371730.8472314,60
-7.809579478241858,89.93642111815097,89.95095577673237,-9.379565650114728,35.59,44.15,K8_20250608_153530,1749371730.8472314,61
-5.768726850159965,97.53905307936384,96.59904607672524,-8.557711560726375,35.55,44.03,K8_20250608_153530,1749371730.8472314,62
-6.628601047344091,96.82909429632946,95.93636945260187,-9.661789111730968,35.58,43.91,K8_20250608_153530,1749371730.8472314,63
-7.500836233272139,97.77995433211527,95.90272966229168,-9.421348537247923,35.58,43.87,K8_20250608_153530,1749371730.8472314,64
-7.213365401610645,98.91938941263197,98.0770401340933,-8.8803572446609,35.58,43.78,K8_20250608_153530,1749371730.8472314,65
-5.651630826298515,102.95629623964851,102.10127964774892,-7.960155309584479,35.54,43.81,K8_20250608_153530,1749371730.8472314,66
-6.161843983318704,101.05563824934598,99.18925707275139,-8.415618831931624,35.55,43.84,K8_20250608_153530,1749371730.8472314,67
-4.217661065058337,105.04234303087833,104.15915895171474,-7.2803939489911045,35.5,43.88,K8_20250608_153530,1749371730.8472314,68
-6.258513693139776,97.43971106966728,96.51106865172278,-9.10224803837923,35.54,44.0,K8_20250608_153530,1749371730.8472314,69
-6.035771367781081,97.20093397945129,96.2487807549187,-9.187775808619563,35.53,44.06,K8_20250608_153530,1749371730.8472314,70
-7.4190658099967095,94.34835387209478,93.34970012585018,-8.909097532068927,35.53,44.18,K8_20250608_153530,1749371730.8472314,71
-6.143955967079137,97.14860777143258,97.15304743146407,-8.023588113994037,35.5,44.17,K8_20250608_153530,1749371730.8472314,72
-5.44294168821807,98.57277366257495,97.56119205723644,-7.713762505507702,35.48,44.21,K8_20250608_153530,1749371730.8472314,73
-5.124375752305468,99.04714159919968,97.02367431770017,-7.618959844885239,35.47,44.24,K8_20250608_153530,1749371730.8472314,74
-5.634588909325885,97.14648360889714,95.11165174270263,-8.074423367232384,35.48,44.27,K8_20250608_153530,1749371730.8472314,75
-5.933574630464818,98.5706495000386,96.51979636847409,-7.764597758746049,35.46,44.31,K8_20250608_153530,1749371730.8472314,76
-6.475728991003052,95.43227650079007,94.36618374105365,-8.280171424713899,35.47,44.35,K8_20250608_153530,1749371730.8472314,77
-4.021332915722041,102.31963927262586,100.24810819501636,-6.689483019426461,35.41,44.36,K8_20250608_153530,1749371730.8472314,78
-3.957450508686179,101.79506929051877,100.73128829986035,-6.569262732184825,35.41,44.34,K8_20250608_153530,1749371730.8472314,79
-4.69040599106529,100.1331883904295,99.08155362166599,-6.939198484292092,35.43,44.31,K8_20250608_153530,1749371730.8472314,80
-3.4472373516657626,103.6957272808213,102.64331087485789,-6.113799209837907,35.4,44.31,K8_20250608_153530,1749371730.8472314,81
-2.777318177055804,106.78496031585655,105.76328371196814,-5.357784969387012,35.39,44.23,K8_20250608_153530,1749371730.8472314,82
-2.8412005840916663,106.30953029796365,104.28010360712233,-5.478005256628649,35.39,44.25,K8_20250608_153530,1749371730.8472314,83
-2.1401863052303725,106.7336961891051,105.6882482328956,-5.1681796481423135,35.37,44.29,K8_20250608_153530,1749371730.8472314,84
-2.204068712266235,106.2582661712122,105.2050681280507,-5.2883999353837225,35.37,44.31,K8_20250608_153530,1749371730.8472314,85
-0.8020401545441018,109.10659795349693,108.02135737959361,-4.66874871841128,35.33,44.39,K8_20250608_153530,1749371730.8472314,86
-1.025628579169961,107.44259289087222,106.3302270126369,-5.089519723756666,35.33,44.46,K8_20250608_153530,1749371730.8472314,87
-1.3130994108314553,105.3031578103546,103.15591654083528,-4.630511016343689,35.33,44.55,K8_20250608_153530,1749371730.8472314,88
-0.10271807421690937,106.7251995389588,104.52266547784438,-4.3715206610959285,35.29,44.69,K8_20250608_153530,1749371730.8472314,89
-2.4417103241703444,101.449515621729,100.23613806738467,-5.377250366412454,35.32,44.72,K8_20250608_153530,1749371730.8472314,90
-1.2943652953247238,104.298909485281,103.07312516330967,-4.732181522820838,35.29,44.75,K8_20250608_153530,1749371730.8472314,91
-0.657233423499747,105.24764535852955,103.99808968423622,-4.542576201576139,35.27,44.81,K8_20250608_153530,1749371730.8472314,92
-0.08313785944346819,107.6237333667259,105.39329236407957,-3.9668923919873578,35.26,44.76,K8_20250608_153530,1749371730.8472314,93
0.6506637222028075,110.18839641965405,108.99644530603382,-3.090657864294826,35.25,44.66,K8_20250608_153530,1749371730.8472314,94
0.3329438855571425,111.6168106358682,110.48738130933089,-3.679161749331797,35.27,44.5,K8_20250608_153530,1749371730.8472314,95
2.182149292530994,117.79315254340236,115.68593129478904,-2.2179685216681264,35.23,44.44,K8_20250608_153530,1749371730.8472314,96
2.277972903084901,118.50629757024217,116.41070145205686,-2.0376380908057854,35.23,44.41,K8_20250608_153530,1749371730.8472314,97
2.8077662748789862,121.30548938831089,120.19335091328958,-1.177546299350297,35.19,44.45,K8_20250608_153530,1749371730.8472314,98
2.3933767284122496,120.11797642484635,118.00609849555713,-1.452679390835101,35.2,44.45,K8_20250608_153530,1749371730.8472314,99
2.680001460807034,120.35462935252508,118.22699070359977,-1.4179868738333425,35.19,44.49,K8_20250608_153530,1749371730.8472314,100
0.0,0.0,0.0,0.0,35.37,48.73,K9_20250608_154518,1749372318.7179294,1
0.12776481407195206,0.9508600357848991,0.9663602096898103,0.24044057448304557,35.37,48.69,K9_20250608_154518,1749372318.7179294,2
0.0,0.0,0.0,0.0,35.37,48.73,K9_20250608_154518,1749372318.7179294,3
-0.7010142788612939,-1.4241658911423656,-1.4081446257723655,-0.3098256084865625,35.39,48.69,K9_20250608_154518,1749372318.7179294,4
-0.6371318718254315,-0.9487358732494613,-0.9249645209274604,-0.18960532124492602,35.39,48.67,K9_20250608_154518,1749372318.7179294,5
0.2555296281439041,1.9017200715707077,1.9327204193796206,0.48088114896609113,35.37,48.65,K9_20250608_154518,1749372318.7179294,6
-0.5413082612715243,-0.2355908464105596,-0.20019436366055743,-0.009274890382585,35.39,48.64,K9_20250608_154518,1749372318.7179294,7
-1.4339697612401778,-3.086046791229819,-3.05787930396491,-0.6797613605933748,35.41,48.66,K9_20250608_154518,1749372318.7179294,8
-0.8918154007019439,-0.9476737919812876,-0.9042666765462855,-0.16418769462575256,35.4,48.62,K9_20250608_154518,1749372318.7179294,9
-1.9237566042197614,-1.185388800927285,-1.1458567289682833,-0.2242978382464571,35.4,48.63,K9_20250608_154518,1749372318.7179294,10
-2.306204947168453,-2.13518675544492,-2.091519094276009,-0.4393207861103292,35.41,48.62,K9_20250608_154518,1749372318.7179294,11
-1.8918154007019439,-0.9476737919812876,0.09573332345371455,-0.16418769462575256,35.4,48.62,K9_20250608_154518,1749372318.7179294,12
-2.3381461506862706,-2.3729017643909174,-1.333109146698007,0.5005690702689662,35.41,48.63,K9_20250608_154518,1749372318.7179294,13
-1.3062049471684531,-2.13518675544492,-1.0915190942760091,-0.4393207861103292,35.41,48.62,K9_20250608_154518,1749372318.7179294,14
-1.2742637436504083,-1.8974717464989226,-0.8499290418531018,-0.3792106424893973,35.41,48.61,K9_20250608_154518,1749372318.7179294,15
-3.3781526795009995,-8.072751572763991,-8.027781182930084,-1.8149862435338946,35.46,48.62,K9_20250608_154518,1749372318.7179294,16
-2.0072192260295196,-3.5593526465872856,-3.4996637200483747,-0.7491463945966643,35.43,48.58,K9_20250608_154518,1749372318.7179294,17
-2.103042836583427,-4.272497673426187,-4.224433877315278,-0.9294768254590053,35.43,48.61,K9_20250608_154518,1749372318.7179294,18
-2.389667568977984,-4.5091506011049205,-4.4453260853561005,-0.9641693424605364,35.44,48.57,K9_20250608_154518,1749372318.7179294,19
-3.31427027246491,-7.597321554871087,-7.544601078085179,-1.6947659562922581,35.46,48.6,K9_20250608_154518,1749372318.7179294,20
-2.389667568977984,-4.5091506011049205,-4.4453260853561005,-0.9641693424605364,35.44,48.57,K9_20250608_154518,1749372318.7179294,21
-3.1545642548751403,-6.408746510139281,-6.336650815973371,-1.3942152381882806,35.46,48.55,K9_20250608_154518,1749372318.7179294,22
-3.1545642548751403,-6.408746510139281,-6.336650815973371,-1.3942152381882806,35.46,48.55,K9_20250608_154518,1749372318.7179294,23
-2.959532636699123,2.628672154896776,2.926562553603617,0.9916407258783693,35.5,47.97,K9_20250608_154518,1749372318.7179294,24
0.8095293784203932,30.679043210571763,31.434188739448473,7.084637673130601,35.5,46.79,K9_20250608_154518,1749372318.7179294,25
3.844789811893861,53.164751213318596,55.33866198333908,10.301400092690528,35.51,45.71,K9_20250608_154518,1749372318.7179294,26
5.5393657968797925,69.56921099315605,70.04977128924747,11.499835255762719,35.53,44.92,K9_20250608_154518,1749372318.7179294,27
6.5197204149935715,83.30754154783335,85.0283545394368,12.226664160251403,35.53,44.3,K9_20250608_154518,1749372318.7179294,28
7.721971259198881,95.9043128594567,97.79123162906308,12.361666518914717,35.51,43.87,K9_20250608_154518,1749372318.7179294,29
6.373156318302335,97.99779421956464,100.99399584369803,10.219351265842306,35.54,43.59,K9_20250608_154518,1749372318.7179294,30
5.661473249231221,102.04001145292204,105.12172457926135,10.266641334015048,35.55,43.37,K9_20250608_154518,1749372318.7179294,31
6.14059130200053,105.60573658711746,107.74557536559678,9.168293488326754,35.55,43.22,K9_20250608_154518,1749372318.7179294,32
5.288782430113088,110.35791260350834,112.53598072528166,9.319661107503862,35.53,43.12,K9_20250608_154518,1749372318.7179294,33
3.79093026183682,106.79643579438562,108.99492131647185,7.519679459669078,35.57,43.07,K9_20250608_154518,1749372318.7179294,34
4.715532965323973,109.88460674815269,112.09419630920092,8.2502760735008,35.55,43.04,K9_20250608_154518,1749372318.7179294,35
2.8548126688726825,106.27186581227852,109.47810142131584,6.639899746910487,35.57,43.05,K9_20250608_154518,1749372318.7179294,36
4.481275750487839,112.68698481002684,114.93893930357717,8.186620744814036,35.54,42.93,K9_20250608_154518,1749372318.7179294,37
4.290474628647189,113.16347690918792,115.44281725280416,6.332258658674846,35.55,42.86,K9_20250608_154518,1749372318.7179294,38
1.6329164427809246,108.41342505533157,110.69380758187981,5.231726292735857,35.59,42.86,K9_20250608_154518,1749372318.7179294,39
1.2708944138735205,111.26494308142082,113.57219036656807,5.927630389566275,35.58,42.79,K9_20250608_154518,1749372318.7179294,40
0.3347768209093829,110.74037309931373,114.05537047141297,5.047850676807911,35.58,42.77,K9_20250608_154518,1749372318.7179294,41
-0.44163475446498524,112.40437816193844,115.74650083836968,5.468621682153298,35.58,42.7,K9_20250608_154518,1749372318.7179294,42
-0.2508336326243352,111.92788606277736,114.2426228891436,5.322983768292488,35.57,42.77,K9_20250608_154518,1749372318.7179294,43
-0.027245207998703336,113.59189112540207,115.93375325610032,5.743754773637875,35.57,42.7,K9_20250608_154518,1749372318.7179294,44
-0.3466572431782424,110.21474103593846,113.5178527318767,4.142653337430147,35.57,42.8,K9_20250608_154518,1749372318.7179294,45
-1.7929879931625692,108.78951306352792,112.08901026172316,4.8074101023246385,35.58,42.81,K9_20250608_154518,1749372318.7179294,46
-0.5178781502449965,112.58976696286663,115.89235756733888,5.692919520399528,35.55,42.8,K9_20250608_154518,1749372318.7179294,47
-1.7929879931625692,108.78951306352792,112.08901026172316,4.8074101023246385,35.58,42.81,K9_20250608_154518,1749372318.7179294,48
-2.792987993162569,108.78951306352792,112.08901026172316,3.8074101023246385,35.58,42.81,K9_20250608_154518,1749372318.7179294,49
-2.5374583650188924,110.69123313509954,114.02173068110278,4.288291251290957,35.58,42.73,K9_20250608_154518,1749372318.7179294,50
-1.7840765685991755,116.15443001579388,118.49551050929222,5.569154048092059,35.54,42.7,K9_20250608_154518,1749372318.7179294,51
-2.006818893957643,116.39320710600896,118.75779840609721,5.654681818332165,35.55,42.64,K9_20250608_154518,1749372318.7179294,52
-1.655465655260059,118.00807220441948,121.41528898274373,5.315893398160824,35.55,42.53,K9_20250608_154518,1749372318.7179294,53
-2.3999360271163823,119.90979227599018,123.34800940212335,5.796774547126915,35.55,42.45,K9_20250608_154518,1749372318.7179294,54
-1.8897228700961932,121.81045026629363,124.26003197711998,6.2522380694740605,35.54,42.42,K9_20250608_154518,1749372318.7179294,55
-2.347568509557732,123.94882326554125,126.41364460454042,6.767811735441683,35.53,42.38,K9_20250608_154518,1749372318.7179294,56
-2.3795097130757767,123.71110825659525,126.17205455211752,5.707701591820978,35.53,42.39,K9_20250608_154518,1749372318.7179294,57
-0.4033855912971376,128.93552804707542,131.3835464835047,6.9030366183822025,35.48,42.42,K9_20250608_154518,1749372318.7179294,58
-2.359929498301881,125.60964208436235,128.0426814383527,7.112329860929549,35.5,42.46,K9_20250608_154518,1749372318.7179294,59
-3.0617898764301117,122.2826940403811,124.68111854882136,5.296205476857949,35.51,42.55,K9_20250608_154518,1749372318.7179294,60
-2.23385688276403,121.75493781446949,125.10220512052183,6.340172884241838,35.48,42.68,K9_20250608_154518,1749372318.7179294,61
-2.361621696835982,120.80407777868368,124.13584491083293,6.099732309758565,35.48,42.72,K9_20250608_154518,1749372318.7179294,62
-3.5736952319846296,115.57647174439899,118.86225944630132,4.82814440333982,35.5,42.84,K9_20250608_154518,1749372318.7179294,63
-2.649938627764641,116.76186054532718,120.00811617527052,5.05244224158605,35.47,42.94,K9_20250608_154518,1749372318.7179294,64
-2.3952550988881285,116.7607984640581,118.98741833088843,6.0270246149668765,35.46,42.99,K9_20250608_154518,1749372318.7179294,65
-2.6188435235139877,114.09679340143339,117.29628796393172,5.60625360962149,35.46,43.06,K9_20250608_154518,1749372318.7179294,66
-1.9497704481707387,115.28324428362885,118.46284253728118,5.855969074486893,35.44,43.11,K9_20250608_154518,1749372318.7179294,67
-1.6622996165090171,118.42267936414646,120.6371530090828,6.396960367073916,35.44,43.02,K9_20250608_154518,1749372318.7179294,68
-0.03583653489386052,123.83779836189478,127.09799089134412,7.943681364977465,35.41,42.9,K9_20250608_154518,1749372318.7179294,69
-0.39785856380171936,126.68931638798313,129.97637367603147,8.639585461807656,35.4,42.83,K9_20250608_154518,1749372318.7179294,70
0.33594301784410163,130.25397944091128,133.57952661798572,8.515819989500187,35.39,42.73,K9_20250608_154518,1749372318.7179294,71
0.26054572133125475,133.34215039467745,136.6788016107148,9.246416603331909,35.37,42.7,K9_20250608_154518,1749372318.7179294,72
-0.6321157786378535,130.49169444985728,133.82111667040863,8.575930133120892,35.39,42.72,K9_20250608_154518,1749372318.7179294,73
-0.6001745751198087,129.72940945880418,133.06270672283063,8.636040276741596,35.39,42.71,K9_20250608_154518,1749372318.7179294,74
0.42025173892125167,133.53072543941016,136.88675187282752,9.546967321435886,35.37,42.65,K9_20250608_154518,1749372318.7179294,75
-0.42088834275637055,132.81651833130218,136.14128387117762,9.341219263954144,35.36,42.73,K9_20250608_154518,1749372318.7179294,76
-0.3889471392383257,133.05423334024817,136.38287392360053,9.401329407574849,35.36,42.72,K9_20250608_154518,1749372318.7179294,77
0.15236112203274388,133.28982418665782,136.58306828725927,10.410604297957207,35.34,42.81,K9_20250608_154518,1749372318.7179294,78
0.407044650909711,133.28876210539056,136.562370442879,10.38518667133826,35.33,42.86,K9_20250608_154518,1749372318.7179294,79
1.3308012551296997,134.47415090631876,137.70822717184728,10.60948450958449,35.3,42.96,K9_20250608_154518,1749372318.7179294,80
0.0867865164630075,129.00882986308716,131.19305165489368,10.277786459544814,35.32,43.09,K9_20250608_154518,1749372318.7179294,81
1.9032046206516497,133.0446746088346,135.19659332416813,11.17257076800206,35.27,43.17,K9_20250608_154518,1749372318.7179294,82
0.5322711671806246,128.53127568265882,130.66847586128642,10.10673091906483,35.3,43.21,K9_20250608_154518,1749372318.7179294,83
3.030123335456665,132.09275249178063,134.20953527009715,10.906712566899841,35.26,43.26,K9_20250608_154518,1749372318.7179294,84
3.2856529636003415,133.99447256335225,137.14225568947677,11.387593715865933,35.26,43.18,K9_20250608_154518,1749372318.7179294,85
3.6370062022979255,136.60933766176277,139.7997462661233,11.048805295694592,35.26,43.07,K9_20250608_154518,1749372318.7179294,86
4.1676456733589475,141.3113116326722,144.53581399111772,12.4151958627358,35.23,42.98,K9_20250608_154518,1749372318.7179294,87
5.794108754973877,147.7264306304187,150.99665187337723,12.961916860639121,35.2,42.86,K9_20250608_154518,1749372318.7179294,88
6.0496383831175535,149.6281507019903,151.92937229275685,13.442798009605212,35.2,42.78,K9_20250608_154518,1749372318.7179294,89
6.452513040106851,153.37926463711392,156.69907980806056,13.568748002163375,35.17,42.73,K9_20250608_154518,1749372318.7179294,90
6.356689429553171,152.66611961027502,155.97430965079366,14.388417571301034,35.17,42.76,K9_20250608_154518,1749372318.7179294,91
6.739137772501863,153.61591756479265,156.9199720161023,13.603440519165133,35.16,42.77,K9_20250608_154518,1749372318.7179294,92
6.323902126768417,150.52562244848923,153.77930133461086,12.822008652094837,35.16,42.9,K9_20250608_154518,1749372318.7179294,93
7.215717527469906,151.47329624047052,154.68356801115624,13.986196346720135,35.13,43.01,K9_20250608_154518,1749372318.7179294,94
6.960187899326002,149.5715761688989,152.75084759177753,13.505315197754044,35.13,43.09,K9_20250608_154518,1749372318.7179294,95
7.150989021167106,149.09508406973782,152.24696964255145,13.359677283893234,35.12,43.16,K9_20250608_154518,1749372318.7179294,96
7.6284148754023136,148.85524489825457,151.96398390136528,13.248731887033955,35.1,43.27,K9_20250608_154518,1749372318.7179294,97
7.787274793725146,148.14103779014658,151.2185158997172,14.04298382955244,35.09,43.35,K9_20250608_154518,1749372318.7179294,98
7.403980351509517,145.28845768279007,148.31943527064777,13.321662106103076,35.09,43.47,K9_20250608_154518,1749372318.7179294,99
7.594781473350395,144.8119655836299,147.8155573214226,13.176024192242267,35.08,43.54,K9_20250608_154518,1749372318.7179294,100
0.0,0.0,0.0,0.0,35.2,48.99,K10_20250608_155510,1749372910.2527523,1
-2.167771342886226,-6.650709844157063,-6.661032245920069,-1.555995888285679,35.25,49.02,K10_20250608_155510,1749372910.2527523,2
-2.0080653252964566,-5.462134799425257,-5.453081983808261,-1.2554451701817015,35.25,48.97,K10_20250608_155510,1749372910.2527523,3
-1.2431686393993004,-3.5625388903899875,-2.56175725319099,-0.82539927445373,35.23,48.99,K10_20250608_155510,1749372910.2527523,4
-0.9884851105225607,-3.563600971658161,-2.582455097572165,-1.8508169010731308,35.22,49.04,K10_20250608_155510,1749372910.2527523,5
-1.2431686393993004,-3.5625388903899875,-2.56175725319099,-1.82539927445373,35.23,48.99,K10_20250608_155510,1749372910.2527523,6
-1.179286232363438,-3.087108872497083,-2.078577148346085,-1.7051789872123209,35.23,48.97,K10_20250608_155510,1749372910.2527523,7
-2.9326680287833824,-8.550305753192333,-7.55235697653643,-1.9860417840134232,35.27,49.0,K10_20250608_155510,1749372910.2527523,8
-2.9326680287833824,-8.550305753192333,-7.55235697653643,-1.9860417840134232,35.27,49.0,K10_20250608_155510,1749372910.2527523,9
-2.772962011193613,-7.361730708461437,-6.344406714424622,-1.6854910659096731,35.27,48.95,K10_20250608_155510,1749372910.2527523,10
-2.9007268252653375,-8.312590744246336,-7.310766924114432,-1.9259316403927187,35.27,48.99,K10_20250608_155510,1749372910.2527523,11
-3.6336823076442215,-9.974471644334699,-8.960501602307886,-2.2958673924997584,35.29,48.96,K10_20250608_155510,1749372910.2527523,12
-1.390513668244921,-5.411932753942892,-5.3987443491159866,-1.4704681180455736,35.26,48.96,K10_20250608_155510,1749372910.2527523,13
-2.9522482435568236,-9.44883958095761,-9.422983862771616,-2.390670053121994,35.3,48.93,K10_20250608_155510,1749372910.2527523,14
-3.473976290054452,-7.785896599602893,-7.752551340196078,-1.9953166743957809,35.29,48.91,K10_20250608_155510,1749372910.2527523,15
-3.0161306505929133,-9.924269598851424,-9.906163967616521,-3.5108903403636305,35.3,48.95,K10_20250608_155510,1749372910.2527523,16
-3.601741104126404,-8.736756635388701,-8.718911549885888,-2.2357572488788264,35.29,48.95,K10_20250608_155510,1749372910.2527523,17
-3.9522482435568236,-9.44883958095761,-9.422983862771616,-2.390670053121994,35.3,48.93,K10_20250608_155510,1749372910.2527523,18
-2.792542225967054,-8.260264536225804,-8.215033600659808,-2.0901193350180165,35.3,48.88,K10_20250608_155510,1749372910.2527523,19
-3.7490861329720246,-11.586150498939787,-11.555898645809975,-3.88082609247067,35.32,48.92,K10_20250608_155510,1749372910.2527523,20
-3.781027336489842,-11.823865507886694,-11.797488698232883,-3.9409362360913747,35.32,48.93,K10_20250608_155510,1749372910.2527523,21
-4.609806429423088,-14.198891434813959,-14.171993533695058,-4.491202419060983,35.34,48.93,K10_20250608_155510,1749372910.2527523,22
-4.749086132972025,-11.586150498939787,-11.555898645809975,-3.88082609247067,35.32,48.92,K10_20250608_155510,1749372910.2527523,23
-4.555746713330336,-6.354296139583312,-6.199521803755488,-2.507567679575004,35.34,48.6,K10_20250608_155510,1749372910.2527523,24
-3.244465170559806,6.197583532898534,7.6125068730852945,0.9695457600480495,35.36,47.93,K10_20250608_155510,1749372910.2527523,25
-1.5515813841077488,18.796479007057314,19.416779651473007,3.1553833719494833,35.36,47.4,K10_20250608_155510,1749372910.2527523,26
-0.9757936215171412,24.978131320932334,24.71881885883795,-1.2563352672907513,35.37,47.09,K10_20250608_155510,1749372910.2527523,27
-1.2615722546449888,25.644260546093392,26.451344914557012,-3.784729008707018,35.39,46.92,K10_20250608_155510,1749372910.2527523,28
-0.9413141201982853,29.924192788396795,30.820663702542333,-4.677328796913571,35.4,46.69,K10_20250608_155510,1749372910.2527523,29
-0.717725695572426,31.588197851021505,32.51179406949905,-6.256557791568184,35.4,46.62,K10_20250608_155510,1749372910.2527523,30
-0.4621960674287493,33.48991792259312,35.44451448887776,-6.775676642601866,35.4,46.54,K10_20250608_155510,1749372910.2527523,31
-2.5137174857204627,31.35366908587912,33.332297550220574,-10.240415055331368,35.43,46.48,K10_20250608_155510,1749372910.2527523,32
-2.4817762822026452,31.591384094826026,32.57388760264348,-10.180304911710436,35.43,46.47,K10_20250608_155510,1749372910.2527523,33
-1.174725235767255,35.62935300311074,36.618824960679376,-11.234685350014843,35.4,46.45,K10_20250608_155510,1749372910.2527523,34
-2.684938392787444,33.7286950128082,34.70680238568275,-12.69014887236176,35.41,46.48,K10_20250608_155510,1749372910.2527523,35
-3.4498350786846004,31.829099103772933,32.81547765506548,-13.120194768089732,35.43,46.46,K10_20250608_155510,1749372910.2527523,36
-4.087813049776969,28.97758107768368,29.937094870377223,-14.816098864919923,35.44,46.53,K10_20250608_155510,1749372910.2527523,37
-5.948533346227805,26.36484014181042,27.32099998249396,-16.426475191510008,35.46,46.54,K10_20250608_155510,1749372910.2527523,38
-5.311401474402601,26.31357601505897,28.24596450342051,-16.23686987026531,35.44,46.6,K10_20250608_155510,1749372910.2527523,39
-6.204062974371482,23.46312007023971,25.388279563115248,-16.907356340476326,35.46,46.62,K10_20250608_155510,1749372910.2527523,40
-5.119754253294786,27.739866068737683,29.695504817955225,-16.876209008540627,35.44,46.54,K10_20250608_155510,1749372910.2527523,41
-5.82076853215608,26.315700177596227,28.28736019218377,-17.186034617026962,35.46,46.5,K10_20250608_155510,1749372910.2527523,42
-5.852709735673898,26.07798516864932,27.04577013976177,-18.246144760647667,35.46,46.51,K10_20250608_155510,1749372910.2527523,43
-6.043510857514548,26.554477267810398,27.54964808898785,-18.100506846786857,35.47,46.44,K10_20250608_155510,1749372910.2527523,44
-5.501356496976314,28.69285026705984,29.703260716408295,-18.584933180819007,35.46,46.4,K10_20250608_155510,1749372910.2527523,45
-6.660216415298919,29.407057375167824,30.448728718056373,-18.379185123337493,35.47,46.32,K10_20250608_155510,1749372910.2527523,46
-4.8748934153613845,34.10796926480725,36.164098598668716,-18.038212182915686,35.43,46.28,K10_20250608_155510,1749372910.2527523,47
-5.8748934153613845,34.10796926480725,36.164098598668716,-18.038212182915686,35.43,46.28,K10_20250608_155510,1749372910.2527523,48
-7.118062054760912,30.545430374416355,32.602341345476816,-18.863611457369643,35.46,46.28,K10_20250608_155510,1749372910.2527523,49
-6.321224165345711,32.68274129239762,34.735256128516085,-18.373455418021194,35.44,46.29,K10_20250608_155510,1749372910.2527523,50
-7.181944461796775,30.07000035652436,32.11916124063191,-18.98383174461128,35.46,46.3,K10_20250608_155510,1749372910.2527523,51
-6.257341758309849,33.15817131029053,35.21843623336008,-18.253235130779558,35.44,46.27,K10_20250608_155510,1749372910.2527523,52
-5.33358515408986,34.34356011121872,36.36429296232927,-18.0289372925331,35.41,46.37,K10_20250608_155510,1749372910.2527523,53
-7.258187857576786,31.255389157450736,33.265017969600194,-18.75953390636505,35.43,46.4,K10_20250608_155510,1749372910.2527523,54
-8.02393064274088,27.453011095576585,29.420274975223037,-19.695878577678286,35.44,46.51,K10_20250608_155510,1749372910.2527523,55
-6.940468020931348,29.826974941236585,30.77408196630313,-19.17103002132808,35.41,46.56,K10_20250608_155510,1749372910.2527523,56
-6.01586531744465,32.91514589500275,33.87335695903039,-19.440433407496357,35.39,46.53,K10_20250608_155510,1749372910.2527523,57
-6.110842828731165,34.10478302100364,35.10200506552428,-19.114465062773206,35.4,46.43,K10_20250608_155510,1749372910.2527523,58
-4.612144561187961,38.569041982965246,40.59648273809671,-17.80818463935293,35.37,46.35,K10_20250608_155510,1749372910.2527523,59
-5.791430793551626,35.48193311046725,37.51790558974881,-18.51336362656548,35.4,46.33,K10_20250608_155510,1749372910.2527523,60
-5.472864857639252,35.95630104709198,37.98038785021254,-19.418560965943243,35.39,46.36,K10_20250608_155510,1749372910.2527523,61
-5.919195607623351,34.531073074681444,36.551545380059,-19.753804201048524,35.4,46.37,K10_20250608_155510,1749372910.2527523,62
-5.4852258463834005,37.61711986591126,39.609424684024816,-19.074042840455377,35.36,46.44,K10_20250608_155510,1749372910.2527523,63
-5.708814271009032,35.95311480328655,37.9182943170681,-18.494813845800763,35.36,46.51,K10_20250608_155510,1749372910.2527523,64
-5.071682399184056,36.901850676536014,38.843258837994654,-18.305208524556065,35.34,46.57,K10_20250608_155510,1749372910.2527523,65
-6.092108713224661,33.10053469593004,35.01921368799867,-19.216135569250127,35.36,46.63,K10_20250608_155510,1749372910.2527523,66
-6.889792701906572,29.06044162510898,30.932880641200427,-20.212590384184068,35.37,46.75,K10_20250608_155510,1749372910.2527523,67
-4.9775509871640224,33.80943139769715,35.661192467740875,-19.137475644864708,35.32,46.8,K10_20250608_155510,1749372910.2527523,68
-5.551646551220301,31.433343389500806,33.265989787898434,-19.713159454453262,35.33,46.85,K10_20250608_155510,1749372910.2527523,69
-4.6278899470003125,32.618732190429,34.41184651686581,-19.488861616207032,35.3,46.95,K10_20250608_155510,1749372910.2527523,70
-4.46903002867748,31.904525082320106,33.66637851521773,-19.694609673688547,35.29,47.03,K10_20250608_155510,1749372910.2527523,71
-5.808022278630915,27.628841165090307,29.379851104758018,-20.700339379005072,35.32,47.06,K10_20250608_155510,1749372910.2527523,72
-4.9800892849648335,28.10108493917778,29.800937676459398,-20.656371971621184,35.29,47.19,K10_20250608_155510,1749372910.2527523,73
-3.8327442561194403,30.950478802730686,32.637924772383485,-20.01130312802934,35.26,47.22,K10_20250608_155510,1749372910.2527523,74
-4.15131019203227,30.476110866105046,32.175442511920664,-20.106105788651803,35.27,47.19,K10_20250608_155510,1749372910.2527523,75
-3.6730382385296707,32.13905384746249,33.84587503449529,-19.710752409925362,35.26,47.17,K10_20250608_155510,1749372910.2527523,76
-3.0350602674375295,34.990571873550834,36.72425781918264,-19.0148483130954,35.25,47.1,K10_20250608_155510,1749372910.2527523,77
-2.1423987674684213,37.84102781837191,39.58194275948972,-18.344361842884155,35.23,47.08,K10_20250608_155510,1749372910.2527523,78
-2.0465751569147415,37.554172845210815,40.30671291675753,-18.164031412021814,35.23,47.05,K10_20250608_155510,1749372910.2527523,79
-1.6960680174840945,38.26625579078154,41.01078522964326,-18.009118607778873,35.22,47.07,K10_20250608_155510,1749372910.2527523,80
-1.1867009597308424,38.264131628244286,40.96938954087909,-18.059953861017448,35.2,47.17,K10_20250608_155510,1749372910.2527523,81
-2.4102893843567017,36.600126565619576,39.27825917392238,-18.480724866362834,35.2,47.24,K10_20250608_155510,1749372910.2527523,82
-1.0402020301521588,40.21074333895831,41.8529583730442,-17.92118379301087,35.16,47.33,K10_20250608_155510,1749372910.2527523,83
-0.3915552688495154,37.59587824054779,39.19546779639768,-18.582395372839528,35.16,47.44,K10_20250608_155510,1749372910.2527523,84
-0.4562837751527695,34.217666069816005,36.75886942779198,-19.208914435666657,35.15,47.59,K10_20250608_155510,1749372910.2527523,85
-0.0746815314714695,34.26468187149385,35.75111352933982,-19.500190263388276,35.13,47.73,K10_20250608_155510,1749372910.2527523,86
-1.1909314560659823,28.75022086404806,31.202298222076934,-19.59144773894468,35.15,47.82,K10_20250608_155510,1749372910.2527523,87
-1.446461084209659,26.848500792477353,29.269577802697313,-20.072328887911,35.15,47.9,K10_20250608_155510,1749372910.2527523,88
0.3699570199789832,30.884345538223897,32.27311947197177,-19.177544579453752,35.1,47.98,K10_20250608_155510,1749372910.2527523,89
0.944052584035262,33.260433546419335,34.66832215181421,-18.601860769865198,35.09,47.93,K10_20250608_155510,1749372910.2527523,90
0.4551118403228429,37.06387368956257,38.53376299057254,-17.640098471932788,35.09,47.77,K10_20250608_155510,1749372910.2527523,91
2.177398532491452,44.192137714149794,45.719371030100774,-16.913047043166898,35.06,47.62,K10_20250608_155510,1749372910.2527523,92
2.752340195814668,48.47100787518502,50.06799197370401,-16.831064457992852,35.06,47.44,K10_20250608_155510,1749372910.2527523,93
3.7736126091228925,54.17510600863079,55.8454553874617,-15.41383863771307,35.05,47.25,K10_20250608_155510,1749372910.2527523,94
4.666274109091546,56.02556195345005,58.70314032776696,-14.74335216750228,35.03,47.23,K10_20250608_155510,1749372910.2527523,95
4.570450498537639,55.31241692661115,57.97837017049915,-14.923682598364621,35.03,47.26,K10_20250608_155510,1749372910.2527523,96
6.132185073849769,59.34932375362769,61.002609684155686,-14.003480663288201,34.99,47.29,K10_20250608_155510,1749372910.2527523,97
5.65306702108046,55.78359861943136,57.37875889781935,-14.905132817599906,34.99,47.44,K10_20250608_155510,1749372910.2527523,98
6.512941218264359,56.49355740246574,58.04143552194273,-14.801055266595313,34.96,47.56,K10_20250608_155510,1749372910.2527523,99
4.504029793700738,49.12864045020069,51.634935274373674,-15.562799212362506,35.0,47.67,K10_20250608_155510,1749372910.2527523,100
0.0,0.0,0.0,0.0,35.62,60.16,K1_20250608_161238,1749373958.6189132,1
0.5102131570199617,0.9006579903016245,0.9120225749975361,-0.5445364776530823,35.61,60.13,K1_20250608_161238,1749373958.6189132,2
-0.7329554823793387,-2.661880900088363,-2.649734678195273,-1.3699357521070397,35.64,60.13,K1_20250608_161238,1749373958.6189132,3
-0.7010142788615212,-2.4241658911423656,-2.4081446257723655,-1.3098256084863351,35.64,60.12,K1_20250608_161238,1749373958.6189132,4
-0.5413082612717517,-2.2355908464105596,-1.2001943636605574,-2.0092748903823576,35.64,60.07,K1_20250608_161238,1749373958.6189132,5
-2.1349840401014717,-6.510212682373094,-6.466023929738185,-2.9895869690794825,35.68,60.05,K1_20250608_161238,1749373958.6189132,6
-0.8918154007019439,-2.9476737919812876,-3.904266676545376,-2.164187694625525,35.65,60.05,K1_20250608_161238,1749373958.6189132,7
-0.3496610401639373,-0.8093007927318467,-1.750654049125842,-1.6486140286576756,35.64,60.01,K1_20250608_161238,1749373958.6189132,8
-2.007219226029747,-6.559352646587286,-6.499663720048375,-2.749146394596437,35.68,60.01,K1_20250608_161238,1749373958.6189132,9
-2.6124098943371337,-7.27037351088984,-7.183038188552928,-3.878641572220431,35.7,59.94,K1_20250608_161238,1749373958.6189132,10
-2.7516895978860703,-5.657632575015668,-5.566943300668754,-3.2682652456301184,35.68,59.93,K1_20250608_161238,1749373958.6189132,11
-3.4207626732295466,-6.844083457212037,-6.733497874019122,-3.517980710495749,35.7,59.88,K1_20250608_161238,1749373958.6189132,12
-2.5919835802963007,-5.469057530284772,-4.3589930385578555,-2.9677145275263683,35.68,59.88,K1_20250608_161238,1749373958.6189132,13
-4.292997859157595,-6.893223421426228,-6.7671376643293115,-4.277540136012703,35.7,59.84,K1_20250608_161238,1749373958.6189132,14
-4.7073874056238765,-8.08073638488986,-7.954390082059945,-4.55267322749728,35.71,59.84,K1_20250608_161238,1749373958.6189132,15
-5.726967620397772,-9.979270212656047,-10.825016968295131,-4.957301496605851,35.74,59.77,K1_20250608_161238,1749373958.6189132,16
-5.6950264168797275,-10.74155520371005,-10.583426915872224,-4.897191352985146,35.74,59.76,K1_20250608_161238,1749373958.6189132,17
-5.6950264168797275,-10.74155520371005,-10.583426915872224,-4.897191352985146,35.74,59.76,K1_20250608_161238,1749373958.6189132,18
-6.663085213361683,-10.503840194764052,-11.341836863449316,-3.8370812093644417,35.74,59.75,K1_20250608_161238,1749373958.6189132,19
-5.674600102838895,-6.940239223104072,-7.759381765876242,-3.986264308290856,35.72,59.7,K1_20250608_161238,1749373958.6189132,20
-7.9692901605299085,-13.639026950208063,-13.433355957727144,-4.276401995474544,35.78,59.64,K1_20250608_161238,1749373958.6189132,21
-8.574480828837068,-14.350047814510617,-14.116730426229879,-4.40589717309831,35.8,59.57,K1_20250608_161238,1749373958.6189132,22
-8.413928711980361,-12.25869061693993,-11.955361900358184,-3.5990476794090682,35.81,59.39,K1_20250608_161238,1749373958.6189132,23
-6.06172937401584,-7.74104336568962,-7.344453059950865,38.56846267600508,35.82,59.15,K1_20250608_161238,1749373958.6189132,24
-2.390964100138717,-2.7490281778154895,-2.2710619590807255,105.8307756920417,35.82,58.94,K1_20250608_161238,1749373958.6189132,25
-1.1558607860358734,-4.648624086850759,-4.162386689696177,152.4007297963135,35.84,58.92,K1_20250608_161238,1749373958.6189132,26
0.9719040280360787,-3.6977640510649508,-2.1960264800072764,183.64117037079677,35.84,58.88,K1_20250608_161238,1749373958.6189132,27
3.2708897491752396,-5.121929942206407,-2.6041711057787325,202.33134476231066,35.86,58.84,K1_20250608_161238,1749373958.6189132,28
2.995779906257667,-8.92218384154421,-5.40751841139263,207.44583534423577,35.89,58.85,K1_20250608_161238,1749373958.6189132,29
3.6656990808676255,-5.832950806508961,-2.2875455742832855,208.20184958468667,35.88,58.77,K1_20250608_161238,1749373958.6189132,30
3.442956755509158,-5.59417371629479,-1.0252576774792033,208.28737735492678,35.89,58.71,K1_20250608_161238,1749373958.6189132,31
2.933589697755906,-5.592049553757533,0.016138011283146625,205.33821260816512,35.91,58.61,K1_20250608_161238,1749373958.6189132,32
3.017898418832374,-1.315303555259561,4.3233632661240335,200.36935994010082,35.89,58.53,K1_20250608_161238,1749373958.6189132,33
1.4881050470385162,-5.114495373329191,0.5407138048913112,196.5092681486451,35.93,58.49,K1_20250608_161238,1749373958.6189132,34
1.9352818962900074,-1.7864852480797708,3.9229745388047377,196.3508101593361,35.93,58.35,K1_20250608_161238,1749373958.6189132,35
1.58562085612607,-0.5957860408107081,5.172320489678896,189.70219613067843,35.95,58.2,K1_20250608_161238,1749373958.6189132,36
0.8730916877877917,0.5436490397069065,7.346630961480514,189.24318742326545,35.95,58.11,K1_20250608_161238,1749373958.6189132,37
-0.31770943405263097,1.0201411388679844,6.850508910707504,187.38882533712626,35.96,58.04,K1_20250608_161238,1749373958.6189132,38
-0.6158490559248548,4.347089182849231,10.212071800239755,187.20494972119786,35.95,57.95,K1_20250608_161238,1749373958.6189132,39
-0.8705325848011398,4.348151264117405,10.23276964462093,186.23036734781726,35.96,57.9,K1_20250608_161238,1749373958.6189132,40
-2.1775836312367574,0.31018235583269416,6.1878322865841255,185.28474778612144,35.99,57.92,K1_20250608_161238,1749373958.6189132,41
-1.7631940847700207,1.497695319297236,7.375084704315668,185.55988087760625,35.98,57.92,K1_20250608_161238,1749373958.6189132,42
-1.859017695323928,0.7845502924583343,7.650314547048765,190.3795504467439,35.98,57.95,K1_20250608_161238,1749373958.6189132,43
-2.050664916431515,-0.6417397612203786,6.20077423251405,191.01888958501922,35.98,58.01,K1_20250608_161238,1749373958.6189132,44
-2.4969956664162964,-2.0669677336318273,4.771931762360509,191.68364634991372,35.99,58.02,K1_20250608_161238,1749373958.6189132,45
-2.8909588988417454,-0.4531647164885726,7.408724494625858,192.3194403031232,35.98,57.96,K1_20250608_161238,1749373958.6189132,46
-2.731252881251976,0.7354103282432334,8.616674756738576,192.61999102122718,35.98,57.91,K1_20250608_161238,1749373958.6189132,47
-3.506818357359407,4.302197543706825,11.261223387455175,188.54706080215806,35.99,57.71,K1_20250608_161238,1749373958.6189132,48
-4.398633758061351,2.354523751726447,10.356956710909799,179.3828731075323,36.02,57.6,K1_20250608_161238,1749373958.6189132,49
-3.9957591010720535,7.10563768684915,15.126664226213506,179.50882310009047,35.99,57.55,K1_20250608_161238,1749373958.6189132,50
-3.7082882694105592,9.245072767366764,17.300974698015125,180.0498143926775,35.99,57.46,K1_20250608_161238,1749373958.6189132,51
-3.612464658856652,9.958217794206575,18.025744855282937,179.23014482353983,35.99,57.43,K1_20250608_161238,1749373958.6189132,52
-4.803265780697302,10.434709893367653,18.529622804509017,180.37578273740064,36.0,57.36,K1_20250608_161238,1749373958.6189132,53
-4.994913001805116,8.00841983968894,17.080082489974302,180.01512187567596,36.0,57.42,K1_20250608_161238,1749373958.6189132,54
-5.823692094738135,5.633393912761676,13.705577654513036,181.46485569270658,36.02,57.42,K1_20250608_161238,1749373958.6189132,55
-4.9957591010720535,6.10563768684915,15.126664226213506,184.50882310009047,35.99,57.55,K1_20250608_161238,1749373958.6189132,56
-5.283229932733775,3.9662026063324447,12.952353754411888,186.96783180750344,35.99,57.64,K1_20250608_161238,1749373958.6189132,57
-6.112855124933731,-0.31160547343461076,8.624430655189826,190.91126684894857,36.0,57.77,K1_20250608_161238,1749373958.6189132,58
-5.43226716011327,-2.688755562899132,6.20853013096621,196.31016541274084,36.0,57.87,K1_20250608_161238,1749373958.6189132,59
-5.655855584739129,-4.3527606255238425,4.517399764008587,196.88939440739523,36.0,57.94,K1_20250608_161238,1749373958.6189132,60
-5.465054462898252,-5.82925272468492,4.013521814782507,197.74375649353442,35.99,58.01,K1_20250608_161238,1749373958.6189132,61
-4.370076951611281,-6.0188898506839905,1.7848737082904336,198.4177881488115,35.98,58.11,K1_20250608_161238,1749373958.6189132,62
-5.8359879163697315,-9.342651650860716,-0.5145956480992027,197.6779166445972,36.02,58.05,K1_20250608_161238,1749373958.6189132,63
-5.54851708470801,-8.203216570344011,0.6597148237024157,198.2189079371842,36.02,57.96,K1_20250608_161238,1749373958.6189132,64
-5.890112799575036,-1.5503825636496913,7.362142758385744,193.8257390787087,35.99,57.83,K1_20250608_161238,1749373958.6189132,65
-5.15631121792876,2.0142804892784625,10.965295700341812,188.70197360640122,35.98,57.73,K1_20250608_161238,1749373958.6189132,66
-5.391414532031831,3.9138763983137324,12.856620430957264,189.13201950212897,35.96,57.75,K1_20250608_161238,1749373958.6189132,67
-6.411840846072437,-0.8874395822922452,9.032575280962192,188.2210924574349,35.98,57.81,K1_20250608_161238,1749373958.6189132,68
-6.890112799575036,-2.5503825636496913,7.362142758385744,189.8257390787087,35.99,57.83,K1_20250608_161238,1749373958.6189132,69
-7.635429270698069,-2.5514446449169554,7.3414449140054785,191.80032145208952,35.98,57.88,K1_20250608_161238,1749373958.6189132,70
-7.827076491805883,-3.9777346985956683,5.891904599470763,192.43966059036484,35.98,57.94,K1_20250608_161238,1749373958.6189132,71
-5.775555073514624,-1.8414858618834842,8.004121538127038,193.9043990030941,35.95,58.0,K1_20250608_161238,1749373958.6189132,72
-6.349650637570676,-5.2175738700789225,5.608918858284596,194.32871519350556,35.96,58.05,K1_20250608_161238,1749373958.6189132,73
-4.425894033350687,-4.032185069151637,6.754775587253789,198.5530130317518,35.93,58.15,K1_20250608_161238,1749373958.6189132,74
-5.892651097376074,-9.258729022167245,1.5018879671033574,199.30684275195222,35.96,58.22,K1_20250608_161238,1749373958.6189132,75
-4.809188475566316,-6.884765176508154,3.8556949581843583,201.83169130830242,35.93,58.27,K1_20250608_161238,1749373958.6189132,76
-4.522563743171986,-6.64811224883033,4.076587166224272,201.86638382530373,35.92,58.31,K1_20250608_161238,1749373958.6189132,77
-3.3432775108083206,-3.5610033763314277,7.155164314573085,202.5715628125165,35.89,58.33,K1_20250608_161238,1749373958.6189132,78
-4.9688944931560854,-8.07334022124087,1.6477446960725501,199.53114059019845,35.93,58.32,K1_20250608_161238,1749373958.6189132,79
-3.2155126967363685,-2.610143340545619,7.121524524261986,199.81200338699955,35.89,58.29,K1_20250608_161238,1749373958.6189132,80
-4.20315170799222,-5.270962159366718,5.492487690448797,199.46748526151168,35.92,58.21,K1_20250608_161238,1749373958.6189132,81
-5.11799688764836,0.9085659919728641,10.75313120905139,194.00493136903287,35.91,58.0,K1_20250608_161238,1749373958.6189132,82
-3.937864556017985,5.898457017310648,15.78512662115918,187.21640913183091,35.89,57.89,K1_20250608_161238,1749373958.6189132,83
-2.343342677920873,11.075861006112063,22.004374450997602,186.70301998611353,35.86,57.78,K1_20250608_161238,1749373958.6189132,84
-4.343342677920873,11.075861006112063,22.004374450997602,186.70301998611353,35.86,57.78,K1_20250608_161238,1749373958.6189132,85
-5.650393724356263,7.037892097827353,17.959437092960798,185.75740042441794,35.89,57.8,K1_20250608_161238,1749373958.6189132,86
-4.534989899028687,9.64957095243335,19.554834136462887,187.34235912438885,35.86,57.84,K1_20250608_161238,1749373958.6189132,87
-4.344188777188037,8.173078853271363,19.050956187236807,190.19672121052827,35.85,57.91,K1_20250608_161238,1749373958.6189132,88
-4.6636008123675765,5.795928763807751,16.63505566301228,193.5956197743203,35.85,58.01,K1_20250608_161238,1749373958.6189132,89
-3.4727996905269265,5.319436664646673,16.1311777137862,197.4499818604595,35.84,58.08,K1_20250608_161238,1749373958.6189132,90
-3.9519177432964625,1.7537115304512554,12.507326927449867,198.5483297061478,35.84,58.23,K1_20250608_161238,1749373958.6189132,91
-3.2828446679532135,2.940162412646714,13.673881500799325,200.7980451710132,35.82,58.28,K1_20250608_161238,1749373958.6189132,92
-3.4744918890608005,1.5138723589680012,12.22434118626461,203.43738430928852,35.82,58.34,K1_20250608_161238,1749373958.6189132,93
-3.5383742960968902,1.0384423410760064,11.741161081419705,203.3171640220471,35.82,58.36,K1_20250608_161238,1749373958.6189132,94
-3.69808031368666,-0.15013270365670905,10.533210819307897,203.01661330394313,35.82,58.41,K1_20250608_161238,1749373958.6189132,95
-3.347573174256013,0.561950241914019,11.237283132193625,203.1715261081863,35.81,58.43,K1_20250608_161238,1749373958.6189132,96
-3.123984749630381,2.2259553045396387,11.928413499150338,202.59229711353169,35.81,58.36,K1_20250608_161238,1749373958.6189132,97
-2.657227685604994,6.4524992575561555,17.18130111929895,200.83846739333126,35.78,58.29,K1_20250608_161238,1749373958.6189132,98
-1.6678964758154962,11.918882382054107,22.71717448063373,197.19558306998988,35.77,58.11,K1_20250608_161238,1749373958.6189132,99
-2.8267563941381013,12.633089490162092,23.462642482281808,188.40133112747162,35.78,58.03,K1_20250608_161238,1749373958.6189132,100
0.0,0.0,0.0,0.0,36.23,55.18,K2_20250608_162227,1749374547.607019,1
0.35050713943041956,0.712082945570728,0.704072312885728,0.15491280424294018,36.22,55.2,K2_20250608_162227,1749374547.607019,2
0.4143895464665093,1.1875129634636323,0.18725241773063317,0.27513309148457665,36.22,55.18,K2_20250608_162227,1749374547.607019,3
0.031941203517817485,0.2377150089459974,0.24159005242290732,1.0601101436207045,36.23,55.17,K2_20250608_162227,1749374547.607019,4
-1.1154038253278031,-2.6116788546050884,-2.595397043502089,0.41504130002908823,36.26,55.14,K2_20250608_162227,1749374547.607019,5
-0.2866247323947846,-0.23665292767873325,-0.22089220804173237,-0.03469251700175846,36.24,55.14,K2_20250608_162227,1749374547.607019,6
-1.1154038253278031,-3.6116788546050884,-3.595397043502089,0.41504130002908823,36.26,55.14,K2_20250608_162227,1749374547.607019,7
-1.4978521682762675,-4.561476809123633,-4.541059408811634,0.20001835216498876,36.27,55.13,K2_20250608_162227,1749374547.607019,8
-1.4339697612404052,-4.086046791230729,-4.057879303966729,0.3202386394066252,36.27,55.11,K2_20250608_162227,1749374547.607019,9
-1.338146150686498,-3.372901764391827,-3.3331091466989164,0.5005690702689662,36.27,55.08,K2_20250608_162227,1749374547.607019,10
-1.338146150686498,-3.372901764391827,-3.3331091466989164,1.5005690702689662,36.27,55.08,K2_20250608_162227,1749374547.607019,11
-2.166925243619289,-5.7479276913190915,-5.707613982160183,0.9503028872995856,36.29,55.08,K2_20250608_162227,1749374547.607019,12
-2.103042836583427,-5.272497673426187,-5.224433877316187,1.070523174541222,36.29,55.06,K2_20250608_162227,1749374547.607019,13
-2.1349840401012443,-5.510212682372185,-5.466023929738185,1.0104130309202901,36.29,55.07,K2_20250608_162227,1749374547.607019,14
-1.9433368189936573,-5.083922628694381,-4.0164836152034695,1.3710738926449721,36.29,55.01,K2_20250608_162227,1749374547.607019,15
-2.0072192260295196,-5.559352646586376,-4.499663720048375,1.250853605403563,36.29,55.03,K2_20250608_162227,1749374547.607019,16
-2.0072192260295196,-5.559352646586376,-5.499663720048375,2.250853605403563,36.29,55.03,K2_20250608_162227,1749374547.607019,17
-3.5370125978236047,-9.358544464656916,-9.282313181281097,1.3907618139478473,36.33,54.99,K2_20250608_162227,1749374547.607019,18
-2.293843958424077,-5.796005574265109,-5.7205559280891976,2.216161088402032,36.3,54.99,K2_20250608_162227,1749374547.607019,19
-3.40924778375188,-8.407684428871107,-8.315952971592196,1.6312023884308928,36.33,54.95,K2_20250608_162227,1749374547.607019,20
-2.644351097854951,-6.508088519836747,-6.424628240974926,2.061248284158637,36.31,54.97,K2_20250608_162227,1749374547.607019,21
-2.8015188176436823,-1.98831710605009,-1.772323711806166,3.279593892811363,36.34,54.63,K2_20250608_162227,1749374547.607019,22
-0.31010494324277715,16.55345359176954,17.071700377142406,9.96818509523223,36.34,53.85,K2_20250608_162227,1749374547.607019,23
3.097846309349052,31.721260443929168,33.561917475011796,81.13192774130334,36.37,53.02,K2_20250608_162227,1749374547.607019,24
8.257487159825814,48.546699871104465,51.61907787354721,137.56393563300412,36.34,52.42,K2_20250608_162227,1749374547.607019,25
10.291966661145352,54.492761338568926,57.720922717252506,177.14294210338153,36.37,52.02,K2_20250608_162227,1749374547.607019,26
13.676953301894628,61.150905751604114,64.52683987384262,202.87686137800188,36.39,51.64,K2_20250608_162227,1749374547.607019,27
15.463968500366718,70.65738194692403,74.14904628197655,214.2304318695949,36.37,51.34,K2_20250608_162227,1749374547.607019,28
16.5614843094545,76.17609127944161,78.78065296676505,215.42335985162822,36.39,51.05,K2_20250608_162227,1749374547.607019,29
16.531235304470783,79.74394057617428,82.44589944186464,216.37584725917827,36.41,50.8,K2_20250608_162227,1749374547.607019,30
17.42558900297354,86.39996082667312,90.2104209096924,211.05893128056027,36.41,50.52,K2_20250608_162227,1749374547.607019,31
17.968589462778937,89.44111597876235,94.31745180087273,210.08080372211361,36.41,50.35,K2_20250608_162227,1749374547.607019,32
18.478802619799353,91.34177396906489,96.22947437587118,210.53626724446053,36.4,50.32,K2_20250608_162227,1749374547.607019,33
17.331457590953733,88.4923801055129,93.39248727994527,209.89119840086892,36.43,50.29,K2_20250608_162227,1749374547.607019,34
17.904707055743074,88.96568596086945,93.83427169602874,213.96058343487198,36.41,50.37,K2_20250608_162227,1749374547.607019,35
16.692633520594427,83.73807992658567,89.56068623149713,217.688995528453,36.43,50.49,K2_20250608_162227,1749374547.607019,36
16.02271434598447,80.64884689155042,86.44071339438688,222.93298128800234,36.44,50.57,K2_20250608_162227,1749374547.607019,37
15.767184717840792,79.74712681997971,85.50799297500816,226.45210013903602,36.44,50.65,K2_20250608_162227,1749374547.607019,38
16.894103432645352,77.79520470292573,84.52093492093627,230.18624193793357,36.43,50.74,K2_20250608_162227,1749374547.607019,39
16.873677118604746,74.99388872231884,81.6968897709412,232.2753148932395,36.45,50.8,K2_20250608_162227,1749374547.607019,40
17.033383136194516,76.18246376705065,82.904840033053,232.57586561134326,36.45,50.75,K2_20250608_162227,1749374547.607019,41
18.14963306078903,80.69692477449644,87.45365534031589,233.6671230868999,36.43,50.66,K2_20250608_162227,1749374547.607019,42
17.118537956538376,82.36199191839023,89.16548355165469,224.11331171886468,36.44,50.54,K2_20250608_162227,1749374547.607019,43
17.533773602271822,85.45228703469274,92.30615423314612,221.89474358593475,36.44,50.41,K2_20250608_162227,1749374547.607019,44
16.53461970153876,86.35506918753163,94.25957249690691,216.40104236152024,36.45,50.28,K2_20250608_162227,1749374547.607019,45
15.726266922646346,87.78135924121034,95.70911281144072,216.76170322324492,36.45,50.22,K2_20250608_162227,1749374547.607019,46
15.406854887466807,85.40420915174582,93.2932122872171,216.16060178703697,36.45,50.32,K2_20250608_162227,1749374547.607019,47
15.597656009307912,84.92771705258565,93.78933433799102,218.01496387317638,36.44,50.39,K2_20250608_162227,1749374547.607019,48
16.246302770610328,82.31285195417513,91.1318437613445,223.35375229334772,36.44,50.5,K2_20250608_162227,1749374547.607019,49
16.054655549502513,81.88656190049642,90.68230344680978,226.99309143162304,36.44,50.56,K2_20250608_162227,1749374547.607019,50
16.3847363748921,78.79732886546117,87.56233060969953,230.23707719117192,36.45,50.64,K2_20250608_162227,1749374547.607019,51
17.72288252557837,81.170230629853,89.89543975639936,231.73650812090295,36.41,50.74,K2_20250608_162227,1749374547.607019,52
16.606632600983858,76.65576962240812,85.34662444913556,233.64525064534655,36.43,50.83,K2_20250608_162227,1749374547.607019,53
16.319161769322136,74.5163345418905,83.17231397733303,236.10425935275953,36.43,50.92,K2_20250608_162227,1749374547.607019,54
16.777007408783902,72.37796154264106,82.01870134991259,236.58868568679168,36.44,50.96,K2_20250608_162227,1749374547.607019,55
17.700764013003663,73.56335034356835,84.16455807888178,236.81298352503813,36.41,51.06,K2_20250608_162227,1749374547.607019,56
17.828528827075615,74.51421037935324,85.13091828857159,237.05342409952118,36.41,51.02,K2_20250608_162227,1749374547.607019,57
18.338741984095805,77.41486836965578,87.04294086356913,237.5088876218681,36.4,50.99,K2_20250608_162227,1749374547.607019,58
19.040602362223808,79.74181641363793,90.40450375310047,236.32501200593993,36.39,50.9,K2_20250608_162227,1749374547.607019,59
19.55166161851116,83.54525655678026,93.2699445918588,232.28677430387233,36.39,50.74,K2_20250608_162227,1749374547.607019,60
19.083147188839575,91.15001268052856,100.95943058061494,226.15946364649903,36.37,50.52,K2_20250608_162227,1749374547.607019,61
18.70154494515782,92.10299687885072,101.96718647906619,217.45073947422065,36.39,50.38,K2_20250608_162227,1749374547.607019,62
18.72197125919888,94.9043128594567,105.79123162906308,215.36166651891472,36.37,50.32,K2_20250608_162227,1749374547.607019,63
18.690030055681063,95.6665978505107,105.54964157664017,215.301556375294,36.37,50.33,K2_20250608_162227,1749374547.607019,64
19.251764630992966,99.70350467752633,109.5738810902958,216.22175831037043,36.33,50.36,K2_20250608_162227,1749374547.607019,65
19.15594102043906,97.99035965068651,108.84911093302799,217.0414278795081,36.33,50.39,K2_20250608_162227,1749374547.607019,66
19.028176206367107,98.0394996149007,107.88275072333909,218.80098730502482,36.33,50.43,K2_20250608_162227,1749374547.607019,67
19.505602060602314,97.79966044341836,107.59976498215383,219.69004190816554,36.31,50.54,K2_20250608_162227,1749374547.607019,68
20.250072432458637,95.89794037184674,105.66704456277421,224.20916075919922,36.31,50.62,K2_20250608_162227,1749374547.607019,69
19.70707197265324,91.85678521975842,101.56001367159297,228.18728831764588,36.31,50.79,K2_20250608_162227,1749374547.607019,70
19.323777530437837,89.004205112401,98.66093304252445,230.46596659419652,36.31,50.91,K2_20250608_162227,1749374547.607019,71
19.801203384673272,88.76436594091865,99.37794730133919,231.35502119733746,36.29,51.02,K2_20250608_162227,1749374547.607019,72
20.03546059950918,84.9619878790445,95.53320430696203,233.41867652602423,36.3,51.13,K2_20250608_162227,1749374547.607019,73
21.948548413518893,91.61375980447156,102.2149343972651,235.0000900409293,36.26,51.05,K2_20250608_162227,1749374547.607019,74
21.94939451278583,93.51654195731044,104.16835266102407,235.50638881651457,36.27,50.92,K2_20250608_162227,1749374547.607019,75
23.181894361975083,102.5454639722011,113.26598327555075,228.6889037676276,36.23,50.74,K2_20250608_162227,1749374547.607019,76
23.24662286827811,104.92367614293198,115.70258164415554,222.3154228304545,36.24,50.59,K2_20250608_162227,1749374547.607019,77
21.629917310493738,107.7762562502894,118.60166227322497,217.03674455390387,36.24,50.47,K2_20250608_162227,1749374547.607019,78
21.39566009565783,110.57863431216447,122.44640526760304,211.97308922521734,36.23,50.36,K2_20250608_162227,1749374547.607019,79
21.618402421016526,110.33985722194939,122.18411737079896,211.88756145497723,36.22,50.42,K2_20250608_162227,1749374547.607019,80
21.554520013980664,109.86442720405648,121.70093726595405,211.76734116773582,36.22,50.44,K2_20250608_162227,1749374547.607019,81
22.733806246344102,112.95153607655539,124.77951441430105,215.47252015494837,36.19,50.46,K2_20250608_162227,1749374547.607019,82
23.753386461117998,114.85006990432157,126.65014130053623,218.87714842405694,36.16,50.53,K2_20250608_162227,1749374547.607019,83
22.73211404781,109.1459717708758,120.87267788678037,219.45992260377716,36.17,50.72,K2_20250608_162227,1749374547.607019,84
24.038318994978226,111.28115852632072,122.96419698105638,226.89924338988726,36.13,50.83,K2_20250608_162227,1749374547.607019,85
23.442951017614178,103.20097238467952,114.79153088745625,230.90633376001938,36.15,51.07,K2_20250608_162227,1749374547.607019,86
24.760670854259615,101.77255816846446,114.30059488415918,236.49483764505612,36.13,51.23,K2_20250608_162227,1749374547.607019,87
24.24961159797226,97.96911802532213,110.43515404540085,239.53307534712349,36.13,51.39,K2_20250608_162227,1749374547.607019,88
25.853956167012484,97.7773567367858,109.16511025014461,245.156271749162,36.1,51.59,K2_20250608_162227,1749374547.607019,89
25.72619135294076,96.826496701,108.1987500404548,244.91583117467871,36.1,51.63,K2_20250608_162227,1749374547.607019,90
27.19294841696592,102.0530406540156,113.45163766060432,246.1620014544785,36.07,51.56,K2_20250608_162227,1749374547.607019,91
28.118397219719554,107.04399376062156,118.50433091709237,245.3988968438955,36.06,51.4,K2_20250608_162227,1749374547.607019,92
28.47059655768453,110.56164101187187,123.1152397575006,236.56640719930988,36.07,51.16,K2_20250608_162227,1749374547.607019,93
27.52381017450989,116.50345415426364,129.13429322367847,229.04374316321014,36.06,50.96,K2_20250608_162227,1749374547.607019,94
29.405802884268724,124.82029322358358,137.52785152532033,219.07134531008,36.03,50.76,K2_20250608_162227,1749374547.607019,95
27.736729808925702,123.63384234138812,136.36129695197087,218.8216298452146,36.05,50.71,K2_20250608_162227,1749374547.607019,96
27.75631002369937,125.5323761691543,137.23192383820606,219.22625811432295,36.02,50.78,K2_20250608_162227,1749374547.607019,97
28.169853470898943,123.81710697977815,136.4657579921759,218.99509243022226,36.0,50.91,K2_20250608_162227,1749374547.607019,98
29.07318376107787,122.20117980009945,133.7875695711482,225.30846322377442,35.99,51.07,K2_20250608_162227,1749374547.607019,99
29.68988931886247,119.34859969274294,131.88848894207877,229.58714150032506,35.99,51.19,K2_20250608_162227,1749374547.607019,100
0.0,0.0,0.0,0.0,36.1,52.6,K3_20250608_163245,1749375165.4369051,1
-0.7648966858969288,-1.8995959090352699,-1.8913247306154517,-0.4300458957277442,36.12,52.58,K3_20250608_163245,1749375165.4369051,2
-0.8287790929327912,-2.3750259269272647,-2.374504835460357,0.4497338170306193,36.12,52.6,K3_20250608_163245,1749375165.4369051,3
-0.7648966858969288,-1.8995959090352699,-1.8913247306154517,0.5699541042722558,36.12,52.58,K3_20250608_163245,1749375165.4369051,4
-1.9441829182605943,-4.986704781534172,-4.969901878963356,0.8647751170597076,36.15,52.56,K3_20250608_163245,1749375165.4369051,5
-0.732955482378884,-1.661880900088363,-1.6497346781934539,2.6300642478929603,36.12,52.57,K3_20250608_163245,1749375165.4369051,6
-1.019580214773896,-1.8985338277670962,-1.8706268862351862,2.5953717308914293,36.13,52.53,K3_20250608_163245,1749375165.4369051,7
-1.1154038253275758,-2.6116788546069074,-2.595397043502089,2.4150413000290882,36.13,52.56,K3_20250608_163245,1749375165.4369051,8
-2.8164181041886422,-4.0358447457483635,-4.003541669274455,2.105215691542753,36.15,52.52,K3_20250608_163245,1749375165.4369051,9
-2.8164181041886422,-4.0358447457483635,-4.003541669274455,2.105215691542753,36.15,52.52,K3_20250608_163245,1749375165.4369051,10
-2.8164181041886422,-4.0358447457483635,-4.003541669274455,1.1052156915427531,36.15,52.52,K3_20250608_163245,1749375165.4369051,11
-1.75253569715278,-3.560414727855459,-3.5203615644295496,0.22543597878461696,36.15,52.5,K3_20250608_163245,1749375165.4369051,12
-2.134984040101017,-4.510212682373094,-4.4660239297372755,0.010413030920517485,36.16,52.49,K3_20250608_163245,1749375165.4369051,13
-0.9237566042199887,-1.1853888009281945,-1.1458567289682833,-0.22429783824622973,36.13,52.5,K3_20250608_163245,1749375165.4369051,14
-2.5813147900857984,-5.935440654783633,-5.894866399890816,-1.324830204184991,36.17,52.5,K3_20250608_163245,1749375165.4369051,15
-1.592829679562783,-2.3718396831236532,-2.312411302316832,-0.4740133031116329,36.15,52.45,K3_20250608_163245,1749375165.4369051,16
-3.218446661910775,-6.884176528031276,-6.819830920817367,-1.5144355254294624,36.19,52.44,K3_20250608_163245,1749375165.4369051,17
-2.357726365459939,-4.271435592158923,-4.203736032934103,0.0959408011603955,36.17,52.43,K3_20250608_163245,1749375165.4369051,18
-2.4216087724958015,-4.746865610051827,-4.686916137778098,-0.024279486081240975,36.17,52.45,K3_20250608_163245,1749375165.4369051,19
-2.2299615513882145,-3.3205755563731145,-3.2373758232442924,0.33638137564366843,36.17,52.39,K3_20250608_163245,1749375165.4369051,20
-3.1865054583927304,-6.646461519085278,-6.578240868395369,-0.4543253818087578,36.19,52.43,K3_20250608_163245,1749375165.4369051,21
-3.090681847838823,-5.933316492246377,-5.853470711127557,-0.2739949509464168,36.19,52.4,K3_20250608_163245,1749375165.4369051,22
-2.640966700786521,3.103040091521507,3.3890448140682565,2.0864433865008323,36.22,51.87,K3_20250608_163245,1749375165.4369051,23
1.0322717037793154,30.440266120356682,31.17190084264621,10.99910990289095,36.22,50.72,K3_20250608_163245,1749375165.4369051,24
6.481921683719065,55.11348708656806,56.26362650426654,61.491005413935454,36.22,49.64,K3_20250608_163245,1749375165.4369051,25
10.507424593361975,69.33149598421096,71.80818123682639,116.43972511214247,36.26,48.8,K3_20250608_163245,1749375165.4369051,26
18.209219804377653,89.2953084106357,92.01895426278315,157.38730666981132,36.22,48.16,K3_20250608_163245,1749375165.4369051,27
18.817794869752788,97.61745788629469,101.51600178632998,161.54199694977729,36.24,47.71,K3_20250608_163245,1749375165.4369051,28
20.063501806953354,106.88834323520496,110.93801383080427,163.88629255098772,36.24,47.32,K3_20250608_163245,1749375165.4369051,29
19.161017616041363,111.40705256772344,115.56962051559367,165.07922053302104,36.26,47.03,K3_20250608_163245,1749375165.4369051,30
18.991488907508256,117.58764280033029,121.85096187857562,161.6420842671614,36.26,46.77,K3_20250608_163245,1749375165.4369051,31
17.992335006775193,119.49042495316826,124.8043801423355,154.14838304274667,36.27,46.64,K3_20250608_163245,1749375165.4369051,32
18.17331343767296,126.38309813134674,131.789793818205,149.86615958113043,36.26,46.4,K3_20250608_163245,1749375165.4369051,33
15.090696915130366,125.91191643852653,130.3894050908857,139.84760980036594,36.3,46.22,K3_20250608_163245,1749375165.4369051,34
14.187366624950982,128.52784361820432,132.0675935119134,129.53423900681332,36.31,46.06,K3_20250608_163245,1749375165.4369051,35
13.985050613633348,131.56793668902537,136.15392655871256,124.53069382174772,36.3,45.94,K3_20250608_163245,1749375165.4369051,36
12.240580241777025,133.469656760597,138.08664697809218,119.01157497071404,36.3,45.86,K3_20250608_163245,1749375165.4369051,37
11.942440619905256,136.79660480457824,141.44820986762443,117.82769935478564,36.29,45.77,K3_20250608_163245,1749375165.4369051,38
11.017837916418102,133.70843385081025,138.34893487489626,116.09710274095391,36.31,45.8,K3_20250608_163245,1749375165.4369051,39
10.197970248048932,138.69832487614985,143.38093028700405,116.30858050375195,36.29,45.69,K3_20250608_163245,1749375165.4369051,40
8.27336754456178,135.61015392238187,140.28165529427497,115.57798388992,36.31,45.72,K3_20250608_163245,1749375165.4369051,41
8.464168666402884,135.1336618232217,139.7777773450489,115.43234597605942,36.3,45.79,K3_20250608_163245,1749375165.4369051,42
7.826190695310288,132.28214379713245,136.89939456036154,116.736441879229,36.31,45.86,K3_20250608_163245,1749375165.4369051,43
7.857285799561396,130.61707665324047,135.18756634902365,127.29025324726467,36.3,45.98,K3_20250608_163245,1749375165.4369051,44
9.004630828407016,133.46647051679156,138.02455344494774,134.93532209085606,36.27,46.01,K3_20250608_163245,1749375165.4369051,45
8.473991357345994,127.76449654588305,132.28848571995422,141.5689315238153,36.3,46.1,K3_20250608_163245,1749375165.4369051,46
8.473991357345994,127.76449654588305,132.28848571995422,148.5689315238153,36.3,46.1,K3_20250608_163245,1749375165.4369051,47
9.346226543274042,126.81363651009815,132.32212551026532,152.32849094933204,36.3,46.14,K3_20250608_163245,1749375165.4369051,48
9.378167746792087,127.05135151904415,132.56371556268732,152.38860109295297,36.3,46.13,K3_20250608_163245,1749375165.4369051,49
10.016145717884228,128.9028695451325,135.44209834737467,153.08450518978293,36.29,46.06,K3_20250608_163245,1749375165.4369051,50
8.857285799561396,129.61707665324047,136.18756634902365,151.29025324726467,36.3,45.98,K3_20250608_163245,1749375165.4369051,51
8.04893302066921,131.04336670691828,137.63710666355837,142.65091410898935,36.3,45.92,K3_20250608_163245,1749375165.4369051,52
7.750793398797441,134.37031475089952,139.9986695530897,133.46703849306095,36.29,45.83,K3_20250608_163245,1749375165.4369051,53
8.2175504628226,139.59685870391604,145.25155717324014,127.71320877286053,36.26,45.76,K3_20250608_163245,1749375165.4369051,54
7.122572951535631,139.78649582991602,146.48020527973313,125.03917711758345,36.27,45.66,K3_20250608_163245,1749375165.4369051,55
6.2822789691254,140.97507087464783,147.68815554184403,117.33972783568743,36.27,45.61,K3_20250608_163245,1749375165.4369051,56
5.632786108556047,141.68715382021946,147.39222785473066,115.4946406399306,36.26,45.63,K3_20250608_163245,1749375165.4369051,57
5.505021294484095,140.73629378443366,146.42586764504176,115.25420006544755,36.26,45.67,K3_20250608_163245,1749375165.4369051,58
5.409197683930188,140.02314875759475,145.70109748777395,115.07386963458521,36.26,45.7,K3_20250608_163245,1749375165.4369051,59
6.396836695186039,141.68396757641403,147.33013432158714,119.41838776007307,36.23,45.78,K3_20250608_163245,1749375165.4369051,60
6.875108648688638,143.34691055777057,149.00056684416268,123.81374113879929,36.22,45.76,K3_20250608_163245,1749375165.4369051,61
6.587637817026916,141.20747547725296,146.82625637236015,126.27274984621204,36.22,45.85,K3_20250608_163245,1749375165.4369051,62
5.949659845934548,138.3559574511646,144.9478735876728,126.57684574938207,36.23,45.92,K3_20250608_163245,1749375165.4369051,63
7.511394421246678,142.39286427818115,148.97211310132843,132.4970476844585,36.19,45.95,K3_20250608_163245,1749375165.4369051,64
7.4155708106927705,141.67971925134225,147.24734294406153,133.31671725359615,36.19,45.98,K3_20250608_163245,1749375165.4369051,65
8.308232310661651,144.5301751961615,150.1050278843668,133.98720372380694,36.17,45.96,K3_20250608_163245,1749375165.4369051,66
8.232835014148577,146.61834614992858,153.20430287709587,134.7178003376389,36.15,45.93,K3_20250608_163245,1749375165.4369051,67
7.010092688789882,146.85712324014276,153.46659077389995,128.803328107879,36.16,45.87,K3_20250608_163245,1749375165.4369051,68
7.042033892307927,147.09483824908966,153.70818082632195,123.8634382514997,36.16,45.86,K3_20250608_163245,1749375165.4369051,69
5.978151485272065,146.61940823119676,153.22500072147704,119.74321796425806,36.16,45.88,K3_20250608_163245,1749375165.4369051,70
7.221320124671138,150.18194712158765,156.78675797466894,120.56861723871202,36.13,45.88,K3_20250608_163245,1749375165.4369051,71
7.507944857065922,150.4186000492664,157.0076501827116,120.60330975571378,36.12,45.92,K3_20250608_163245,1749375165.4369051,72
6.965790496527461,148.28022705001604,154.85403755528932,122.0877360897457,36.13,45.96,K3_20250608_163245,1749375165.4369051,73
7.316297635958108,148.99230999558858,155.55810986817687,124.2426488939891,36.12,45.98,K3_20250608_163245,1749375165.4369051,74
7.793723490193315,147.75247082410533,155.2751241269907,127.13170349712959,36.1,46.09,K3_20250608_163245,1749375165.4369051,75
8.0803482225881,148.98912375178224,155.49601633503153,128.16639601413112,36.09,46.13,K3_20250608_163245,1749375165.4369051,76
8.016465815552237,148.51369373388934,154.01283623018662,130.04617572688971,36.09,46.15,K3_20250608_163245,1749375165.4369051,77
8.813303704967211,149.65100465187152,157.1457510132259,130.5363317662384,36.07,46.16,K3_20250608_163245,1749375165.4369051,78
9.64208279790023,152.0260305787997,159.52025584868716,131.086597949208,36.05,46.16,K3_20250608_163245,1749375165.4369051,79
10.853310233781485,155.35085446024368,161.84042304945706,127.85188708004102,36.02,46.17,K3_20250608_163245,1749375165.4369051,80
8.705965204936092,152.5014605966917,159.00343595353297,124.20681823644941,36.05,46.14,K3_20250608_163245,1749375165.4369051,81
10.108839861925162,157.2525745318153,163.77314346883577,123.33276822900712,36.02,46.09,K3_20250608_163245,1749375165.4369051,82
10.383949704842735,161.0528284311522,167.57649077445058,123.21827764708223,35.99,46.08,K3_20250608_163245,1749375165.4369051,83
9.93761895485818,159.62760045874256,166.14764830429704,122.88303441197672,36.0,46.09,K3_20250608_163245,1749375165.4369051,84
10.606692030201657,160.81405134093802,167.3142028776474,123.13274987684213,35.98,46.14,K3_20250608_163245,1749375165.4369051,85
9.840949245037336,157.01167327906387,162.46945988327025,126.19640520552889,35.99,46.25,K3_20250608_163245,1749375165.4369051,86
10.127573977432348,156.2483262067426,163.69035209131107,129.23109772253042,35.98,46.29,K3_20250608_163245,1749375165.4369051,87
11.211036599241652,158.62229005240079,166.04415908239025,133.75594627888063,35.95,46.34,K3_20250608_163245,1749375165.4369051,88
11.211036599241652,158.62229005240079,166.04415908239025,134.75594627888063,35.95,46.34,K3_20250608_163245,1749375165.4369051,89
12.975933285138808,160.52188596143606,167.93548381300752,135.18599217460837,35.93,46.36,K3_20250608_163245,1749375165.4369051,90
13.645006360482057,161.70833684363242,169.10203838635698,136.435707639474,35.91,46.41,K3_20250608_163245,1749375165.4369051,91
13.453359139374243,160.2820467899537,167.65249807182227,136.07504677774932,35.91,46.47,K3_20250608_163245,1749375165.4369051,92
14.377115743593777,161.467435590881,168.79835480079055,140.29934461599532,35.88,46.57,K3_20250608_163245,1749375165.4369051,93
14.217409726004007,160.27886054614828,167.59040453867783,141.99879389789157,35.88,46.62,K3_20250608_163245,1749375165.4369051,94
15.07813002245507,162.89160148202336,170.206499426562,143.6091702244819,35.86,46.61,K3_20250608_163245,1749375165.4369051,95
14.300872347813765,162.65282439180737,169.94421152975792,143.52364245424178,35.85,46.67,K3_20250608_163245,1749375165.4369051,96
14.300872347813765,162.65282439180737,169.94421152975792,143.52364245424178,35.85,46.67,K3_20250608_163245,1749375165.4369051,97
14.715261894280047,163.840337355271,171.13146394748856,143.79877554572636,35.84,46.67,K3_20250608_163245,1749375165.4369051,98
15.480158580177203,165.73993326430627,172.02278867810492,143.22882144145433,35.82,46.69,K3_20250608_163245,1749375165.4369051,99
16.340878876628494,168.35267420018135,175.63888356599,142.83919776804464,35.8,46.68,K3_20250608_163245,1749375165.4369051,100
0.0,0.0,0.0,0.0,35.82,51.66,K4_20250608_164337,1749375817.9706073,1
-0.8287790929330185,-2.375025926928174,-2.3745048354612663,-0.5502661829693807,35.84,51.66,K4_20250608_164337,1749375817.9706073,2
-0.9246027034869257,-3.088170953767076,-3.099274992729079,-0.7305966138317217,35.84,51.69,K4_20250608_164337,1749375817.9706073,3
-0.7968378894149737,-2.1373109179812673,-3.1329147830392685,-0.49015603934867613,35.84,51.65,K4_20250608_164337,1749375817.9706073,4
-1.2431686393995278,-3.5625388903918065,-4.5617572531918995,-0.8253992744539573,35.85,51.66,K4_20250608_164337,1749375817.9706073,5
-2.836844418229475,-7.8371607263534315,-8.827586819269527,-0.8057113531513096,35.89,51.64,K4_20250608_164337,1749375817.9706073,6
-1.2431686393995278,-4.5625388903918065,-4.5617572531918995,0.17460072554604267,35.85,51.66,K4_20250608_164337,1749375817.9706073,7
-1.6894993893838546,-5.987766862800527,-5.99059972334544,-0.1606425095594659,35.86,51.67,K4_20250608_164337,1749375817.9706073,8
-1.5936757788299474,-5.274621835961625,-5.2658295660776275,-0.9803120786971249,35.86,51.64,K4_20250608_164337,1749375817.9706073,9
-2.326631261209286,-6.9365027360508975,-6.915564244271991,-1.3502478308041646,35.88,51.61,K4_20250608_164337,1749375817.9706073,10
-1.529793371794085,-4.799191818068721,-4.782649461233632,-0.8600917914554884,35.86,51.62,K4_20250608_164337,1749375817.9706073,11
-2.2627488541734238,-6.461072718157993,-6.432384139427086,-1.2300275435627555,35.88,51.59,K4_20250608_164337,1749375817.9706073,12
-2.6771384006397057,-7.6485856816216256,-7.619636557157719,-1.505160635047332,35.89,51.59,K4_20250608_164337,1749375817.9706073,13
-2.6771384006397057,-6.6485856816216256,-7.619636557157719,-1.505160635047332,35.89,51.59,K4_20250608_164337,1749375817.9706073,14
-2.6771384006397057,-7.6485856816216256,-7.619636557157719,-1.505160635047332,35.89,51.59,K4_20250608_164337,1749375817.9706073,15
-2.2627488541734238,-6.461072718157993,-6.432384139427086,-1.2300275435627555,35.88,51.59,K4_20250608_164337,1749375817.9706073,16
-3.8883658365211886,-10.973409563066525,-10.93980375792853,-2.270449765880585,35.92,51.58,K4_20250608_164337,1749375817.9706073,17
-2.230807650655379,-6.223357709211086,-6.190794087005088,-1.1699173999418235,35.88,51.58,K4_20250608_164337,1749375817.9706073,18
-3.4100938830185896,-9.310466581709079,-9.269371235352082,-1.8750963871543718,35.91,51.56,K4_20250608_164337,1749375817.9706073,19
-3.473976290054452,-9.785896599601983,-9.752551340196987,-1.9953166743957809,35.91,51.58,K4_20250608_164337,1749375817.9706073,20
-3.3142702724646824,-8.597321554870177,-8.54460107808427,-1.6947659562920308,35.91,51.53,K4_20250608_164337,1749375817.9706073,21
-4.143049365397701,-10.972347481798352,-10.919105913545536,-2.2450321392614114,35.93,51.53,K4_20250608_164337,1749375817.9706073,22
-3.7606010224492366,-10.022549527281626,-9.97344354823872,-2.0300091913975393,35.92,51.54,K4_20250608_164337,1749375817.9706073,23
-5.396040695740339,-7.165721094851506,-6.99157154164368,-2.207016961471254,35.96,51.22,K4_20250608_164337,1749375817.9706073,24
-3.447627281144605,7.334894450878892,6.745421656122744,1.4597017993964982,35.96,50.61,K4_20250608_164337,1749375817.9706073,25
-1.4992138665490984,20.83550999660929,20.482414853890077,4.1264205602642505,35.96,50.0,K4_20250608_164337,1749375817.9706073,26
-0.9660360976868105,31.245830426037173,32.07873737016598,3.011707454061707,35.96,49.52,K4_20250608_164337,1749375817.9706073,27
-0.4852258463831731,37.61711986591126,39.609424684024816,-1.0740428404553768,35.98,49.11,K4_20250608_164337,1749375817.9706073,28
-0.3353425197365141,46.17486018798172,47.30666657123129,-3.910077670107057,35.98,48.75,K4_20250608_164337,1749375817.9706073,29
-0.8553783677002684,51.64336747501693,52.88393562132751,-5.5021267402100875,35.99,48.47,K4_20250608_164337,1749375817.9706073,30
-1.6309438438074721,54.21015469048052,55.52848425204502,-5.575056959279209,36.0,48.27,K4_20250608_164337,1749375817.9706073,31
-2.0125460874889995,55.16313888880359,56.53624015049809,-8.283781131557589,36.02,48.13,K4_20250608_164337,1749375817.9706073,32
-2.6931340523094605,57.5402889782672,58.952140674721704,-8.682679695349634,36.02,48.03,K4_20250608_164337,1749375817.9706073,33
-3.501486831201646,57.96657903194591,59.40168098925642,-10.322018833624952,36.02,47.97,K4_20250608_164337,1749375817.9706073,34
-3.820052767114248,57.49221109532118,58.93919872879269,-11.416821494247188,36.03,47.94,K4_20250608_164337,1749375817.9706073,35
-4.756170360078386,57.967641113214086,59.422378833637595,-11.296601207005779,36.03,47.92,K4_20250608_164337,1749375817.9706073,36
-5.756170360078386,57.967641113214086,59.422378833637595,-12.296601207005779,36.03,47.92,K4_20250608_164337,1749375817.9706073,37
-6.680773063565084,54.87947015944792,55.323103840909425,-13.027197820837273,36.05,47.95,K4_20250608_164337,1749375817.9706073,38
-7.0312802029959585,53.16738721387537,54.61903152802279,-13.182110625080668,36.06,47.93,K4_20250608_164337,1749375817.9706073,39
-7.425243435421407,55.78119023101863,57.255824260289046,-13.546316671870954,36.05,47.87,K4_20250608_164337,1749375817.9706073,40
-7.850301772097964,60.060060392053856,60.60444520389228,-12.464334086696908,36.05,47.69,K4_20250608_164337,1749375817.9706073,41
-8.263845219297536,59.775329581429105,61.370611049921536,-12.23316840259622,36.07,47.56,K4_20250608_164337,1749375817.9706073,42
-6.542404626395864,65.00081145317745,65.60280082568988,-13.01241574941605,36.03,47.54,K4_20250608_164337,1749375817.9706073,43
-6.35075740528805,66.42710150685616,67.05234114022369,-12.651754887691368,36.03,47.48,K4_20250608_164337,1749375817.9706073,44
-7.382698608806095,65.18938649790925,66.81075108780169,-13.711865031312072,36.03,47.49,K4_20250608_164337,1749375817.9706073,45
-8.211477701738886,62.81436057098199,64.43624625234042,-14.262131214281453,36.05,47.49,K4_20250608_164337,1749375817.9706073,46
-8.753632062277347,60.67598757173164,62.28263362491907,-14.777704880249303,36.06,47.53,K4_20250608_164337,1749375817.9706073,47
-9.019830480631072,64.2406506246607,64.88578656687514,-13.901470352556544,36.05,47.43,K4_20250608_164337,1749375817.9706073,48
-10.370337620061719,63.528567679089065,64.1817142539885,-15.056383156799939,36.06,47.41,K4_20250608_164337,1749375817.9706073,49
-9.924006870077164,64.9537956514996,65.61055672414204,-14.721139921694203,36.05,47.4,K4_20250608_164337,1749375817.9706073,50
-11.019830480631072,64.2406506246607,64.88578656687514,-14.901470352556544,36.05,47.43,K4_20250608_164337,1749375817.9706073,51
-10.542404626395864,63.00081145317745,64.60280082568988,-15.01241574941605,36.03,47.54,K4_20250608_164337,1749375817.9706073,52
-10.447427115108894,61.81117432717656,62.37415271919599,-15.338384094139201,36.02,47.64,K4_20250608_164337,1749375817.9706073,53
-11.245111103791032,57.77108125635641,58.287819672396836,-15.334838909073142,36.03,47.76,K4_20250608_164337,1749375817.9706073,54
-11.404817121380802,56.582506211624604,57.07986941028412,-15.635389627177119,36.03,47.81,K4_20250608_164337,1749375817.9706073,55
-10.481060517160813,56.76789501255098,58.2257261392524,-15.41109178893089,36.0,47.91,K4_20250608_164337,1749375817.9706073,56
-11.69313405230946,51.5402889782672,52.952140674721704,-16.682679695349634,36.02,48.03,K4_20250608_164337,1749375817.9706073,57
-11.449965412909933,55.102827868658096,56.513897927913604,-14.857280420895677,35.99,48.03,K4_20250608_164337,1749375817.9706073,58
-11.38608300587407,54.578257886551,55.99707803275851,-14.73706013365404,35.99,48.01,K4_20250608_164337,1749375817.9706073,59
-10.174855569992587,57.90308176799681,59.31724523352841,-13.971771002820788,35.96,48.02,K4_20250608_164337,1749375817.9706073,60
-11.513001720678858,55.53018000360498,56.984136086829494,-14.471201932551594,36.0,47.92,K4_20250608_164337,1749375817.9706073,61
-10.39675179608389,60.04464101105077,61.53295139409329,-13.379944456994963,35.98,47.83,K4_20250608_164337,1749375817.9706073,62
-9.802229917987233,66.22204499985219,66.7521992239308,-12.893333602712573,35.95,47.72,K4_20250608_164337,1749375817.9706073,63
-10.056913446863746,66.22310708112036,66.77289706831198,-12.8679159760934,35.96,47.67,K4_20250608_164337,1749375817.9706073,64
-9.770288714469416,66.45976000879818,66.99378927635371,-13.833223459091641,35.95,47.71,K4_20250608_164337,1749375817.9706073,65
-9.133156842643757,66.40849588204674,66.91875379728117,-13.643618137846943,35.93,47.77,K4_20250608_164337,1749375817.9706073,66
-9.165098046161802,66.17078087310074,66.67716374485917,-13.703728281467647,35.93,47.78,K4_20250608_164337,1749375817.9706073,67
-8.527966174336598,67.11951674635111,66.60212826578572,-13.514122960223176,35.91,47.84,K4_20250608_164337,1749375817.9706073,68
-8.91041451728529,66.16971879183257,65.65646590047618,-13.729145908087048,35.92,47.83,K4_20250608_164337,1749375817.9706073,69
-8.731128284921851,68.25682766433147,68.73504304882408,-13.0239669208745,35.89,47.85,K4_20250608_164337,1749375817.9706073,70
-9.847378209516137,63.74236665688659,64.1862277415612,-14.115224396430904,35.91,47.94,K4_20250608_164337,1749375817.9706073,71
-10.230672651731766,60.88978654953007,61.287147112492676,-14.836546119880268,35.91,48.06,K4_20250608_164337,1749375817.9706073,72
-9.274974843994414,62.312890359403355,62.67459389388296,-12.552138138013333,35.88,48.15,K4_20250608_164337,1749375817.9706073,73
-8.861431396794615,60.597621170028106,61.908428047852794,-12.783303822114021,35.86,48.28,K4_20250608_164337,1749375817.9706073,74
-8.989196210866567,59.6467611342423,60.942067838162984,-13.023744396597067,35.86,48.32,K4_20250608_164337,1749375817.9706073,75
-7.459402839072482,63.44595295231193,64.7247172993957,-12.163652605141579,35.82,48.36,K4_20250608_164337,1749375817.9706073,76
-7.395520432036619,63.92138297020483,65.20789740424061,-12.043432317899942,35.82,48.34,K4_20250608_164337,1749375817.9706073,77
-7.3316380250005295,64.39681298809683,64.69107750908552,-11.923212030658306,35.82,48.32,K4_20250608_164337,1749375817.9706073,78
-8.39552043203662,63.92138297020483,64.20789740424061,-12.043432317899942,35.82,48.34,K4_20250608_164337,1749375817.9706073,79
-7.885307275016203,64.82204096050737,66.11991997923815,-11.587968795553024,35.81,48.31,K4_20250608_164337,1749375817.9706073,80
-7.885307275016203,64.82204096050737,66.11991997923815,-11.587968795553024,35.81,48.31,K4_20250608_164337,1749375817.9706073,81
-6.163866682114531,70.0475228322548,71.35210975500559,-11.367216142372627,35.77,48.29,K4_20250608_164337,1749375817.9706073,82
-6.940278257488671,71.71152789487951,72.04324012196321,-10.94644513702724,35.77,48.22,K4_20250608_164337,1749375817.9706073,83
-5.760992025125006,74.79863676737841,75.12181727031111,-10.241266149814692,35.74,48.24,K4_20250608_164337,1749375817.9706073,84
-5.697109618089144,75.27406678527132,75.60499737515511,-10.121045862573055,35.74,48.22,K4_20250608_164337,1749375817.9706073,85
-5.0599777462639395,76.22280265852078,76.52996189608257,-9.931440541328357,35.72,48.28,K4_20250608_164337,1749375817.9706073,86
-5.0599777462639395,76.22280265852078,76.52996189608257,-9.931440541328357,35.72,48.28,K4_20250608_164337,1749375817.9706073,87
-4.614493095546777,74.74524847809153,75.0053861024744,-10.10249608180834,35.7,48.4,K4_20250608_164337,1749375817.9706073,88
-3.881537613167211,76.40712937817898,76.65512078066877,-9.7325603297013,35.68,48.43,K4_20250608_164337,1749375817.9706073,89
-3.8495964096493935,76.64484438712589,76.89671083309076,-9.672450186080368,35.68,48.42,K4_20250608_164337,1749375817.9706073,90
-3.179677235039435,79.73407742216023,80.01668367020102,-9.9164359456297,35.67,48.34,K4_20250608_164337,1749375817.9706073,91
-3.8602651998596684,82.11122751162475,82.43258419442554,-9.315334509421746,35.67,48.24,K4_20250608_164337,1749375817.9706073,92
0.19932154372850164,88.7096111477631,89.99788311689099,-8.595150926510541,35.59,48.32,K4_20250608_164337,1749375817.9706073,93
-0.7891635667942865,85.14601017610403,86.41542801931882,-9.445967827583672,35.61,48.37,K4_20250608_164337,1749375817.9706073,94
-2.1085756019738255,82.76886008664042,83.9995274950943,-10.047069263791627,35.61,48.47,K4_20250608_164337,1749375817.9706073,95
-1.3117377125590792,83.90617100462168,85.13244227813266,-9.556913224443178,35.59,48.48,K4_20250608_164337,1749375817.9706073,96
-1.2797965090410344,84.14388601356768,85.37403233055466,-8.496803080822247,35.59,48.47,K4_20250608_164337,1749375817.9706073,97
-1.3436789160768967,83.66845599567478,84.89085222570975,-8.617023368063883,35.59,48.49,K4_20250608_164337,1749375817.9706073,98
0.09029084516350849,86.75450278690641,87.94873152967739,-7.937262007470281,35.55,48.56,K4_20250608_164337,1749375817.9706073,99
-0.26106239353407545,84.1396376884959,85.29124095303087,-8.59847358729894,35.55,48.67,K4_20250608_164337,1749375817.9706073,100
0.0,0.0,0.0,0.0,35.53,50.98,K5_20250608_165401,1749376441.9701762,1
-0.031941203517817485,-0.2377150089469069,-0.24159005242290732,-0.06011014362093192,35.53,50.99,K5_20250608_165401,1749376441.9701762,2
0.06388240703586234,0.4754300178929043,1.4831801048439957,0.1202202872414091,35.53,50.96,K5_20250608_165401,1749376441.9701762,3
-0.35050713943064693,-0.7120829455698185,0.2959276871133625,-0.15491280424294018,35.54,50.96,K5_20250608_165401,1749376441.9701762,4
1.0638824070358623,0.4754300178929043,1.4831801048439957,1.120220287241409,35.53,50.96,K5_20250608_165401,1749376441.9701762,5
0.26704451762111603,-1.6618809000874535,-0.6497346781934539,0.6300642478929603,35.55,50.95,K5_20250608_165401,1749376441.9701762,6
0.7453164711232603,0.0010620812690831372,1.020697844381175,1.0254176266194008,35.54,50.93,K5_20250608_165401,1749376441.9701762,7
0.36286812817502323,-0.9487358732476423,1.075035479073449,0.8103946787553014,35.55,50.92,K5_20250608_165401,1749376441.9701762,8
0.7772576746413051,0.23877709021599003,2.2622878968031728,1.0855277702401054,35.54,50.92,K5_20250608_165401,1749376441.9701762,9
0.4906329422469753,1.0021241625381663,2.0413956887632594,2.0508352532385743,35.55,50.88,K5_20250608_165401,1749376441.9701762,10
-0.3700873542043155,-1.6106167733369148,-0.5746991991209143,1.4404589266482617,35.57,50.89,K5_20250608_165401,1749376441.9701762,11
-0.8164181041886422,-3.0358447457465445,-2.0035416692744548,1.1052156915429805,35.58,50.9,K5_20250608_165401,1749376441.9701762,12
-0.7844769006705974,-2.798129736800547,-1.7619516168515474,1.165325835163685,35.58,50.89,K5_20250608_165401,1749376441.9701762,13
-0.30620494716845315,-1.1351867554440105,-0.09151909427600913,1.5606792138898982,35.57,50.87,K5_20250608_165401,1749376441.9701762,14
-0.8164181041886422,-3.0358447457465445,-2.0035416692744548,1.1052156915429805,35.58,50.9,K5_20250608_165401,1749376441.9701762,15
-0.7525356971527799,-2.56041472785364,-1.5203615644295496,1.2254359787843896,35.58,50.88,K5_20250608_165401,1749376441.9701762,16
-0.6247708830808278,-1.6095546920687411,0.4459986452602607,1.4658765532676625,35.58,50.84,K5_20250608_165401,1749376441.9701762,17
-1.0391604295475645,-2.797067655533283,-0.741253772471282,1.1907434617826311,35.59,50.84,K5_20250608_165401,1749376441.9701762,18
-0.6886532901166902,-2.0849847099616454,-0.03718145958464447,1.345656266026026,35.58,50.86,K5_20250608_165401,1749376441.9701762,19
-1.8359983189623108,-3.9343785735136407,-2.8741685555087315,0.7005874224341824,35.61,50.83,K5_20250608_165401,1749376441.9701762,20
-1.8679395224803557,-4.172093582460548,-3.115758607931639,0.6404772788132505,35.61,50.84,K5_20250608_165401,1749376441.9701762,21
-1.7401747084084036,-3.221233546674739,-2.1493983982418285,0.8809178532965234,35.61,50.8,K5_20250608_165401,1749376441.9701762,22
-2.5033791957714584,-1.3152651500304273,-0.13388660133750818,1.4634695087397631,35.65,50.52,K5_20250608_165401,1749376441.9701762,23
2.552307551742615,25.971758833322383,28.59463179254817,9.591158972993526,35.64,49.38,K5_20250608_165401,1749376441.9701762,24
8.0977811422365,52.35812482637266,55.411127611435404,45.2633849149006,35.64,48.27,K5_20250608_165401,1749376441.9701762,25
14.633497208899598,69.4767917143181,72.8677049189937,91.66756813545453,35.67,47.4,K5_20250608_165401,1749376441.9701762,26
20.31486610587467,85.63928816013686,89.2544327949563,126.70422264842932,35.65,46.82,K5_20250608_165401,1749376441.9701762,27
24.560573043075237,94.91017350904713,99.67644483942968,156.04851824963998,35.65,46.43,K5_20250608_165401,1749376441.9701762,28
26.211758102178692,99.00365486915416,104.87920905406463,177.9062029965678,35.68,46.15,K5_20250608_165401,1749376441.9701762,29
28.989861876086707,101.14521411220812,108.09491521462951,188.49802954239317,35.7,45.96,K5_20250608_165401,1749376441.9701762,30
30.680207364737726,109.03576312784935,117.03893320173484,197.16497082753813,35.67,45.82,K5_20250608_165401,1749376441.9701762,31
30.457465039379258,109.27454021806352,118.30122109853892,201.25049859777823,35.68,45.76,K5_20250608_165401,1749376441.9701762,32
31.88421557458969,109.80123436270787,117.85943668245636,207.18111356377494,35.7,45.68,K5_20250608_165401,1749376441.9701762,33
32.59759084219513,109.56458143503005,119.63854447441554,213.1464210467734,35.71,45.64,K5_20250608_165401,1749376441.9701762,34
33.075862795697276,112.22752441638659,122.30897699699108,218.54177442549963,35.7,45.62,K5_20250608_165401,1749376441.9701762,35
34.62953204571318,111.80229644397605,122.88013452683845,222.20653119039434,35.71,45.63,K5_20250608_165401,1749376441.9701762,36
34.53370843515927,111.08915141713715,122.15536436957154,225.026200759532,35.71,45.66,K5_20250608_165401,1749376441.9701762,37
36.43788482460536,111.37600639029733,123.43059421230373,228.84587032866966,35.71,45.69,K5_20250608_165401,1749376441.9701762,38
36.15126009221058,111.13935346261951,125.20970200426291,228.81117781166813,35.72,45.65,K5_20250608_165401,1749376441.9701762,39
36.661473249230994,114.04001145292204,128.12172457926044,229.26664133401505,35.71,45.62,K5_20250608_165401,1749376441.9701762,40
36.50261333090839,114.75421856103003,128.86719258090943,219.4723893914968,35.72,45.54,K5_20250608_165401,1749376441.9701762,41
37.23641491255444,118.31888161395727,132.4703455228646,215.3486239191891,35.71,45.44,K5_20250608_165401,1749376441.9701762,42
36.555826947733976,121.6960317034218,136.8862460470882,207.94972535539682,35.71,45.34,K5_20250608_165401,1749376441.9701762,43
35.715532965323746,122.8846067481536,138.09419630920002,202.25027607350103,35.71,45.29,K5_20250608_165401,1749376441.9701762,44
34.396967029411144,122.41023881152887,137.6317140487372,197.15547341287856,35.72,45.26,K5_20250608_165401,1749376441.9701762,45
32.727893954067895,122.22378792933341,138.46515947538774,194.90575794801316,35.74,45.21,K5_20250608_165401,1749376441.9701762,46
33.58861425051896,124.83652886520758,141.081254363271,195.51613427460325,35.72,45.2,K5_20250608_165401,1749376441.9701762,47
33.098827407539375,126.73718685551012,143.99327693826854,195.9715977969504,35.71,45.17,K5_20250608_165401,1749376441.9701762,48
33.5451581575237,128.16241482792066,145.42211940842208,195.30684103205567,35.7,45.16,K5_20250608_165401,1749376441.9701762,49
32.5451581575237,129.16241482792066,146.42211940842208,195.30684103205567,35.7,45.16,K5_20250608_165401,1749376441.9701762,50
32.57709936104152,130.40012983686665,146.66370946084498,195.3669511756766,35.7,45.15,K5_20250608_165401,1749376441.9701762,51
33.82026800044105,133.96266872725755,151.22546671403688,196.19235045013056,35.67,45.15,K5_20250608_165401,1749376441.9701762,52
33.62862077933323,133.53637867357975,149.77592639950217,195.83168958840588,35.67,45.21,K5_20250608_165401,1749376441.9701762,53
33.4050323547076,131.87237361095504,148.08479603254455,201.4109185830605,35.67,45.28,K5_20250608_165401,1749376441.9701762,54
35.149502726563924,129.97065353938342,148.15207561316583,206.93003743409417,35.67,45.36,K5_20250608_165401,1749376441.9701762,55
35.786634598389355,131.91938941263288,150.0770401340933,211.1196427553391,35.65,45.42,K5_20250608_165401,1749376441.9701762,56
36.137141737819775,132.6314723582036,151.78111244697902,211.27455555958204,35.64,45.44,K5_20250608_165401,1749376441.9701762,57
35.69081098783545,132.20624438579398,151.3522699768264,210.93931232447653,35.65,45.45,K5_20250608_165401,1749376441.9701762,58
35.977435720230005,132.4428973134718,151.5731621848663,210.9740048414783,35.64,45.49,K5_20250608_165401,1749376441.9701762,59
36.90203842371693,135.53106826723888,155.6724371775963,211.70460145531,35.62,45.46,K5_20250608_165401,1749376441.9701762,60
36.04131812726587,133.9183273313647,154.0563422897112,212.0942251287197,35.64,45.47,K5_20250608_165401,1749376441.9701762,61
37.22060435962953,137.0054362038627,157.13491943805911,213.79940411593225,35.61,45.49,K5_20250608_165401,1749376441.9701762,62
36.977435720230005,134.4428973134718,154.5731621848663,212.9740048414783,35.64,45.49,K5_20250608_165401,1749376441.9701762,63
37.6784499990913,136.86706320461417,156.98130681063867,214.28383044996463,35.62,45.53,K5_20250608_165401,1749376441.9701762,64
37.45486157446567,136.20305814198946,155.29017644368196,218.863059444619,35.62,45.6,K5_20250608_165401,1749376441.9701762,65
39.92077253922366,139.52681994216618,159.58964580006977,220.6029309488331,35.58,45.66,K5_20250608_165401,1749376441.9701762,66
39.346676975167156,137.15073193396893,159.19444312022642,223.0272471392443,35.59,45.71,K5_20250608_165401,1749376441.9701762,67
42.25891868990993,141.8997217065571,163.9227549467687,225.10236187856412,35.54,45.76,K5_20250608_165401,1749376441.9701762,68
41.94035275399733,142.42535376993328,164.46027268630587,225.00755921794166,35.55,45.73,K5_20250608_165401,1749376441.9701762,69
41.7167643293717,141.76134870730857,163.76914231934916,226.58678821259628,35.55,45.8,K5_20250608_165401,1749376441.9701762,70
42.06727146880212,142.4734316528793,164.47321463223398,227.74170101683944,35.54,45.82,K5_20250608_165401,1749376441.9701762,71
42.06727146880212,143.4734316528793,165.47321463223398,224.74170101683944,35.54,45.82,K5_20250608_165401,1749376441.9701762,72
42.54554342230449,145.13637463423402,168.1436471548095,224.13705439556543,35.53,45.8,K5_20250608_165401,1749376441.9701762,73
44.84107957926267,152.73794451417962,176.7710396104203,224.9334908583346,35.48,45.73,K5_20250608_165401,1749376441.9701762,74
43.07618289336574,150.83834860514435,174.87971487980303,214.50344496260686,35.5,45.71,K5_20250608_165401,1749376441.9701762,75
42.044241689847695,151.60063359619744,174.63812482738103,212.44333481898593,35.5,45.72,K5_20250608_165401,1749376441.9701762,76
43.28741032924722,156.16317248658925,179.19988208057293,213.2687340934399,35.47,45.72,K5_20250608_165401,1749376441.9701762,77
43.031880701103546,154.26145241501763,177.26716166119422,212.7878529444738,35.47,45.8,K5_20250608_165401,1749376441.9701762,78
42.84023347999573,152.83516236133983,176.8176213466595,219.42719208274912,35.47,45.86,K5_20250608_165401,1749376441.9701762,79
44.827872491251355,155.49598118016002,179.4466581804718,222.77171020823698,35.44,45.94,K5_20250608_165401,1749376441.9701762,80
44.89175489828722,155.971411198052,180.9298382853176,222.8919304954784,35.44,45.92,K5_20250608_165401,1749376441.9701762,81
44.7001076771794,155.5451211443742,179.48029797078289,222.5312696337537,35.44,45.98,K5_20250608_165401,1749376441.9701762,82
45.94327631657916,159.107660034766,184.0420552239757,223.3566689082079,35.41,45.98,K5_20250608_165401,1749376441.9701762,83
46.32572465952762,160.05745798928274,184.9877175892825,223.57169185607177,35.4,45.99,K5_20250608_165401,1749376441.9701762,84
46.77205540951172,162.48268596169328,187.41656005943605,221.90693509117727,35.39,45.98,K5_20250608_165401,1749376441.9701762,85
47.536952095409106,164.38228187072764,190.30788479005332,222.33698098690502,35.37,46.0,K5_20250608_165401,1749376441.9701762,86
47.98328284539343,166.80750984313727,191.73672726020504,220.67222422201053,35.36,45.99,K5_20250608_165401,1749376441.9701762,87
47.85636413058887,167.75943196019125,193.72378531427785,217.93808242311297,35.37,45.9,K5_20250608_165401,1749376441.9701762,88
48.16341517702381,171.79740086847505,197.76872267231283,215.88370198480834,35.34,45.88,K5_20250608_165401,1749376441.9701762,89
48.60974592700859,173.2226288408856,199.19756514246728,216.21894521991408,35.33,45.87,K5_20250608_165401,1749376441.9701762,90
48.57695862422361,171.0821316790998,198.0025568262845,215.65253630070765,35.32,46.01,K5_20250608_165401,1749376441.9701762,91
48.958560867905135,171.12914748077856,197.99480092783142,218.36126047298626,35.3,46.15,K5_20250608_165401,1749376441.9701762,92
50.4794428151356,168.56342234658223,195.3709501414951,232.45960831867455,35.3,46.3,K5_20250608_165401,1749376441.9701762,93
52.97729498341164,173.12489915570495,199.9120095503058,233.25958996650934,35.26,46.35,K5_20250608_165401,1749376441.9701762,94
51.702185140494294,169.32464525636715,197.108662244691,232.37408054843445,35.29,46.36,K5_20250608_165401,1749376441.9701762,95
53.42447183266313,176.45290928095528,204.29427028421924,233.10113197720034,35.26,46.21,K5_20250608_165401,1749376441.9701762,96
52.15827341430918,181.01757233388253,207.8974232261744,222.97736650489287,35.25,46.11,K5_20250608_165401,1749376441.9701762,97
50.33840574593978,186.00746335922122,212.9294186382831,213.1888442676909,35.23,46.0,K5_20250608_165401,1749376441.9701762,98
50.81667769944215,187.67040634057776,214.59985116085863,209.58419764641712,35.22,45.98,K5_20250608_165401,1749376441.9701762,99
50.964022728288,190.51980020412884,218.43683825678272,210.22926649000897,35.19,46.01,K5_20250608_165401,1749376441.9701762,100
0.0,0.0,0.0,0.0,35.22,50.5,K6_20250608_170423,1749377063.865692,1
-0.19080112184087739,0.47649209916107793,0.5038779492269896,0.14563791386080993,35.23,50.43,K6_20250608_170423,1749377063.865692,2
0.19164722110758703,1.4262900536787129,1.4495403145347154,0.36066086172468204,35.22,50.44,K6_20250608_170423,1749377063.865692,3
0.2235884246256319,1.6640050626247103,1.6911303669576228,0.4207710053453866,35.22,50.43,K6_20250608_170423,1749377063.865692,4
0.8091988781591226,0.47649209916107793,0.5038779492269896,1.14563791386081,35.23,50.43,K6_20250608_170423,1749377063.865692,5
1.3832944422154014,2.8525801073574257,2.899080629069431,1.721321723449364,35.22,50.38,K6_20250608_170423,1749377063.865692,6
0.17206700633391847,-0.47224377408838336,-0.4210865717013803,0.9560325926161113,35.25,50.37,K6_20250608_170423,1749377063.865692,7
0.8091988781591226,0.47649209916107793,-0.4961220507730104,1.14563791386081,35.23,50.43,K6_20250608_170423,1749377063.865692,8
-0.2423225401325908,-1.6597567375520157,-1.6083389894320135,1.6808995011315346,35.26,50.37,K6_20250608_170423,1749377063.865692,9
-1.7844769006708248,-3.798129736802366,-3.7619516168515474,1.1653258351634577,35.27,50.41,K6_20250608_170423,1749377063.865692,10
0.1401258028158736,-0.7099587830343808,-0.6626766241233781,1.8959224489954067,35.25,50.38,K6_20250608_170423,1749377063.865692,11
-0.2423225401325908,-1.6597567375520157,-1.6083389894320135,1.6808995011315346,35.26,50.37,K6_20250608_170423,1749377063.865692,12
-0.27426374365063566,-1.8974717464989226,-1.8499290418540113,1.6207893575106027,35.26,50.38,K6_20250608_170423,1749377063.865692,13
-1.3577263654599392,-5.271435592158014,-4.203736032934103,1.0959408011603955,35.29,50.33,K6_20250608_170423,1749377063.865692,14
-1.4535499760138464,-5.984580618996915,-4.928506190201006,0.9156103702980545,35.29,50.36,K6_20250608_170423,1749377063.865692,15
-1.3577263654599392,-5.271435592158014,-5.203736032934103,1.0959408011603955,35.29,50.33,K6_20250608_170423,1749377063.865692,16
-0.5928296795632377,-3.3718396831236532,-3.3124113023177415,2.5259866968881397,35.27,50.35,K6_20250608_170423,1749377063.865692,17
-0.5608884760451929,-2.134124674177656,-3.070821249894834,2.5860968405088443,35.27,50.34,K6_20250608_170423,1749377063.865692,18
-1.7082335048905861,-4.983518537728742,-5.907808345819831,1.941027996917228,35.3,50.31,K6_20250608_170423,1749377063.865692,19
-2.5370125978236047,-7.358544464656006,-8.282313181281097,1.3907618139478473,35.32,50.31,K6_20250608_170423,1749377063.865692,20
-1.1660791443523522,-2.8451455384802102,-3.7541957183993873,3.4566016628850775,35.29,50.27,K6_20250608_170423,1749377063.865692,21
-2.8555785337362067,-7.832912401280737,-8.744795441743918,2.2959591533256116,35.33,50.28,K6_20250608_170423,1749377063.865692,22
-0.5434508916987397,5.621749424039081,7.020651498855841,6.279371368534157,35.36,49.48,K6_20250608_170423,1749377063.865692,23
5.341014948748352,36.283799334320065,38.123674728203696,28.957327015757528,35.33,48.34,K6_20250608_170423,1749377063.865692,24
12.64162770130838,55.30206213129986,57.47157676637744,100.7915561320392,35.34,47.49,K6_20250608_170423,1749377063.865692,25
19.590041115904114,69.80267767703026,72.20856996414477,159.45827489290696,35.34,46.88,K6_20250608_170423,1749377063.865692,26
23.400932192597793,74.08473408187092,77.61928444089335,194.61651035793875,35.37,46.55,K6_20250608_170423,1749377063.865692,27
30.518028216459243,81.50197724215468,86.12151801191612,228.21406660908065,35.36,46.33,K6_20250608_170423,1749377063.865692,28
34.55081551924445,83.64247440394047,89.31652632809983,248.78047552828707,35.37,46.19,K6_20250608_170423,1749377063.865692,29
36.1692132755627,85.59545860226353,91.32428222655108,256.07175135600846,35.39,46.05,K6_20250608_170423,1749377063.865692,30
39.54099282830134,92.01163968127912,98.80581795319449,257.6438899805312,35.37,45.88,K6_20250608_170423,1749377063.865692,31
40.330611491686795,90.58959795267401,98.43906901618539,257.3848996252834,35.41,45.74,K6_20250608_170423,1749377063.865692,32
40.650023526866335,93.96674804213762,101.85496954040991,254.98600106149138,35.41,45.64,K6_20250608_170423,1749377063.865692,33
41.33230369022067,96.39516225835268,104.34590554370698,254.3974971764544,35.43,45.48,K6_20250608_170423,1749377063.865692,34
43.831001957763874,101.8594212203152,109.84038321627759,254.70377759987468,35.4,45.4,K6_20250608_170423,1749377063.865692,35
43.73602444647713,103.04905834631609,112.06903132277239,252.02974594459806,35.41,45.3,K6_20250608_170423,1749377063.865692,36
44.98003918514337,108.51437938954587,117.58420683972327,252.36144399463728,35.39,45.17,K6_20250608_170423,1749377063.865692,37
45.31096610980035,107.32792850735132,117.41765226637563,252.1117285297721,35.41,45.12,K6_20250608_170423,1749377063.865692,38
45.247083702764485,107.8524984894575,117.93447216153072,251.99150824253047,35.41,45.14,K6_20250608_170423,1749377063.865692,39
46.21514249924644,107.6147834805115,118.69288210910781,252.93139809890977,35.41,45.15,K6_20250608_170423,1749377063.865692,40
45.19471618520561,104.81346749990553,115.86883695911183,255.02047105421548,35.43,45.21,K6_20250608_170423,1749377063.865692,41
46.03501016761584,103.62489245517281,114.66088669700002,255.7199203361115,35.43,45.26,K6_20250608_170423,1749377063.865692,42
46.416612411297365,102.67190825685157,115.65313079854786,261.4286445083901,35.41,45.4,K6_20250608_170423,1749377063.865692,43
48.68196473038438,98.20446305108453,110.09655959283191,275.0461112051121,35.41,45.63,K6_20250608_170423,1749377063.865692,44
50.437949991717915,93.73914200785293,106.58138407587921,285.7144131550724,35.43,45.76,K6_20250608_170423,1749377063.865692,45
52.13896427057898,95.16330789899621,108.98952870165158,286.02423876355897,35.41,45.8,K6_20250608_170423,1749377063.865692,46
52.94731704947117,93.7370178453175,108.53998838711686,285.66357790183406,35.41,45.86,K6_20250608_170423,1749377063.865692,47
52.15047916005619,93.59970692733532,107.4070736040776,285.1734218624854,35.43,45.85,K6_20250608_170423,1749377063.865692,48
52.85149343891726,95.02387281847768,109.81521822984996,281.4832474709717,35.41,45.89,K6_20250608_170423,1749377063.865692,49
53.74415493888614,97.87432876329876,112.67290317015522,282.1537339411825,35.39,45.87,K6_20250608_170423,1749377063.865692,50
53.42558900297354,97.39996082667403,113.21042090969149,278.0589312805603,35.4,45.84,K6_20250608_170423,1749377063.865692,51
53.90386095647591,100.06290380802966,114.88085343226703,275.4542846592865,35.39,45.82,K6_20250608_170423,1749377063.865692,52
55.30673561346521,104.81401774315327,120.65056094757074,274.5802346518444,35.36,45.77,K6_20250608_170423,1749377063.865692,53
52.96858946277894,102.44111597876235,118.31745180087273,273.0808037221136,35.4,45.67,K6_20250608_170423,1749377063.865692,54
54.46728773032214,108.90537494072487,123.81192947344425,268.3870841455341,35.37,45.59,K6_20250608_170423,1749377063.865692,55
54.07332449789624,111.51917795786721,127.44872220570869,262.02287809874315,35.36,45.53,K6_20250608_170423,1749377063.865692,56
51.94640578309168,112.4711000749212,128.43578025978059,256.2887362998458,35.37,45.44,K6_20250608_170423,1749377063.865692,57
52.55244255066577,116.08490309206263,132.07257299204502,254.92453025305508,35.36,45.38,K6_20250608_170423,1749377063.865692,58
53.57202276543944,117.98343691982973,133.94319987828112,255.32915852216365,35.33,45.45,K6_20250608_170423,1749377063.865692,59
52.838221183793166,114.41877386690066,130.34004693632596,254.45292399447112,35.34,45.55,K6_20250608_170423,1749377063.865692,60
53.64657396268535,112.99248381322286,129.89050662179034,260.09226313274644,35.34,45.61,K6_20250608_170423,1749377063.865692,61
53.45492674157754,111.56619375954415,129.44096630725653,266.73160227102176,35.34,45.67,K6_20250608_170423,1749377063.865692,62
54.77264657822343,111.13777954333,128.95003030396038,269.3201061560585,35.32,45.83,K6_20250608_170423,1749377063.865692,63
57.28201363597691,112.13565538079456,128.90863461519712,279.26927090282015,35.3,45.93,K6_20250608_170423,1749377063.865692,64
57.89871919376128,109.28307527343713,127.0095539861286,284.5479491793708,35.3,46.05,K6_20250608_170423,1749377063.865692,65
57.80289558320737,109.56993024659823,127.28478382886078,284.36761874850845,35.3,46.08,K6_20250608_170423,1749377063.865692,66
59.02563790856607,109.33115315638315,128.0224959320567,284.28209097826857,35.29,46.14,K6_20250608_170423,1749377063.865692,67
59.02563790856607,110.33115315638315,129.0224959320567,284.28209097826857,35.29,46.14,K6_20250608_170423,1749377063.865692,68
59.98218181557081,113.65703911909532,132.36336097720778,284.072797735721,35.27,46.1,K6_20250608_170423,1749377063.865692,69
60.747924600734905,118.45941718097038,136.20810397158493,278.00914240703423,35.26,45.99,K6_20250608_170423,1749377063.865692,70
60.00345422887858,120.361137252542,139.14082439096455,271.49002355600055,35.26,45.91,K6_20250608_170423,1749377063.865692,71
58.513667385899,122.26179524284453,141.0528469659621,265.94548707834747,35.25,45.88,K6_20250608_170423,1749377063.865692,72
59.24662286827811,123.9236761429338,142.70258164415736,266.31542283045474,35.23,45.91,K6_20250608_170423,1749377063.865692,73
59.469365193636804,124.68489905271872,143.44029374735328,266.22989506021463,35.22,45.97,K6_20250608_170423,1749377063.865692,74
59.91484984435397,124.20734487228856,142.91571795374512,268.0588395197344,35.2,46.09,K6_20250608_170423,1749377063.865692,75
60.78708503028224,123.25648483650275,141.9493577440553,273.8183989452514,35.2,46.13,K6_20250608_170423,1749377063.865692,76
60.05412954790336,122.5946039364153,141.29962306586185,273.44846319314456,35.22,46.1,K6_20250608_170423,1749377063.865692,77
61.52088661192852,127.8211478894309,146.55251068601137,274.69463347294413,35.19,46.03,K6_20250608_170423,1749377063.865692,78
62.70101894355889,132.8110389147687,152.58450609811734,272.90611123574195,35.17,45.92,K6_20250608_170423,1749377063.865692,79
61.76490135059498,133.2864689326616,153.06768620296316,271.0263315229836,35.17,45.9,K6_20250608_170423,1749377063.865692,80
62.433974425938004,135.47291981485796,154.23424077631262,269.276046987849,35.15,45.95,K6_20250608_170423,1749377063.865692,81
62.37009201890214,134.99748979696506,154.7510606714677,268.1558267006076,35.15,45.97,K6_20250608_170423,1749377063.865692,82
62.03916509424516,136.18394067916051,155.91761524481717,268.405542165473,35.13,46.02,K6_20250608_170423,1749377063.865692,83
62.28233373364469,139.7464795695514,159.47937249800907,269.23094143992694,35.1,46.02,K6_20250608_170423,1749377063.865692,84
62.186510123090784,140.0333345427116,158.75460234074126,269.0506110090646,35.1,46.05,K6_20250608_170423,1749377063.865692,85
62.505076059003386,140.50770247933633,160.217084601205,267.14541366968706,35.09,46.08,K6_20250608_170423,1749377063.865692,86
64.19457544838747,145.49546934213868,165.20768432455043,266.30605617924675,35.05,46.07,K6_20250608_170423,1749377063.865692,87
63.971833123028546,145.73424643235285,165.4699722213536,264.39158394948663,35.06,46.01,K6_20250608_170423,1749377063.865692,88
64.06765673358245,146.44739145919266,167.1947423786214,259.57191438034897,35.06,45.98,K6_20250608_170423,1749377063.865692,89
65.78909732648435,151.67287333093918,172.42693215438885,260.79266703352914,35.02,45.96,K6_20250608_170423,1749377063.865692,90
64.32234026245919,147.44632937792358,167.17404453424024,259.5464967537298,35.05,46.03,K6_20250608_170423,1749377063.865692,91
65.02335454132026,148.87049526906594,169.5821891600117,266.8563223622159,35.03,46.07,K6_20250608_170423,1749377063.865692,92
66.04293475609393,151.76902909683304,171.45281604624688,269.2609506313247,35.0,46.14,K6_20250608_170423,1749377063.865692,93
67.07487595961197,152.00674410577903,171.6944060986698,269.3210607749454,35.0,46.13,K6_20250608_170423,1749377063.865692,94
67.10681716313002,152.24445911472503,171.9359961510927,269.3811709185661,35.0,46.12,K6_20250608_170423,1749377063.865692,95
66.7767363377402,155.33369214976028,176.05596898820204,269.137185159017,34.99,46.04,K6_20250608_170423,1749377063.865692,96
67.1796109947295,161.08480608488298,180.82567650350575,261.26313515157517,34.96,45.99,K6_20250608_170423,1749377063.865692,97
67.1796109947295,161.08480608488298,180.82567650350575,260.26313515157517,34.96,45.99,K6_20250608_170423,1749377063.865692,98
68.83716918059531,165.83485793873842,185.57468617442828,261.36366751751393,34.92,45.99,K6_20250608_170423,1749377063.865692,99
67.93299279114922,166.54800296557733,187.29945633169518,258.5439979483763,34.92,45.96,K6_20250608_170423,1749377063.865692,100
0.0,0.0,0.0,0.0,35.13,50.19,K7_20250608_171503,1749377703.9298813,1
1.2235884246256319,1.6640050626247103,2.6911303669567133,1.4207710053453866,35.13,50.12,K7_20250608_171503,1749377703.9298813,2
0.33092692465697837,-1.1864508821954587,-0.16655457334945822,0.7502845351345968,35.15,50.14,K7_20250608_171503,1749377703.9298813,3
0.33092692465697837,-1.1864508821954587,-0.16655457334945822,0.7502845351345968,35.15,50.14,K7_20250608_171503,1749377703.9298813,4
0.012360988744603674,-1.6608188188192798,-0.6290368338131884,0.6554818745123612,35.16,50.11,K7_20250608_171503,1749377703.9298813,5
0.012360988744603674,-1.6608188188192798,-0.6290368338131884,0.6554818745123612,35.16,50.11,K7_20250608_171503,1749377703.9298813,6
-0.14734502884539324,-2.8493938635519953,-1.8369870959249965,0.3549311564083837,35.16,50.16,K7_20250608_171503,1749377703.9298813,7
0.14012580281632836,-0.7099587830343808,0.33732337587662187,1.8959224489954067,35.16,50.07,K7_20250608_171503,1749377703.9298813,8
-0.4659109647582227,-3.3237618001776355,-2.2994693563896362,2.2601284957859207,35.17,50.13,K7_20250608_171503,1749377703.9298813,9
-0.2742637436504083,-1.8974717464989226,0.1500709581450792,2.6207893575106027,35.17,50.07,K7_20250608_171503,1749377703.9298813,10
0.04430219226242116,-1.4231038098732824,0.6125532186097189,2.7155920181330657,35.16,50.1,K7_20250608_171503,1749377703.9298813,11
-0.21038133661454594,-0.4220417286060183,0.6332510629899843,2.741009644752239,35.17,50.05,K7_20250608_171503,1749377703.9298813,12
-0.19886644713710666,-3.985642700265089,-2.9492040345821806,1.890192743678881,35.19,50.1,K7_20250608_171503,1749377703.9298813,13
-0.6132559936038433,-5.173155663729631,-4.136456452313723,3.615059652194077,35.2,50.1,K7_20250608_171503,1749377703.9298813,14
0.0247219774887526,-2.3216376376403787,-1.2580736676254674,4.310963749024495,35.19,50.03,K7_20250608_171503,1749377703.9298813,15
-0.549373586567981,-5.6977256458367265,-3.653276347468818,3.7352799394357135,35.2,50.08,K7_20250608_171503,1749377703.9298813,16
-0.48549117953189125,-5.222295627944732,-2.170096242623913,3.85550022667735,35.2,50.06,K7_20250608_171503,1749377703.9298813,17
-1.3781526795007721,-8.072751572763082,-5.027781182929175,3.185013756466333,35.22,50.08,K7_20250608_171503,1749377703.9298813,18
-1.25038786542882,-7.121891536978183,-4.061420973239365,3.4254543309496057,35.22,50.04,K7_20250608_171503,1749377703.9298813,19
-1.282329068946865,-7.35960654592418,-4.303011025662272,3.365344187328674,35.22,50.05,K7_20250608_171503,1749377703.9298813,20
-1.6967186154133742,-8.547119509387812,-5.490263443392905,4.0902110958443245,35.23,50.05,K7_20250608_171503,1749377703.9298813,21
-1.0906818478390505,-4.933316492245467,-1.8534707111275566,5.726005049053356,35.22,49.99,K7_20250608_171503,1749377703.9298813,22
-2.7482400337050876,-10.683368346100906,-6.602480382050999,4.6254726831145945,35.26,49.99,K7_20250608_171503,1749377703.9298813,23
-2.266583683134286,-1.4092967533879346,2.881625195566812,7.0460211641827755,35.29,49.45,K7_20250608_171503,1749377703.9298813,24
5.776742075635411,29.538546048785975,34.23918042326568,24.51822875392463,35.25,48.39,K7_20250608_171503,1749377703.9298813,25
20.535200467657432,46.41843584651633,52.43346983401989,123.83688420423846,35.27,47.58,K7_20250608_171503,1749377703.9298813,26
33.20850403933582,57.118797492909835,66.36711572617241,199.61809354703155,35.3,46.98,K7_20250608_171503,1749377703.9298813,27
44.729320819453505,72.18993674115609,83.5924750762606,245.84789856631687,35.27,46.58,K7_20250608_171503,1749377703.9298813,28
51.66797671021891,79.42285318178347,90.96954976269808,268.24657460583194,35.3,46.21,K7_20250608_171503,1749377703.9298813,29
56.17903596650626,84.22629332492488,98.83499060145732,278.20833690376435,35.3,46.05,K7_20250608_171503,1749377703.9298813,30
59.306800780578214,87.17715336071069,101.80135081114713,285.4487774782476,35.3,46.01,K7_20250608_171503,1749377703.9298813,31
63.935867327106735,83.66375443453308,102.27323334826542,300.3829376293104,35.33,46.05,K7_20250608_171503,1749377703.9298813,32
69.3183156700552,85.61355238905071,107.21889571357315,313.59796057717404,35.32,46.06,K7_20250608_171503,1749377703.9298813,33
72.55341898415804,85.71395648001544,108.32757098295588,317.1679146814463,35.34,46.04,K7_20250608_171503,1749377703.9298813,34
74.44608048412715,90.56441242483652,114.18525592326296,317.8384011516573,35.32,46.02,K7_20250608_171503,1749377703.9298813,35
75.48953657712195,88.23852646212254,114.84439087811097,317.04769439420465,35.34,46.06,K7_20250608_171503,1749377703.9298813,36
76.55341898415804,90.71395648001544,119.32757098295588,315.1679146814463,35.34,46.04,K7_20250608_171503,1749377703.9298813,37
76.96780853062478,93.90146944347998,123.51482340068742,315.4430477729311,35.33,46.04,K7_20250608_171503,1749377703.9298813,38
78.96780853062478,94.90146944347998,125.51482340068742,315.4430477729311,35.33,46.04,K7_20250608_171503,1749377703.9298813,39
78.64924259471195,95.42710150685434,128.05234114022278,314.34824511230863,35.34,46.01,K7_20250608_171503,1749377703.9298813,40
79.96865462989149,99.80425159631886,133.4682416644473,314.9493465485166,35.34,45.91,K7_20250608_171503,1749377703.9298813,41
79.36346396158433,100.09323073201631,135.78486719594275,312.8198513708926,35.36,45.84,K7_20250608_171503,1749377703.9298813,42
80.09811164249754,107.56067593778334,143.3414384016578,309.2023846741706,35.36,45.61,K7_20250608_171503,1749377703.9298813,43
79.19393525305145,108.27382096462225,147.0662085589256,303.38271510503296,35.36,45.58,K7_20250608_171503,1749377703.9298813,44
79.43794999171769,115.73914200785293,154.5813840758783,299.7144131550724,35.34,45.45,K7_20250608_171503,1749377703.9298813,45
79.66069231707661,116.50036491763876,156.31909617907513,299.62888538483253,35.33,45.51,K7_20250608_171503,1749377703.9298813,46
78.48140608471317,113.41325604513986,155.24051903072723,298.92370639762,35.36,45.49,K7_20250608_171503,1749377703.9298813,47
76.79106059606215,107.52270702949954,150.2965010436219,300.2567651124748,35.39,45.63,K7_20250608_171503,1749377703.9298813,48
80.41583147914298,112.13226172156828,155.85050239836073,307.79088855920736,35.34,45.77,K7_20250608_171503,1749377703.9298813,49
84.87283101933758,110.09110656947905,154.7434715071795,317.769016117654,35.34,45.94,K7_20250608_171503,1749377703.9298813,50
85.64924259471195,109.42710150685434,157.05234114022278,323.34824511230863,35.34,46.01,K7_20250608_171503,1749377703.9298813,51
85.52147778064,111.47624147106853,158.08598093053297,323.1078045378256,35.34,46.05,K7_20250608_171503,1749377703.9298813,52
85.42565417008609,110.76309644422963,160.36121077326607,322.92747410696325,35.34,46.08,K7_20250608_171503,1749377703.9298813,53
84.64924259471195,113.42710150685434,165.05234114022278,319.34824511230863,35.34,46.01,K7_20250608_171503,1749377703.9298813,54
86.30680078057821,120.17715336071069,171.80135081114713,315.4487774782476,35.3,46.01,K7_20250608_171503,1749377703.9298813,55
85.06363214117869,117.61461447031888,170.23959355795523,314.62337820379344,35.33,46.01,K7_20250608_171503,1749377703.9298813,56
85.96780853062478,118.90146944347998,171.51482340068742,314.4430477729311,35.33,46.04,K7_20250608_171503,1749377703.9298813,57
87.72119032704472,125.36466632417341,178.98860322887776,316.7239105697322,35.29,46.01,K7_20250608_171503,1749377703.9298813,58
87.72119032704472,125.36466632417341,181.98860322887776,316.7239105697322,35.29,46.01,K7_20250608_171503,1749377703.9298813,59
87.72119032704472,127.36466632417341,184.98860322887776,316.7239105697322,35.29,46.01,K7_20250608_171503,1749377703.9298813,60
87.62621281575775,130.5543034501752,188.21725133537075,316.04987891445535,35.3,45.91,K7_20250608_171503,1749377703.9298813,61
88.31655830440855,137.44485246581462,195.16126932247607,310.7168201996003,35.27,45.77,K7_20250608_171503,1749377703.9298813,62
87.39195560092185,135.35668151204754,195.0619943297479,309.9862235857688,35.29,45.8,K7_20250608_171503,1749377703.9298813,63
87.67773423404924,134.6905522868865,195.32946827402793,309.5146173271846,35.27,45.97,K7_20250608_171503,1749377703.9298813,64
89.80465294885403,135.7386301698334,196.34241021995695,321.2487591260824,35.26,46.06,K7_20250608_171503,1749377703.9298813,65
91.77186564606905,134.59813300804763,197.14740190377415,325.6823502068762,35.25,46.2,K7_20250608_171503,1749377703.9298813,66
92.37705631437643,137.3091538723511,200.8307763722787,325.8118453845002,35.23,46.27,K7_20250608_171503,1749377703.9298813,67
91.54827722144341,135.93412794542292,200.45627153681744,325.2615792015306,35.25,46.27,K7_20250608_171503,1749377703.9298813,68
92.47287992493034,140.02229889919,205.55554652954652,323.99217581536254,35.23,46.24,K7_20250608_171503,1749377703.9298813,69
92.87575458191941,145.77341283431178,212.32525404484932,320.11812580792025,35.2,46.19,K7_20250608_171503,1749377703.9298813,70
93.29014412838615,148.96092579777633,215.51250646258086,318.39325889940505,35.19,46.19,K7_20250608_171503,1749377703.9298813,71
92.32208533190419,150.19864080672323,216.75409651500377,317.453369043026,35.19,46.18,K7_20250608_171503,1749377703.9298813,72
92.64149736708373,153.57579089618685,220.16999703922738,318.0544704792337,35.19,46.08,K7_20250608_171503,1749377703.9298813,73
93.37445284946261,155.2376717962752,224.81973171742084,314.42440623134075,35.17,46.11,K7_20250608_171503,1749377703.9298813,74
93.01243082055521,159.08918982236446,228.6981145021091,314.12031032817094,35.16,46.04,K7_20250608_171503,1749377703.9298813,75
93.42766646628866,163.17948493866788,232.83878518360052,310.90174219524124,35.16,45.91,K7_20250608_171503,1749377703.9298813,76
90.25729165848838,168.45729301843403,239.16670828282258,303.9583071537961,35.15,45.78,K7_20250608_171503,1749377703.9298813,77
90.69210751899573,174.44612196250364,244.1780058505483,301.14436728997475,35.12,45.72,K7_20250608_171503,1749377703.9298813,78
90.66016631547768,175.20840695355764,245.9364157981263,301.08425714635405,35.12,45.73,K7_20250608_171503,1749377703.9298813,79
90.3088130767801,172.59354185514712,244.27892522147977,300.4230455665254,35.12,45.84,K7_20250608_171503,1749377703.9298813,80
92.59459170990772,172.92741262998516,244.5463991657598,307.9514393079414,35.1,46.01,K7_20250608_171503,1749377703.9298813,81
95.33821598249688,171.12291040557466,241.6602604826203,319.9642593833896,35.09,46.22,K7_20250608_171503,1749377703.9298813,82
97.2211199586352,165.70566724529,239.1580269115966,327.3667031322477,35.1,46.44,K7_20250608_171503,1749377703.9298813,83
99.474957388245,163.80182301118384,240.18391080345464,332.83498673004306,35.08,46.62,K7_20250608_171503,1749377703.9298813,84
102.27094917839304,166.0363517763244,242.3634073227331,337.81884399380624,35.05,46.76,K7_20250608_171503,1749377703.9298813,85
102.37744157915677,163.28311367866536,239.55230411866523,337.64205874800973,35.06,46.91,K7_20250608_171503,1749377703.9298813,86
103.49284540448457,166.89479253327045,244.14770116216823,338.22701744798064,35.03,46.95,K7_20250608_171503,1749377703.9298813,87
103.6206102185563,168.84565256905626,248.11406137185713,338.4674580224639,35.03,46.91,K7_20250608_171503,1749377703.9298813,88
103.32247059668452,173.1726006130366,251.47562426138938,332.2835824065355,35.02,46.82,K7_20250608_171503,1749377703.9298813,89
104.66146284663796,178.4482845302682,256.76215167185,329.28931211185204,34.99,46.79,K7_20250608_171503,1749377703.9298813,90
104.1193084860995,177.30991153101877,256.60853904442956,328.7737384458842,35.0,46.83,K7_20250608_171503,1749377703.9298813,91
104.56563923608405,180.7351395034284,261.0373815145831,328.1089816809897,34.99,46.82,K7_20250608_171503,1749377703.9298813,92
104.0758523931047,182.63579749373275,264.94940408958064,327.56444520333685,34.98,46.79,K7_20250608_171503,1749377703.9298813,93
105.9365726895553,186.2485384296051,269.5654989774639,329.17482152992693,34.96,46.78,K7_20250608_171503,1749377703.9298813,94
106.31902103250377,188.19833638412274,271.51116134277254,329.3898444777906,34.95,46.79,K7_20250608_171503,1749377703.9298813,95
105.68104306141163,187.3468183580344,269.6327785580852,328.6939403809606,34.96,46.86,K7_20250608_171503,1749377703.9298813,96
107.0191892120979,190.71972012242531,273.9658877047832,330.1933713106914,34.92,46.96,K7_20250608_171503,1749377703.9298813,97
108.85863709524142,188.62836292485463,272.8045191789115,339.3865218170022,34.91,47.14,K7_20250608_171503,1749377703.9298813,98
113.27133444317337,188.01031158263868,273.08493506911964,347.64905735731577,34.88,47.4,K7_20250608_171503,1749377703.9298813,99
112.96343729747105,182.069560521516,270.08657944732295,352.1971390200349,34.9,47.55,K7_20250608_171503,1749377703.9298813,100
0.0,0.0,0.0,0.0,34.99,50.02,K8_20250608_172556,1749378356.8309388,1
-0.031941203517817485,-0.2377150089459974,-1.2415900524219978,-0.06011014362070455,34.99,50.03,K8_20250608_172556,1749378356.8309388,2
-0.2866247323945572,-1.2366529276778238,-2.220892208040823,-0.03469251700153109,35.0,49.98,K8_20250608_172556,1749378356.8309388,3
0.15970601758976954,0.18857504473271547,-0.7920497378872824,-0.6994492818960225,34.99,49.97,K8_20250608_172556,1749378356.8309388,4
-0.22274232535869487,-0.7612229097849195,-1.7377121031959177,-0.9144722297598946,35.0,49.96,K8_20250608_172556,1749378356.8309388,5
-0.9556978077378062,-3.423103809874192,-4.387446781390281,-1.2844079818671617,35.02,49.93,K8_20250608_172556,1749378356.8309388,6
-1.3700873542043155,-4.610616773336915,-5.574699199120914,-1.559541073351511,35.03,49.93,K8_20250608_172556,1749378356.8309388,7
-0.9237566042197614,-3.185388800927285,-4.145856728968283,-1.2242978382462297,35.02,49.92,K8_20250608_172556,1749378356.8309388,8
-0.9237566042197614,-4.185388800927285,-5.145856728968283,-1.2242978382462297,35.02,49.92,K8_20250608_172556,1749378356.8309388,9
-2.039160429547337,-6.797067655533283,-8.741253772469463,-1.8092565382171415,35.05,49.88,K8_20250608_172556,1749378356.8309388,10
-1.3062049471684531,-6.13518675544492,-7.091519094276919,-1.4393207861101018,35.03,49.91,K8_20250608_172556,1749378356.8309388,11
-2.071101633065382,-8.03478266447928,-9.98284382489237,-1.869366681837846,35.05,49.89,K8_20250608_172556,1749378356.8309388,12
-3.2184466619110026,-10.884176528031276,-12.819830920816457,-2.5144355254294624,35.08,49.86,K8_20250608_172556,1749378356.8309388,13
-2.3257851619421217,-8.033720583211107,-10.962145980512105,-1.8439490552189,35.06,49.84,K8_20250608_172556,1749378356.8309388,14
-3.0072192260292923,-8.559352646586376,-10.499663720047465,-1.749146394596437,35.05,49.87,K8_20250608_172556,1749378356.8309388,15
-4.026799440803188,-10.457886474352563,-13.370290606281742,-2.1537746637047803,35.08,49.8,K8_20250608_172556,1749378356.8309388,16
-4.696718615413374,-13.547119509387812,-16.490263443392905,-3.909788904155903,35.09,49.88,K8_20250608_172556,1749378356.8309388,17
-3.10219673731649,-8.369715520586396,-11.271015613554482,-2.423178049873286,35.06,49.77,K8_20250608_172556,1749378356.8309388,18
-4.4411889872696975,-12.645399437817105,-15.557543024014194,-3.4289077551895843,35.09,49.8,K8_20250608_172556,1749378356.8309388,19
-4.537012597823605,-14.358544464656006,-16.282313181281097,-3.6092381860519254,35.09,49.83,K8_20250608_172556,1749378356.8309388,20
-4.377306580233608,-13.1699694199242,-16.07436291916929,-3.3086874679481753,35.09,49.78,K8_20250608_172556,1749378356.8309388,21
-4.377306580233608,-13.1699694199242,-16.07436291916929,-3.3086874679481753,35.09,49.78,K8_20250608_172556,1749378356.8309388,22
-5.332158288704477,-12.690291076957692,-15.508391436798775,-3.0867966742296176,35.13,49.56,K8_20250608_172556,1749378356.8309388,23
-0.37229515174408334,13.883587879555307,11.495356799820001,2.8605623591620315,35.12,48.45,K8_20250608_172556,1749378356.8309388,24
3.790730095801109,37.32015591808886,35.36619025339951,8.317765353205004,35.13,47.33,K8_20250608_172556,1749378356.8309388,25
5.5172472843050855,53.96233070687322,51.31888961173081,12.576310659898354,35.15,46.53,K8_20250608_172556,1749378356.8309388,26
8.114307460203236,63.848081154193096,62.39839223285253,11.581817840937447,35.15,46.03,K8_20250608_172556,1749378356.8309388,27
10.07254356574208,70.97953142258575,69.64609380552429,10.385122149560857,35.15,45.73,K8_20250608_172556,1749378356.8309388,28
11.01035335724032,73.30966571037061,72.06975022820006,9.277499413490204,35.17,45.49,K8_20250608_172556,1749378356.8309388,29
10.756515927630744,75.21350994447857,74.04386633634294,8.809215815695097,35.19,45.31,K8_20250608_172556,1749378356.8309388,30
10.139810369846373,78.06609005183509,76.94294696541237,6.530537539144461,35.19,45.19,K8_20250608_172556,1749378356.8309388,31
9.980950451523313,77.78029715994217,76.68841496705954,4.736285596625748,35.2,45.11,K8_20250608_172556,1749378356.8309388,32
10.650869626133726,79.86953019497832,79.8083878041707,4.492299837076871,35.19,45.03,K8_20250608_172556,1749378356.8309388,33
10.428127300774804,80.10830728519159,80.07067570097388,4.577827607316749,35.2,44.97,K8_20250608_172556,1749378356.8309388,34
10.587833318364574,81.29688232992339,80.27862596308569,4.878378325420499,35.2,44.92,K8_20250608_172556,1749378356.8309388,35
9.472429493037225,78.68520347531921,77.68322891958451,4.293419625449815,35.23,44.88,K8_20250608_172556,1749378356.8309388,36
9.408547086001136,77.20977345742631,77.2000488147396,4.173199338208406,35.23,44.9,K8_20250608_172556,1749378356.8309388,37
9.408547086001136,77.20977345742631,77.2000488147396,5.173199338208406,35.23,44.9,K8_20250608_172556,1749378356.8309388,38
9.63128941135983,75.97099636721123,75.93776091793552,5.0876715679683,35.22,44.96,K8_20250608_172556,1749378356.8309388,39
10.523104812061774,76.91867015919252,76.8420275944809,5.251859262593825,35.19,45.07,K8_20250608_172556,1749378356.8309388,40
9.056347748036615,71.692126206176,71.58913997433228,6.005688982794027,35.22,45.14,K8_20250608_172556,1749378356.8309388,41
9.928582933964663,70.7412661703911,70.62277976464247,5.765248408310981,35.22,45.18,K8_20250608_172556,1749378356.8309388,42
9.386428573426429,68.60289317114166,68.46916713722294,5.249674742343359,35.23,45.22,K8_20250608_172556,1749378356.8309388,43
9.577229695267079,68.12640107198058,67.96528918799595,6.104036828482322,35.22,45.29,K8_20250608_172556,1749378356.8309388,44
9.831067124876654,65.2225568378717,65.99117307985307,6.572320426277656,35.2,45.47,K8_20250608_172556,1749378356.8309388,45
10.096419443963441,59.75511163210467,60.434601874137115,10.189787122999633,35.2,45.7,K8_20250608_172556,1749378356.8309388,46
9.692698687707434,53.10121554414309,53.71147609507352,12.557538354856206,35.22,45.88,K8_20250608_172556,1749378356.8309388,47
11.373286652527668,50.724065454679476,51.295575570849905,14.956436918648478,35.22,45.98,K8_20250608_172556,1749378356.8309388,48
12.04235972787069,51.910516336873116,52.462130144197545,18.206152383513654,35.2,46.03,K8_20250608_172556,1749378356.8309388,49
11.277463041973988,50.010920427839665,50.57080541358209,17.776106487786137,35.22,46.01,K8_20250608_172556,1749378356.8309388,50
11.628816280671572,52.62578552625018,53.22829599022862,18.43731806761457,35.22,45.9,K8_20250608_172556,1749378356.8309388,51
13.064478240445624,58.517396623158675,60.19301182171512,19.1296769793787,35.2,45.71,K8_20250608_172556,1749378356.8309388,52
13.914529746686412,66.59652068353171,67.34498007093225,15.097168982627863,35.17,45.52,K8_20250608_172556,1749378356.8309388,53
14.521412613527673,71.11310585351293,71.9351910669584,12.239261711422614,35.17,45.33,K8_20250608_172556,1749378356.8309388,54
12.075927962810283,70.5906600339431,71.45976686056747,10.410317251902825,35.19,45.21,K8_20250608_172556,1749378356.8309388,55
12.096354276850889,74.39197601454816,74.28381201056163,6.321244296596888,35.17,45.15,K8_20250608_172556,1749378356.8309388,56
11.299516387436142,72.2546650965678,72.15089722752418,5.831088257248439,35.19,45.14,K8_20250608_172556,1749378356.8309388,57
11.192177887404796,75.10512104138706,75.00858216782945,5.501574727459229,35.17,45.12,K8_20250608_172556,1749378356.8309388,58
10.180662997927584,77.66872201304795,78.59103726540343,4.352391628532587,35.15,45.07,K8_20250608_172556,1749378356.8309388,59
9.766273451461302,76.48120904958432,76.4037848476728,4.07725853704801,35.16,45.07,K8_20250608_172556,1749378356.8309388,60
9.287155398691993,72.915483915388,72.77993406133737,3.1756063827360776,35.16,45.22,K8_20250608_172556,1749378356.8309388,61
9.254368095906784,70.7749867536022,70.58492574515367,2.609197463529881,35.15,45.36,K8_20250608_172556,1749378356.8309388,62
10.050359886054821,71.00951551874368,70.76442226443123,7.593054727293065,35.12,45.5,K8_20250608_172556,1749378356.8309388,63
12.165763711382397,72.62119437334877,73.35981930793423,9.17801342726375,35.09,45.54,K8_20250608_172556,1749378356.8309388,64
11.847197775469567,72.14682643672404,72.8973370474705,9.083210766641514,35.1,45.51,K8_20250608_172556,1749378356.8309388,65
12.261587321936076,73.33433940018767,73.08458946520113,9.35834385812609,35.09,45.51,K8_20250608_172556,1749378356.8309388,66
11.943021386023474,72.85997146356385,72.62210720473831,9.263541197503855,35.1,45.48,K8_20250608_172556,1749378356.8309388,67
10.879138978987612,71.38454144567095,72.1389270998925,9.143320910262219,35.1,45.5,K8_20250608_172556,1749378356.8309388,68
11.963447700064307,75.66128744416983,75.4461523547343,10.174468242197918,35.08,45.42,K8_20250608_172556,1749378356.8309388,69
10.868470188777565,76.85092457016981,75.67480046122728,8.500436586921069,35.09,45.32,K8_20250608_172556,1749378356.8309388,70
11.84628650908985,84.88090866632865,84.79312892013422,8.70836916465305,35.06,45.09,K8_20250608_172556,1749378356.8309388,71
12.3769259801511,90.58288263723716,90.52919664512865,6.074759731694257,35.03,45.0,K8_20250608_172556,1749378356.8309388,72
10.504690794222824,91.53374267302297,90.49555685481755,2.3152003061775304,35.03,44.96,K8_20250608_172556,1749378356.8309388,73
10.504690794222824,91.53374267302297,90.49555685481755,2.3152003061775304,35.03,44.96,K8_20250608_172556,1749378356.8309388,74
13.117946787826895,96.70689833675169,96.63201330713127,3.700140653983226,34.96,45.05,K8_20250608_172556,1749378356.8309388,75
11.172917770299136,89.81741140237955,88.70869316440712,4.058616995457442,35.0,45.14,K8_20250608_172556,1749378356.8309388,76
9.992785438668534,84.82752037704086,83.67669775229842,3.8471392326594014,35.02,45.25,K8_20250608_172556,1749378356.8309388,77
13.191651885805868,89.81316307730594,88.62590178688151,5.95694648898052,34.96,45.34,K8_20250608_172556,1749378356.8309388,78
11.661012414744846,84.11118910639743,82.889834061888,5.590555921939313,34.99,45.43,K8_20250608_172556,1749378356.8309388,79
12.775570140805257,84.82008580816273,83.53181284162929,7.669215846324732,34.95,45.6,K8_20250608_172556,1749378356.8309388,80
12.850121338051622,79.82913270155677,78.47911958514032,7.432320456907746,34.96,45.76,K8_20250608_172556,1749378356.8309388,81
14.359488395804874,78.82700853902134,78.43772389637797,11.3814852036694,34.94,45.86,K8_20250608_172556,1749378356.8309388,82
15.028561471147896,80.0134594212168,79.60427846972652,12.631200668534802,34.92,45.91,K8_20250608_172556,1749378356.8309388,83
15.252149895773528,81.6774644838415,81.29540883668324,13.051971673880189,34.92,45.84,K8_20250608_172556,1749378356.8309388,84
14.870547652092228,82.63044868216366,82.30316473513722,13.343247501601809,34.94,45.7,K8_20250608_172556,1749378356.8309388,85
14.783635466101714,88.2822206075898,87.98489482543846,12.924661016506889,34.9,45.62,K8_20250608_172556,1749378356.8309388,86
15.007223890727573,89.94622567021452,88.67602519239608,10.345432021852275,34.9,45.55,K8_20250608_172556,1749378356.8309388,87
16.378157344198826,94.45962459639122,93.20414265527688,10.411271870789506,34.87,45.51,K8_20250608_172556,1749378356.8309388,88
15.442039751234915,94.93505461428413,93.68732276012179,7.531492158031142,34.87,45.49,K8_20250608_172556,1749378356.8309388,89
16.940738018777893,99.39931357624664,99.1818004326924,7.837772581451418,34.84,45.41,K8_20250608_172556,1749378356.8309388,90
14.5582896758292,98.449515621729,96.23613806738467,5.622749633587546,34.85,45.4,K8_20250608_172556,1749378356.8309388,91
14.81297320470594,98.44845354046083,96.21544022300259,5.597332006968145,34.84,45.45,K8_20250608_172556,1749378356.8309388,92
15.066810634315743,96.54460930635378,94.24132411486153,5.065615604763707,34.82,45.63,K8_20250608_172556,1749378356.8309388,93
15.034023331530761,94.40411214456799,92.04631579867782,7.499206685557283,34.81,45.77,K8_20250608_172556,1749378356.8309388,94
15.522964075243408,90.60067200142566,88.18087495991949,8.537444387624646,34.81,45.93,K8_20250608_172556,1749378356.8309388,95
17.159249847801675,89.64662572183533,87.15242121708525,10.22075093328408,34.78,46.12,K8_20250608_172556,1749378356.8309388,96
17.552366980960187,85.1300405518532,82.5622102210591,12.078658204489102,34.78,46.31,K8_20250608_172556,1749378356.8309388,97
18.583462085211067,83.46497340796031,80.85038200972122,14.632469572524315,34.77,46.43,K8_20250608_172556,1749378356.8309388,98
20.443336282394966,84.1749321909947,81.5130586338446,18.736547123529135,34.74,46.55,K8_20250608_172556,1749378356.8309388,99
19.901181921856733,82.03655919174616,79.35944600642506,20.220973457561286,34.75,46.59,K8_20250608_172556,1749378356.8309388,100
0.0,0.0,0.0,0.0,34.94,49.59,K9_20250608_173701,1749379021.4249148,1
0.0958236105539072,0.7131450268398112,0.724770157266903,0.18033043086234102,34.94,49.56,K9_20250608_173701,1749379021.4249148,2
1.0204263140403782,3.8013159806059775,3.8240451499950723,1.9109270446940627,34.92,49.53,K9_20250608_173701,1749379021.4249148,3
0.6494928605691257,-0.7120829455716375,-0.7040723128866375,0.8450871957568324,34.95,49.57,K9_20250608_173701,1749379021.4249148,4
-0.2546835288769671,0.0010620812672641478,0.02069784438026545,1.0254176266191735,34.95,49.54,K9_20250608_173701,1749379021.4249148,5
-0.1588599183230599,0.7142071081070753,0.7454680016480779,1.2057480574815145,34.95,49.51,K9_20250608_173701,1749379021.4249148,6
-0.0630363077691527,1.427352134945977,1.4702381589149809,2.3860784883438555,34.95,49.48,K9_20250608_173701,1749379021.4249148,7
0.7772576746408504,0.23877709021417104,0.26228789680317277,2.085527770239878,34.95,49.53,K9_20250608_173701,1749379021.4249148,8
1.0008460992667096,2.9027821528388813,2.953418263759886,2.5062987755852646,34.95,49.46,K9_20250608_173701,1749379021.4249148,9
-0.402028557722133,-1.8483317822829122,-1.8162892515438216,1.3803487830275571,34.98,49.51,K9_20250608_173701,1749379021.4249148,10
-0.24232254013236343,-0.6597567375511062,-0.6083389894320135,1.6808995011315346,34.98,49.46,K9_20250608_173701,1749379021.4249148,11
-0.2742637436504083,-0.8974717464971036,-1.8499290418540113,1.6207893575106027,34.98,49.47,K9_20250608_173701,1749379021.4249148,12
-1.0391604295477919,-2.797067655533283,-2.741253772471282,1.1907434617826311,35.0,49.45,K9_20250608_173701,1749379021.4249148,13
-0.14649892957845623,0.05338828928779549,0.11643116783488949,1.8612299319938757,34.98,49.43,K9_20250608_173701,1749379021.4249148,14
-1.995704336552535,-6.122953618246356,-6.082118817622359,1.4000367043302049,35.02,49.49,K9_20250608_173701,1749379021.4249148,15
-0.24232254013236343,-0.6597567375511062,-0.6083389894320135,2.6808995011315346,34.98,49.46,K9_20250608_173701,1749379021.4249148,16
-1.007219226029747,-2.559352646586376,-2.4996637200483747,2.250853605403563,35.0,49.44,K9_20250608_173701,1749379021.4249148,17
-1.8359983189627656,-4.93437857351455,-4.8741685555105505,1.700587422433955,35.02,49.44,K9_20250608_173701,1749379021.4249148,18
-1.007219226029747,-2.559352646586376,-1.4996637200483747,2.250853605403563,35.0,49.44,K9_20250608_173701,1749379021.4249148,19
-1.7082335048908135,-3.9835185377287416,-2.90780834582074,1.941027996917228,35.02,49.4,K9_20250608_173701,1749379021.4249148,20
-1.007219226029747,-2.559352646586376,-2.4996637200483747,3.250853605403563,35.0,49.44,K9_20250608_173701,1749379021.4249148,21
-1.7721159119269032,-4.458948555621646,-3.3909884506656454,2.8208077096755915,35.02,49.42,K9_20250608_173701,1749379021.4249148,22
-2.75890882391559,-5.2169852216020445,-3.0666070207180383,2.9825883597732172,35.06,49.21,K9_20250608_173701,1749379021.4249148,23
-0.5852147861598951,14.753199692432645,17.26835307152851,9.082675677157567,35.08,48.27,K9_20250608_173701,1749379021.4249148,24
7.469625862087014,41.137441522945664,44.04345320165248,38.704066365826066,35.06,47.26,K9_20250608_173701,1749379021.4249148,25
16.302635451355172,53.026378214070064,56.18504935591773,81.78582642672268,35.09,46.61,K9_20250608_173701,1749379021.4249148,26
25.6122247955916,62.77269358087233,67.09024150523601,119.25034231517498,35.09,46.2,K9_20250608_173701,1749379021.4249148,27
32.474637290576766,71.19099882242517,75.61317292064177,148.87331619293604,35.09,45.93,K9_20250608_173701,1749379021.4249148,28
37.57130700039761,73.80692600210386,81.29136134166947,165.55994539938388,35.1,45.77,K9_20250608_173701,1749379021.4249148,29
41.82683662854129,76.70864607367457,84.22408176104909,176.0408265483502,35.1,45.69,K9_20250608_173701,1749379021.4249148,30
45.0184838496491,78.13493612735328,86.67362207558381,180.40148741007465,35.1,45.63,K9_20250608_173701,1749379021.4249148,31
47.33789588482864,82.5120862168178,90.08952259980742,182.0025888462826,35.1,45.53,K9_20250608_173701,1749379021.4249148,32
48.318315670054744,81.61355238905071,89.21889571357224,183.59796057717404,35.13,45.46,K9_20250608_173701,1749379021.4249148,33
49.764646420039526,84.03878036146125,92.64773818372578,183.93320381227954,35.12,45.45,K9_20250608_173701,1749379021.4249148,34
50.924352437629295,85.22735540619306,94.85568844583759,184.23375453038352,35.12,45.4,K9_20250608_173701,1749379021.4249148,35
49.74506620526586,83.14024653369506,91.77711129749059,183.52857554317097,35.15,45.38,K9_20250608_173701,1749379021.4249148,36
50.42565417008609,81.76309644423145,90.36121077326698,182.92747410696325,35.15,45.48,K9_20250608_173701,1749379021.4249148,37
55.32983055953218,82.04995141739164,91.63644061599916,197.7471436761009,35.15,45.51,K9_20250608_173701,1749379021.4249148,38
57.72379379195809,80.4361484002502,91.99964788373381,204.11134972289142,35.16,45.57,K9_20250608_173701,1749379021.4249148,39
59.998903634875205,84.2364022995871,96.80299518934862,204.9968591409663,35.13,45.56,K9_20250608_173701,1749379021.4249148,40
59.13818333842437,82.62366136371384,95.18690030146445,204.38648281437622,35.15,45.57,K9_20250608_173701,1749379021.4249148,41
59.91459491379874,82.95965630108822,94.49576993450773,200.9657118090306,35.15,45.64,K9_20250608_173701,1749379021.4249148,42
60.07430093138851,84.14823134582093,96.70372019662045,201.2662625271346,35.15,45.59,K9_20250608_173701,1749379021.4249148,43
60.62797018140441,83.72300337341039,96.27487772646691,200.93101929202908,35.16,45.6,K9_20250608_173701,1749379021.4249148,44
61.20206574546046,87.09909138160674,100.67008040631026,201.50670310161763,35.15,45.55,K9_20250608_173701,1749379021.4249148,45
61.42565417008609,88.76309644423145,103.36121077326698,195.92747410696325,35.15,45.48,K9_20250608_173701,1749379021.4249148,46
59.90477222285563,93.32882157842687,106.98506155960331,189.82912626127495,35.15,45.33,K9_20250608_173701,1749379021.4249148,47
58.383890275624935,96.8945467126232,110.60891234593873,181.73077841558666,35.15,45.18,K9_20250608_173701,1749379021.4249148,48
56.35279517137428,99.55961385651608,113.32074055727662,176.17696704755144,35.16,45.06,K9_20250608_173701,1749379021.4249148,49
56.78761103188117,104.54844280058569,118.33203812500415,173.36302718373008,35.13,45.0,K9_20250608_173701,1749379021.4249148,50
56.78761103188117,104.54844280058569,119.33203812500415,173.36302718373008,35.13,45.0,K9_20250608_173701,1749379021.4249148,51
57.01035335724009,106.30966571037061,120.06975022819915,173.2774994134902,35.12,45.06,K9_20250608_173701,1749379021.4249148,52
56.92519853689623,100.13013755903285,113.80910670959838,176.7400533059688,35.13,45.27,K9_20250608_173701,1749379021.4249148,53
61.146248663720826,96.0857961631391,111.63998228527362,193.64192798455792,35.1,45.59,K9_20250608_173701,1749379021.4249148,54
65.64670429691091,91.71875504833679,106.1920863489413,214.82934878555238,35.12,45.8,K9_20250608_173701,1749379021.4249148,55
66.84902030822855,88.67866197751664,104.10575330214215,217.832893970618,35.13,45.92,K9_20250608_173701,1749379021.4249148,56
68.69737961593546,93.952221732211,109.3508850238386,218.78778842269617,35.08,45.99,K9_20250608_173701,1749379021.4249148,57
68.6334972088996,94.4767917143181,110.8677049189946,218.66756813545453,35.08,46.01,K9_20250608_173701,1749379021.4249148,58
67.74083570893049,91.62633576949702,108.01001997868752,213.9970816652435,35.1,46.03,K9_20250608_173701,1749379021.4249148,59
67.89969562725332,92.91212866138994,109.26455197703854,212.791333607762,35.09,46.11,K9_20250608_173701,1749379021.4249148,60
69.17480547017067,96.71238256072775,113.06789928265243,213.6768430258369,35.06,46.1,K9_20250608_173701,1749379021.4249148,61
68.60155600538155,97.2390767053721,113.6261148665717,211.60745799183383,35.08,46.02,K9_20250608_173701,1749379021.4249148,62
68.74974713349388,102.99125272176298,119.41652022625658,207.75882561101093,35.06,45.92,K9_20250608_173701,1749379021.4249148,63
67.90945315108365,104.17982776649569,121.62447048836839,203.05937632911468,35.06,45.87,K9_20250608_173701,1749379021.4249148,64
68.48354871514039,106.55591577469113,125.01967316821174,199.63506013870347,35.05,45.82,K9_20250608_173701,1749379021.4249148,65
67.90945315108365,106.17982776649569,122.62447048836839,196.05937632911468,35.06,45.87,K9_20250608_173701,1749379021.4249148,66
68.69477615102164,111.88073965613512,129.33984036897982,197.40034926953672,35.02,45.83,K9_20250608_173701,1749379021.4249148,67
68.59895254046774,112.16759462929622,129.61507021171292,197.22001883867438,35.02,45.86,K9_20250608_173701,1749379021.4249148,68
69.4596728369188,114.78033556517039,132.2311650995971,197.83039516526446,35.0,45.85,K9_20250608_173701,1749379021.4249148,69
69.2795405052882,110.7904445398317,128.1991696874893,198.61891740246642,35.02,45.96,K9_20250608_173701,1749379021.4249148,70
72.26717951654405,113.4512633586528,130.8282065213025,206.9634355279543,34.99,46.04,K9_20250608_173701,1749379021.4249148,71
74.1705098067232,111.83533617897501,129.1500181002748,216.27680632150668,34.98,46.2,K9_20250608_173701,1749379021.4249148,72
75.23439221375929,112.31076619686792,131.6331982051188,216.39702660874832,34.98,46.18,K9_20250608_173701,1749379021.4249148,73
76.19009002149664,115.73387000674029,133.02064498650998,216.68143459061503,34.95,46.27,K9_20250608_173701,1749379021.4249148,74
74.7872153645078,111.98275607161759,129.25093747120536,214.55548459805732,34.98,46.32,K9_20250608_173701,1749379021.4249148,75
76.54059716092752,117.44595295231193,135.72471729939662,211.83634739485842,34.94,46.29,K9_20250608_173701,1749379021.4249148,76
75.70030317851729,118.63452799704373,137.93266756150842,210.1368981129624,34.94,46.24,K9_20250608_173701,1749379021.4249148,77
76.56102347496812,122.2472689329179,140.5487624493917,207.74727443955248,34.92,46.23,K9_20250608_173701,1749379021.4249148,78
75.13511903902463,125.62335694111425,143.94396512923504,206.32295824914104,34.91,46.18,K9_20250608_173701,1749379021.4249148,79
75.42258987068612,127.76279202163187,146.11827560103575,203.86394954172806,34.91,46.09,K9_20250608_173701,1749379021.4249148,80
76.04905295230083,134.17791101937837,152.57911348329617,200.41067053963138,34.88,45.97,K9_20250608_173701,1749379021.4249148,81
74.2087589698906,136.36648606411018,154.78706374540798,193.71122125773536,34.88,45.92,K9_20250608_173701,1749379021.4249148,82
73.75091333042928,138.50485906336053,157.94067637282933,190.2267949237032,34.87,45.88,K9_20250608_173701,1749379021.4249148,83
73.73939844095185,143.0684600350196,161.5231314704024,191.07761182477657,34.85,45.83,K9_20250608_173701,1749379021.4249148,84
73.67551603391598,143.5930300171267,161.0399513655584,190.95739153753493,34.85,45.85,K9_20250608_173701,1749379021.4249148,85
73.26028038818231,140.50273490082418,158.89928068406698,190.17595967046486,34.85,45.98,K9_20250608_173701,1749379021.4249148,86
76.31095570720709,141.73620158469748,160.05807935896337,200.13439930760865,34.81,46.17,K9_20250608_173701,1749379021.4249148,87
79.2781684044221,139.5957044229117,158.86307104278148,210.56799038840268,34.8,46.31,K9_20250608_173701,1749379021.4249148,88
79.35271960166824,135.60475131630574,154.8103777862916,215.33109499898524,34.81,46.47,K9_20250608_173701,1749379021.4249148,89
80.28883719463238,136.12932129841283,155.3271976814458,215.2108747117436,34.81,46.49,K9_20250608_173701,1749379021.4249148,90
82.0422189910521,142.59251817910717,160.80097750963614,216.4917375085447,34.77,46.46,K9_20250608_173701,1749379021.4249148,91
81.23386621215991,144.01880823278498,163.25051782417086,212.85239837026938,34.77,46.4,K9_20250608_173701,1749379021.4249148,92
80.99876289805684,146.91840414182025,165.14184255478813,208.28244426599736,34.75,46.42,K9_20250608_173701,1749379021.4249148,93
81.4450936480414,149.3436321142308,166.57068502493985,205.61768750110286,34.74,46.41,K9_20250608_173701,1749379021.4249148,94
81.03070410157488,149.15611915076715,166.38343260721012,203.3425544096183,34.75,46.41,K9_20250608_173701,1749379021.4249148,95
81.24193153745637,152.48094303221114,170.70359980798003,204.10784354045154,34.72,46.42,K9_20250608_173701,1749379021.4249148,96
82.13459303742525,155.3313989770313,173.5612847482853,203.77833001066233,34.7,46.4,K9_20250608_173701,1749379021.4249148,97
81.23041664797915,156.04454400387021,174.2860549055522,203.95866044152467,34.7,46.37,K9_20250608_173701,1749379021.4249148,98
81.48594627612283,158.94626407544183,176.2187753249318,203.439541590491,34.7,46.29,K9_20250608_173701,1749379021.4249148,99
80.60219620071757,163.46072508288762,180.7675906321956,197.5307990660474,34.68,46.2,K9_20250608_173701,1749379021.4249148,100
0.0,0.0,0.0,0.0,34.85,49.5,K10_20250608_174757,1749379677.5261014,1
0.2866247323947846,0.23665292767873325,0.22089220803991338,0.03469251700153109,34.84,49.54,K10_20250608_174757,1749379677.5261014,2
1.1473450288456206,2.849393863552905,2.8369870959249965,0.6450688435918437,34.82,49.53,K10_20250608_174757,1749379677.5261014,3
-0.9884851105225607,-3.5636009716590706,-3.5824550975730745,-0.8508169010731308,34.87,49.55,K10_20250608_174757,1749379677.5261014,4
-0.8926614999686535,-2.8504559448192595,-2.8576849403061715,-0.6704864702107898,34.87,49.52,K10_20250608_174757,1749379677.5261014,5
-1.4028746569892974,-4.7511139351236125,-4.769707515304617,-1.1259499925579348,34.88,49.55,K10_20250608_174757,1749379677.5261014,6
-0.7648966858967015,-2.8995959090343604,-1.8913247306163612,-0.4300458957277442,34.87,49.48,K10_20250608_174757,1749379677.5261014,7
-0.7010142788608391,-2.424165891141456,-1.408144625771456,0.6901743915138923,34.87,49.46,K10_20250608_174757,1749379677.5261014,8
-1.211227435881483,-4.3248238814449,-3.320167200770811,0.23471086916674722,34.88,49.49,K10_20250608_174757,1749379677.5261014,9
-2.0080653252962293,-6.462134799425257,-5.453081983808261,-0.25544517018170154,34.9,49.48,K10_20250608_174757,1749379677.5261014,10
-1.9761241217784118,-6.2244197904783505,-5.211491931386263,-1.195335026560997,34.9,49.47,K10_20250608_174757,1749379677.5261014,11
-1.2431686393995278,-4.5625388903918065,-3.561757253192809,0.17460072554604267,34.88,49.5,K10_20250608_174757,1749379677.5261014,12
-1.944182918260367,-5.986704781532353,-5.969901878963356,-1.135224882940065,34.9,49.46,K10_20250608_174757,1749379677.5261014,13
-1.944182918260367,-5.986704781532353,-4.969901878963356,-1.135224882940065,34.9,49.46,K10_20250608_174757,1749379677.5261014,14
-1.6771384006394783,-7.6485856816216256,-6.619636557158628,-1.505160635047332,34.92,49.43,K10_20250608_174757,1749379677.5261014,15
-1.7090796041575231,-7.886300690567623,-7.861226609580626,-1.5652707786680367,34.92,49.44,K10_20250608_174757,1749379677.5261014,16
-2.5378586970903143,-10.261326617494888,-10.235731445040983,-2.11553696163719,34.94,49.44,K10_20250608_174757,1749379677.5261014,17
-2.473976290054452,-10.785896599601983,-9.752551340196078,-1.9953166743957809,34.94,49.42,K10_20250608_174757,1749379677.5261014,18
-2.5059174935722694,-11.02361160854889,-9.994141392618985,-1.0554268180164854,34.94,49.43,K10_20250608_174757,1749379677.5261014,19
-2.314270272464455,-9.597321554870177,-8.54460107808427,-0.6947659562918034,34.94,49.37,K10_20250608_174757,1749379677.5261014,20
-3.2823290689466376,-9.35960654592418,-8.303011025662272,-0.6346558126710988,34.94,49.36,K10_20250608_174757,1749379677.5261014,21
-3.314270272464455,-9.597321554870177,-7.54460107808427,-0.6947659562918034,34.94,49.37,K10_20250608_174757,1749379677.5261014,22
-2.1209308528227666,-4.365467195513702,-2.188224236028873,1.6784924566036352,34.96,49.05,K10_20250608_174757,1749379677.5261014,23
-0.36162636153380845,13.417204755057355,16.95948343848613,6.503446682503181,34.99,48.11,K10_20250608_174757,1749379677.5261014,24
6.8635890945136,35.52363850580514,39.40666046938895,16.068272412616807,34.98,47.23,K10_20250608_174757,1749379677.5261014,25
13.364825659857843,46.696243926285206,50.76139293324195,22.893449162793786,34.98,46.76,K10_20250608_174757,1749379677.5261014,26
20.099473340770828,52.16368913205224,56.317964138957905,33.27598246607181,34.98,46.53,K10_20250608_174757,1749379677.5261014,27
26.334576654873672,50.26409322301697,56.426639408340634,41.84593657034384,35.0,46.51,K10_20250608_174757,1749379677.5261014,28
32.36651785839149,51.50180823196388,57.66822946076354,51.90604671396454,35.0,46.5,K10_20250608_174757,1749379677.5261014,29
33.89976079436633,47.27526427894736,53.41534184061402,54.65987643416497,35.03,46.57,K10_20250608_174757,1749379677.5261014,30
35.78435696903853,44.66358542434136,51.81994479711102,56.07491773419406,35.06,46.53,K10_20250608_174757,1749379677.5261014,31
37.89976079436633,47.27526427894736,55.41534184061402,56.65987643416497,35.03,46.57,K10_20250608_174757,1749379677.5261014,32
38.039040497915494,45.66252334307319,52.799246952730755,57.049500107574886,35.05,46.58,K10_20250608_174757,1749379677.5261014,33
38.19874651550526,46.851098387804996,55.00719721484347,57.35005082567886,35.05,46.53,K10_20250608_174757,1749379677.5261014,34
38.91212178311048,47.61444546012717,56.78630500680083,57.315358308677105,35.06,46.49,K10_20250608_174757,1749379677.5261014,35
39.26262892254135,48.3265284056979,57.49037731968747,57.47027111292027,35.05,46.51,K10_20250608_174757,1749379677.5261014,36
39.14722509721355,45.71484955109281,55.89498027618538,56.88531241294936,35.08,46.47,K10_20250608_174757,1749379677.5261014,37
39.498578335911134,48.32971464950333,59.5524708528319,57.54652399277802,35.08,46.36,K10_20250608_174757,1749379677.5261014,38
40.26347502180806,50.22931055853769,61.443795583447354,57.976569888505765,35.06,46.38,K10_20250608_174757,1749379677.5261014,39
40.13571020773611,50.27845052275188,60.477435373757544,57.73612931402249,35.06,46.42,K10_20250608_174757,1749379677.5261014,40
40.08334269017769,46.23941953319991,57.41180017134138,56.765092125707724,35.08,46.49,K10_20250608_174757,1749379677.5261014,41
41.548407555668746,47.66039918053684,60.757851263967495,56.99866485433631,35.03,46.68,K10_20250608_174757,1749379677.5261014,42
43.634473642392095,41.105845102270905,52.12270290990455,60.91095256384574,35.06,46.89,K10_20250608_174757,1749379677.5261014,43
44.422400107243675,35.878239067987124,47.84911744537567,64.63936465742722,35.08,47.01,K10_20250608_174757,1749379677.5261014,44
47.07104686854609,34.263373969576605,46.191626868729145,66.97815307759856,35.08,47.12,K10_20250608_174757,1749379677.5261014,45
47.580413926299116,34.26124980704026,48.150231179964976,67.92731782435999,35.06,47.22,K10_20250608_174757,1749379677.5261014,46
48.22906068760176,32.64638470862974,45.49274060331845,67.26610624453133,35.06,47.33,K10_20250608_174757,1749379677.5261014,47
48.84576624538613,30.793804601273223,44.59365997424902,69.54478452108197,35.06,47.45,K10_20250608_174757,1749379677.5261014,48
49.84576624538613,30.793804601273223,44.59365997424902,70.54478452108197,35.06,47.45,K10_20250608_174757,1749379677.5261014,49
49.14475196652529,30.369638710131767,44.185515348479385,70.23495891259586,35.08,47.41,K10_20250608_174757,1749379677.5261014,50
49.36834039115092,32.03364377275648,46.8766457154361,70.65572991794124,35.08,47.34,K10_20250608_174757,1749379677.5261014,51
48.432222798186785,32.50907379064847,47.35982582028009,68.77595020518288,35.08,47.32,K10_20250608_174757,1749379677.5261014,52
49.74011994388911,39.449824851772064,53.358181442077694,68.22786854246397,35.06,47.17,K10_20250608_174757,1749379677.5261014,53
51.01522978680646,43.25007875110987,58.16152874769159,69.11337796053886,35.03,47.16,K10_20250608_174757,1749379677.5261014,54
49.93176716499693,41.87611490545078,55.8077217566115,66.58852940418865,35.06,47.11,K10_20250608_174757,1749379677.5261014,55
49.123414386104514,43.30240495912949,58.257262071146215,65.94919026591333,35.06,47.05,K10_20250608_174757,1749379677.5261014,56
50.20687700791427,45.67636880478767,60.611069062226306,66.47403882226354,35.03,47.1,K10_20250608_174757,1749379677.5261014,57
51.97092759454449,46.67318256098406,61.54897552908278,66.39778594240579,35.0,47.25,K10_20250608_174757,1749379677.5261014,58
51.42792713473909,43.63202740889483,58.44194463790154,68.37591350085268,35.0,47.42,K10_20250608_174757,1749379677.5261014,59
51.24779480310849,38.642136383556135,54.40994922579284,71.16443573805441,35.02,47.53,K10_20250608_174757,1749379677.5261014,60
53.24779480310849,38.642136383556135,54.40994922579284,74.16443573805441,35.02,47.53,K10_20250608_174757,1749379677.5261014,61
54.661338250307836,37.926867194180886,54.64378337976359,73.93327005395372,35.0,47.66,K10_20250608_174757,1749379677.5261014,62
54.94796298270262,39.16352012185962,55.86467558780441,73.96796257095525,34.99,47.7,K10_20250608_174757,1749379677.5261014,63
55.074881697507635,38.21159800480655,55.87761753373343,74.70210436985303,34.98,47.79,K10_20250608_174757,1749379677.5261014,64
55.309138912343315,36.409219942931486,53.03287453935627,74.76575969853957,34.99,47.9,K10_20250608_174757,1749379677.5261014,65
56.149432894753545,35.22064489819968,52.82492427724446,75.46520898043582,34.99,47.95,K10_20250608_174757,1749379677.5261014,66
57.616189958778705,40.44718885121529,58.077811897393076,76.71137926023539,34.96,47.88,K10_20250608_174757,1749379677.5261014,67
58.31805033690671,44.774136895196534,61.43937478692533,77.52750364430699,34.95,47.79,K10_20250608_174757,1749379677.5261014,68
57.573579965050385,47.67585696676724,64.37209520630495,76.00838479327331,34.95,47.71,K10_20250608_174757,1749379677.5261014,69
57.2434991396608,50.7650900018034,67.4920680434152,74.76439903372443,34.94,47.63,K10_20250608_174757,1749379677.5261014,70
57.263925453701404,54.56640598240847,71.31611319341027,73.67532607841827,34.92,47.57,K10_20250608_174757,1749379677.5261014,71
57.67831500016814,56.75391894587301,73.50336561114182,73.95045916990307,34.91,47.57,K10_20250608_174757,1749379677.5261014,72
57.77329251145488,55.56428181987303,73.27471750464792,73.62449082517992,34.9,47.67,K10_20250608_174757,1749379677.5261014,73
58.19835084813144,52.2854116588378,69.92609656104469,74.54250824000587,34.9,47.85,K10_20250608_174757,1749379677.5261014,74
59.19665864959734,48.47984735315822,66.0192600335231,75.52991068883489,34.88,48.11,K10_20250608_174757,1749379677.5261014,75
60.76099668982329,42.58823625624973,60.054544202036595,80.83755177707076,34.9,48.3,K10_20250608_174757,1749379677.5261014,76
62.42922366589937,42.87190498560631,60.26768051162526,84.58096846635067,34.87,48.48,K10_20250608_174757,1749379677.5261014,77
63.535716066663326,39.11866688794544,57.45657730755738,85.40418322055416,34.88,48.63,K10_20250608_174757,1749379677.5261014,78
64.56681117091443,38.45359974405255,56.74474909621949,86.9579945885896,34.87,48.75,K10_20250608_174757,1749379677.5261014,79
65.1720018392216,39.16462060835511,57.428123564724046,87.08748976621337,34.85,48.82,K10_20250608_174757,1749379677.5261014,80
65.61833258920592,40.58984858076565,59.85696603487668,87.42273300131865,34.84,48.81,K10_20250608_174757,1749379677.5261014,81
65.5863913856881,41.35213357181874,59.61537598245377,86.36262285769794,34.84,48.82,K10_20250608_174757,1749379677.5261014,82
66.9892660426774,47.10324750694235,66.38508349775839,86.48857285025588,34.81,48.77,K10_20250608_174757,1749379677.5261014,83
66.62724401376954,49.954765533031605,69.26346628244755,87.1844769470863,34.8,48.7,K10_20250608_174757,1749379677.5261014,84
67.71155273484624,54.23151153152958,74.57069153728662,85.215624279022,34.78,48.62,K10_20250608_174757,1749379677.5261014,85
68.41341311297424,58.558459575510824,77.93225442681887,84.0317486630936,34.77,48.53,K10_20250608_174757,1749379677.5261014,86
67.25370709538447,57.36988453077902,76.72430416470706,83.73119794498962,34.77,48.58,K10_20250608_174757,1749379677.5261014,87
67.06205987427666,56.943594477100305,75.27476385017235,83.37053708326494,34.77,48.64,K10_20250608_174757,1749379677.5261014,88
67.47560332147623,57.228325287725966,76.5085980041431,83.13937139916425,34.75,48.77,K10_20250608_174757,1749379677.5261014,89
68.14383029755231,56.511994017080724,75.72173431373176,83.88278808844439,34.72,48.95,K10_20250608_174757,1749379677.5261014,90
69.8874545701417,53.707491792671135,72.83559563059225,85.89560816389258,34.71,49.16,K10_20250608_174757,1749379677.5261014,91
70.31251290681848,50.428621631634996,69.4869746869881,88.8136255787183,34.71,49.34,K10_20250608_174757,1749379677.5261014,92
73.14044590048434,50.90086540572429,70.90806125868949,91.85759298610242,34.68,49.47,K10_20250608_174757,1749379677.5261014,93
73.75715145826871,50.048285298366864,69.00898062962005,91.13627126265283,34.68,49.59,K10_20250608_174757,1749379677.5261014,94
74.07571739418131,50.522653234991594,69.47146289008379,91.23107392327529,34.67,49.62,K10_20250608_174757,1749379677.5261014,95
74.13959980121717,50.9980832528845,70.95464299492778,91.3512942105167,34.67,49.6,K10_20250608_174757,1749379677.5261014,96
75.09614370822237,54.32396921559757,74.29550804007886,92.14200096796935,34.65,49.56,K10_20250608_174757,1749379677.5261014,97
76.56374687151424,62.45329532145297,82.50181392398918,92.89447002335442,34.63,49.36,K10_20250608_174757,1749379677.5261014,98
76.15911484887852,70.53348146309418,90.6744800175893,90.88737965322252,34.61,49.12,K10_20250608_174757,1749379677.5261014,99
75.92570373330955,77.23864167780812,96.47264127572635,87.33002310012125,34.61,48.88,K10_20250608_174757,1749379677.5261014,100
