GM102B_rel,GM302B_rel,GM502B_rel,GM702B_rel,temperature,humidity,treatment,timestamp,time
0.0,0.0,0.0,0.0,32.67,51.95,ZN1_20250608_180116,1749380476.8060508,1
0.41438954646673665,1.1875129634645418,1.1872524177306332,0.275133091484804,32.66,51.95,ZN1_20250608_180116,1749380476.8060508,2
-0.031941203517817485,-0.2377150089459974,-1.2415900524229073,-0.06011014362070455,32.67,51.96,ZN1_20250608_180116,1749380476.8060508,3
-1.414389546466282,-1.1875129634636323,-2.187252417730633,-0.27513309148457665,32.68,51.95,ZN1_20250608_180116,1749380476.8060508,4
-2.1154038253275758,-2.611678854605998,-3.5953970435029987,-0.5849586999709118,32.7,51.91,ZN1_20250608_180116,1749380476.8060508,5
-1.0515214182917134,-2.1362488367130936,-3.1122169386580936,-0.46473841272950267,32.7,51.89,ZN1_20250608_180116,1749380476.8060508,6
-2.0834626218097583,-2.3739638456600005,-3.3538069910800914,-0.5248485563502072,32.7,51.9,ZN1_20250608_180116,1749380476.8060508,7
-3.2627488541727416,-6.461072718157084,-6.432384139427086,-1.230027543562528,32.73,51.88,ZN1_20250608_180116,1749380476.8060508,8
-3.5378586970903143,-10.261326617494888,-10.235731445041893,-2.1155369616374173,32.76,51.89,ZN1_20250608_180116,1749380476.8060508,9
-3.3781526795005448,-9.072751572763082,-9.027781182930084,-1.8149862435336672,32.76,51.84,ZN1_20250608_180116,1749380476.8060508,10
-4.410093883018362,-9.310466581709079,-10.269371235352082,-1.8750963871543718,32.76,51.85,ZN1_20250608_180116,1749380476.8060508,11
-4.824483429485099,-10.49797954517362,-11.456623653082715,-2.150229478639176,32.77,51.85,ZN1_20250608_180116,1749380476.8060508,12
-4.314270272464455,-8.597321554870177,-9.54460107808518,-0.6947659562920308,32.76,51.82,ZN1_20250608_180116,1749380476.8060508,13
-4.282329068946638,-8.35960654592327,-9.303011025662272,-0.6346558126713262,32.76,51.81,ZN1_20250608_180116,1749380476.8060508,14
-5.047225754844021,-10.25920245495854,-11.194335756279543,-2.0647017083990704,32.78,51.79,ZN1_20250608_180116,1749380476.8060508,15
-5.015284551325976,-10.021487446012543,-10.952745703856635,-2.004591564778366,32.78,51.78,ZN1_20250608_180116,1749380476.8060508,16
-4.6328362083772845,-9.071689491495817,-10.00708333854891,-1.7895686169142664,32.77,51.79,ZN1_20250608_180116,1749380476.8060508,17
-4.50507139430556,-9.120829455710009,-9.0407231288591,-1.5491280424312208,32.77,51.75,ZN1_20250608_180116,1749380476.8060508,18
-5.684357626668998,-12.207938328208002,-12.119300277205184,-2.2543070296435417,32.8,51.73,ZN1_20250608_180116,1749380476.8060508,19
-6.194570783689414,-15.108596318511445,-15.03132285220454,-2.7097705519906867,32.81,51.76,ZN1_20250608_180116,1749380476.8060508,20
-6.863643859032436,-16.295047200705994,-16.197877425553088,-2.95948601685609,32.83,51.71,ZN1_20250608_180116,1749380476.8060508,21
-6.8317026555146185,-16.057332191759997,-15.95628737313109,-2.8993758732353854,32.83,51.7,ZN1_20250608_180116,1749380476.8060508,22
-5.839833147923855,-4.882602608743582,-5.560159220514834,-0.02336386982028671,32.85,51.13,ZN1_20250608_180116,1749380476.8060508,23
-5.367999488296391,10.76063426130986,11.413237982198552,3.2605990634922364,32.88,50.28,ZN1_20250608_180116,1749380476.8060508,24
-5.247519067366284,24.789006032952784,24.729144608265415,-4.116649583023673,32.91,49.54,ZN1_20250608_180116,1749380476.8060508,25
-4.6504588914681335,35.67475648027266,36.808647229386224,-12.11114240198458,32.91,49.04,ZN1_20250608_180116,1749380476.8060508,26
-4.9149651112884385,42.04498383887858,43.318636698861155,-19.22231032312152,32.92,48.68,ZN1_20250608_180116,1749380476.8060508,27
-5.881331709236065,46.08826315350325,46.467063278805654,-23.149602628329603,32.94,48.41,ZN1_20250608_180116,1749380476.8060508,28
-7.561073574789816,49.36819539580665,50.836382066789156,-29.042202416536384,32.95,48.18,ZN1_20250608_180116,1749380476.8060508,29
-8.037653329757859,51.5108167201297,53.07278607173612,-31.424958244091385,32.98,47.94,ZN1_20250608_180116,1749380476.8060508,30
-7.303851748111811,54.07547977305694,55.67593901369037,-35.54872371639908,32.97,47.84,ZN1_20250608_180116,1749380476.8060508,31
-10.865586323423713,50.03857294604131,51.65169950003565,-39.4689256514755,33.01,47.81,ZN1_20250608_180116,1749380476.8060508,32
-10.322585863618315,54.079728098129635,54.758730391216886,-40.44705320992193,33.01,47.64,ZN1_20250608_180116,1749380476.8060508,33
-11.417563374905512,55.269365224129615,55.98737849770896,-41.121084865199236,33.02,47.54,ZN1_20250608_180116,1749380476.8060508,34
-10.811526607330961,57.88316824127196,57.62417122997522,-41.48529091198952,33.01,47.48,ZN1_20250608_180116,1749380476.8060508,35
-12.83110682210463,54.98463441350577,55.75354434373912,-44.889919181098094,33.04,47.41,ZN1_20250608_180116,1749380476.8060508,36
-14.181613961535277,54.272551467935045,55.049472030854304,-46.04483198534126,33.05,47.39,ZN1_20250608_180116,1749380476.8060508,37
-14.021907943945507,54.46112651266685,55.25742229296611,-46.744281267237284,33.05,47.34,ZN1_20250608_180116,1749380476.8060508,38
-14.914569443914388,51.61067056784668,52.39973735265994,-48.4147677374483,33.07,47.36,ZN1_20250608_180116,1749380476.8060508,39
-15.13731176927331,50.84944765806085,52.66202524946311,-49.32923996720842,33.08,47.3,ZN1_20250608_180116,1749380476.8060508,40
-15.977605751683313,52.03802270279357,52.86997551157583,-50.028689249104445,33.08,47.25,ZN1_20250608_180116,1749380476.8060508,41
-18.699046344585213,46.812540831045226,47.63778573580839,-52.24944190228484,33.12,47.27,ZN1_20250608_180116,1749380476.8060508,42
-17.296171687596143,51.56365476616793,52.40749325111119,-51.12349190972691,33.09,47.22,ZN1_20250608_180116,1749380476.8060508,43
-18.475457919959354,47.476545893669936,48.328916102765106,-52.82867089693923,33.12,47.2,ZN1_20250608_180116,1749380476.8060508,44
-19.41157551292349,47.95197591156284,48.81209620761001,-53.70845060969782,33.12,47.18,ZN1_20250608_180116,1749380476.8060508,45
-18.168406873524418,51.51451480195374,51.373853460801,-52.88305133524386,33.09,47.18,ZN1_20250608_180116,1749380476.8060508,46
-19.99718596645721,48.13948887502647,48.999348625340645,-53.433317518213016,33.11,47.18,ZN1_20250608_180116,1749380476.8060508,47
-20.25186949533372,48.140550956294646,49.02004646972182,-53.40789989159384,33.12,47.13,ZN1_20250608_180116,1749380476.8060508,48
-21.208413402338465,44.81466499358157,45.67918142457074,-55.198606649046496,33.14,47.17,ZN1_20250608_180116,1749380476.8060508,49
-20.41157551292349,46.95197591156284,46.81209620761001,-54.70845060969782,33.12,47.18,ZN1_20250608_180116,1749380476.8060508,50
-20.34769310588763,47.427405929455745,47.29527631245492,-54.588230322456184,33.12,47.16,ZN1_20250608_180116,1749380476.8060508,51
-22.08064858826674,44.76552502936647,45.64554163426055,-54.95816607456322,33.14,47.13,ZN1_20250608_180116,1749380476.8060508,52
-22.08064858826674,43.76552502936647,45.64554163426055,-54.95816607456322,33.14,47.13,ZN1_20250608_180116,1749380476.8060508,53
-21.315751902369584,45.66512093840265,46.536866364876914,-54.52812017883548,33.12,47.15,ZN1_20250608_180116,1749380476.8060508,54
-23.112589791784558,43.527810020420475,44.403951581837646,-55.01827621818393,33.14,47.14,ZN1_20250608_180116,1749380476.8060508,55
-23.01676618123065,44.240955047259376,45.12872173910546,-54.83794578732159,33.14,47.11,ZN1_20250608_180116,1749380476.8060508,56
-23.399214524179342,43.29115709274265,43.18305937379682,-55.05296873518569,33.15,47.1,ZN1_20250608_180116,1749380476.8060508,57
-23.49503813473325,41.57801206590375,42.45828921652992,-55.23329916604803,33.15,47.13,ZN1_20250608_180116,1749380476.8060508,58
-22.984824977712833,43.47867005620628,44.370311791527456,-55.77783564370088,33.14,47.1,ZN1_20250608_180116,1749380476.8060508,59
-23.97331008823562,38.91506908454721,40.78785669395438,-56.62865254477424,33.16,47.15,ZN1_20250608_180116,1749380476.8060508,60
-23.08064858826674,41.76552502936647,43.64554163426055,-55.95816607456322,33.14,47.13,ZN1_20250608_180116,1749380476.8060508,61
-24.431155727697387,41.053442083796654,41.941469321374825,-56.11307887880639,33.15,47.11,ZN1_20250608_180116,1749380476.8060508,62
-23.984824977712833,42.47867005620628,43.370311791527456,-55.77783564370088,33.14,47.1,ZN1_20250608_180116,1749380476.8060508,63
-24.399214524179342,41.29115709274265,41.18305937379682,-56.05296873518569,33.15,47.1,ZN1_20250608_180116,1749380476.8060508,64
-24.590015646019992,41.76764919190373,41.6869373230229,-55.90733082132488,33.16,47.03,ZN1_20250608_180116,1749380476.8060508,65
-24.11174369251762,42.430592173260266,43.35736984559844,-55.511977442598436,33.15,47.01,ZN1_20250608_180116,1749380476.8060508,66
-25.621956849538037,40.52993418295773,41.445347270600905,-55.96744096494558,33.16,47.04,ZN1_20250608_180116,1749380476.8060508,67
-24.69735414605111,43.6181051367239,43.544622263329074,-55.23684435111386,33.14,47.01,ZN1_20250608_180116,1749380476.8060508,68
-24.69735414605111,42.6181051367239,43.544622263329074,-55.23684435111386,33.14,47.01,ZN1_20250608_180116,1749380476.8060508,69
-23.964398663672,44.27998603681226,45.19435694152344,-54.86690859900682,33.12,47.04,ZN1_20250608_180116,1749380476.8060508,70
-24.79317775660502,41.90496010988409,41.81985210606217,-55.4171747819762,33.14,47.04,ZN1_20250608_180116,1749380476.8060508,71
-24.69735414605111,42.6181051367239,42.544622263329074,-55.23684435111386,33.14,47.01,ZN1_20250608_180116,1749380476.8060508,72
-24.964398663672,44.27998603681226,44.19435694152344,-54.86690859900682,33.12,47.04,ZN1_20250608_180116,1749380476.8060508,73
-25.85706016364088,40.42953009199209,41.336672001217266,-55.53739506921784,33.14,47.06,ZN1_20250608_180116,1749380476.8060508,74
-25.156045884779815,41.85369598313446,42.74481662698963,-55.2275694607315,33.12,47.1,ZN1_20250608_180116,1749380476.8060508,75
-25.741656338313533,43.04120894659809,43.932069044719356,-54.952436369246925,33.11,47.1,ZN1_20250608_180116,1749380476.8060508,76
-25.901362355903302,40.852633901865374,42.72411878260755,-55.252987087350675,33.11,47.15,ZN1_20250608_180116,1749380476.8060508,77
-25.933303559421347,40.61491889291938,41.48252873018464,-55.31309723097161,33.11,47.16,ZN1_20250608_180116,1749380476.8060508,78
-25.99718596645721,40.13948887502647,40.999348625340645,-55.433317518213016,33.11,47.18,ZN1_20250608_180116,1749380476.8060508,79
-26.06106837349307,39.66405885713357,40.51616852049483,-55.55353780545465,33.11,47.2,ZN1_20250608_180116,1749380476.8060508,80
-26.22077439108284,38.47548381240176,38.30821825838302,-55.85408852355863,33.11,47.25,ZN1_20250608_180116,1749380476.8060508,81
-25.75486342632462,41.79924561257849,41.60768761477175,-55.11421701934455,33.07,47.31,ZN1_20250608_180116,1749380476.8060508,82
-26.45587770518614,39.37507972143521,40.19954298899938,-55.424042627830886,33.09,47.27,ZN1_20250608_180116,1749380476.8060508,83
-25.75486342632462,40.79924561257849,41.60768761477175,-54.11421701934455,33.07,47.31,ZN1_20250608_180116,1749380476.8060508,84
-26.041488158719403,40.562592684899755,41.386795406730926,-54.14890953634608,33.08,47.27,ZN1_20250608_180116,1749380476.8060508,85
-25.690981019288756,41.27467563047139,42.090867719616654,-53.993996732102914,33.07,47.29,ZN1_20250608_180116,1749380476.8060508,86
-26.13731176927331,38.84944765806085,40.66202524946311,-54.32923996720842,33.08,47.3,ZN1_20250608_180116,1749380476.8060508,87
-24.894143129873555,42.41198654845266,43.22378250265592,-53.50384069275424,33.05,47.3,ZN1_20250608_180116,1749380476.8060508,88
-25.08579035098137,40.98569649477395,41.77424218812121,-53.86450155447892,33.05,47.36,ZN1_20250608_180116,1749380476.8060508,89
-25.862201926355738,42.64970155739866,43.46537255507792,-53.443730549133534,33.05,47.29,ZN1_20250608_180116,1749380476.8060508,90
-25.639459600997043,42.410924467184486,43.20308465827384,-53.52925831937364,33.04,47.35,ZN1_20250608_180116,1749380476.8060508,91
-24.81068050806425,43.78595039411084,45.577589493735104,-52.97899213640426,33.02,47.35,ZN1_20250608_180116,1749380476.8060508,92
-25.543635990443136,42.12406949402339,43.92785481554165,-53.34892788851107,33.04,47.32,ZN1_20250608_180116,1749380476.8060508,93
-24.396290961597515,44.97346335757538,46.76484191146665,-52.703859044919454,33.01,47.35,ZN1_20250608_180116,1749380476.8060508,94
-24.396290961597515,44.97346335757538,45.76484191146665,-52.703859044919454,33.01,47.35,ZN1_20250608_180116,1749380476.8060508,95
-24.109666229202958,44.21011628525321,45.98573411950747,-52.66916652791792,33.0,47.39,ZN1_20250608_180116,1749380476.8060508,96
-24.07772502568514,44.447831294200114,46.22732417192947,-52.60905638429722,33.0,47.38,ZN1_20250608_180116,1749380476.8060508,97
-23.28088713626994,46.58514221218138,48.360238954968736,-52.118900344948315,32.98,47.39,ZN1_20250608_180116,1749380476.8060508,98
-23.440593153859936,45.396567167449575,47.15228869285693,-52.41945106305229,32.98,47.44,ZN1_20250608_180116,1749380476.8060508,99
-23.5044755608958,44.92113714955667,45.66910858801202,-52.53967135029393,32.98,47.46,ZN1_20250608_180116,1749380476.8060508,100
0.0,0.0,0.0,0.0,34.37,49.0,ZN2_20250608_181019,1749381019.6021788,1
0.8287790929327912,2.3750259269272647,2.3745048354612663,1.5502661829691533,34.35,49.0,ZN2_20250608_181019,1749381019.6021788,2
-0.26704451762111603,1.661880900088363,1.6497346781943634,0.3699357521068123,34.35,49.03,ZN2_20250608_181019,1749381019.6021788,3
-0.9680587964819551,0.2377150089469069,-0.7584099475770927,0.06011014362070455,34.37,48.99,ZN2_20250608_181019,1749381019.6021788,4
-0.8722351859280479,0.9508600357858086,-0.03363979031018971,0.24044057448304557,34.37,48.96,ZN2_20250608_181019,1749381019.6021788,5
-2.1473450288456206,-2.8493938635519953,-3.8369870959249965,-0.6450688435920711,34.4,48.97,ZN2_20250608_181019,1749381019.6021788,6
-0.06388240703586234,-0.4754300178919948,-0.48318010484399565,-0.12022028724163647,34.37,49.02,ZN2_20250608_181019,1749381019.6021788,7
1.1597060175897695,1.1885750447327155,0.2079502621127176,0.3005507181037501,34.37,48.95,ZN2_20250608_181019,1749381019.6021788,8
-1.1792862323636655,-3.0871088724979927,-4.078577148346994,-0.7051789872127756,34.4,48.98,ZN2_20250608_181019,1749381019.6021788,9
0.012360988744148926,-2.6608188188201893,-2.629036833812279,-0.3445181254880936,34.4,48.92,ZN2_20250608_181019,1749381019.6021788,10
-0.5732494647895692,-1.4733058553556475,-1.4417844160816458,-0.06938503400328955,34.39,48.92,ZN2_20250608_181019,1749381019.6021788,11
-0.9237566042197614,-2.185388800927285,-2.1458567289682833,-0.2242978382464571,34.4,48.9,ZN2_20250608_181019,1749381019.6021788,12
-1.4978521682762675,-4.561476809122723,-4.541059408809815,-0.7999816478350112,34.41,48.95,ZN2_20250608_181019,1749381019.6021788,13
-1.4020285577223603,-3.848331782282912,-3.816289251542912,-0.6196512169726702,34.41,48.92,ZN2_20250608_181019,1749381019.6021788,14
-2.198866447137334,-5.985642700265089,-5.949204034582181,-1.1098072563213464,34.43,48.91,ZN2_20250608_181019,1749381019.6021788,15
-0.7959917901480367,-1.2345287651414765,-1.179496519278473,0.016142736236588462,34.4,48.86,ZN2_20250608_181019,1749381019.6021788,16
-2.1669252436195166,-5.747927691318182,-5.707613982160183,-1.0496971127004144,34.43,48.9,ZN2_20250608_181019,1749381019.6021788,17
-2.4854911795318912,-6.222295627942913,-6.1700962426230035,-1.1444997733228774,34.44,48.87,ZN2_20250608_181019,1749381019.6021788,18
-2.5813147900857984,-6.935440654781814,-6.894866399890816,-1.3248302041852185,34.44,48.9,ZN2_20250608_181019,1749381019.6021788,19
-2.1349840401014717,-4.510212682372185,-5.4660239297372755,-0.9895869690797099,34.43,48.89,ZN2_20250608_181019,1749381019.6021788,20
-3.31427027246491,-7.597321554871087,-8.54460107808518,-1.6947659562924855,34.46,48.87,ZN2_20250608_181019,1749381019.6021788,21
-2.451011678212808,0.7237658395215476,-0.06825139891861909,0.434506697054303,34.47,48.47,ZN2_20250608_181019,1749381019.6021788,22
-1.1716713389605502,13.037930503055577,13.502187225498346,1.8515099930564247,34.49,47.81,ZN2_20250608_181019,1749381019.6021788,23
0.7971683896762443,30.339862029391952,31.06322557326166,-2.570844201381533,34.47,47.14,ZN2_20250608_181019,1749381019.6021788,24
1.3622873620563496,41.98789746776583,41.90113814196047,-8.625447163963145,34.47,46.65,ZN2_20250608_181019,1749381019.6021788,25
-0.635174340142612,47.696243926284296,47.76139293324195,-16.10655083720667,34.5,46.26,ZN2_20250608_181019,1749381019.6021788,26
-0.7088794381218122,52.589979185730044,53.76750445349171,-20.36335667220419,34.5,45.97,ZN2_20250608_181019,1749381019.6021788,27
-0.8588279318810237,60.66910324610217,61.919472702709754,-23.395864668955028,34.47,45.78,ZN2_20250608_181019,1749381019.6021788,28
-1.590937314993198,60.910004498853596,61.223156288276186,-27.259501645476576,34.5,45.62,ZN2_20250608_181019,1749381019.6021788,29
-2.239584076295614,63.524869597264114,63.88064686492271,-31.598290065648143,34.5,45.51,ZN2_20250608_181019,1749381019.6021788,30
-4.19528188403342,62.10176578738992,62.49320008353243,-32.88269804751508,34.53,45.42,ZN2_20250608_181019,1749381019.6021788,31
-4.334561587582357,64.714506723265,65.1092949714166,-35.272321720924765,34.51,45.41,ZN2_20250608_181019,1749381019.6021788,32
-5.07903195943868,65.61622679483571,67.04201539079622,-36.79144057195845,34.51,45.33,ZN2_20250608_181019,1749381019.6021788,33
-5.4729951918643565,68.23002981197806,69.67880812306066,-38.155646618749415,34.5,45.27,ZN2_20250608_181019,1749381019.6021788,34
-6.249406767238725,69.89403487460277,70.36993849001738,-38.7348756134038,34.5,45.2,ZN2_20250608_181019,1749381019.6021788,35
-6.280501871489605,70.55910201849565,72.08176670135617,-40.288686981439014,34.51,45.08,ZN2_20250608_181019,1749381019.6021788,36
-7.056913446863973,72.22310708112127,72.77289706831289,-40.86791597609363,34.51,45.01,ZN2_20250608_181019,1749381019.6021788,37
-7.961089836310066,72.93625210796017,73.49766722557979,-41.68758554523106,34.51,44.98,ZN2_20250608_181019,1749381019.6021788,38
-9.534339301099408,72.4629462526027,73.05588280949814,-42.75697057923435,34.53,44.9,ZN2_20250608_181019,1749381019.6021788,39
-10.342692079991593,72.88923630628142,73.50542312403195,-43.396309717509666,34.53,44.84,ZN2_20250608_181019,1749381019.6021788,40
-10.959397637775965,75.74181641363793,76.40450375310138,-42.6749879940603,34.53,44.72,ZN2_20250608_181019,1749381019.6021788,41
-11.16255974836099,77.87912733162011,78.53741853614065,-43.184831954711626,34.51,44.73,ZN2_20250608_181019,1749381019.6021788,42
-10.68428779485862,79.54207031297665,80.20785105871619,-43.78947857598541,34.5,44.71,ZN2_20250608_181019,1749381019.6021788,43
-12.959397637775965,74.74181641363793,76.40450375310138,-44.6749879940603,34.53,44.72,ZN2_20250608_181019,1749381019.6021788,44
-12.735809213150333,76.40582147626264,77.0956341200581,-45.25421698871469,34.53,44.65,ZN2_20250608_181019,1749381019.6021788,45
-11.907030120217314,78.78084740319082,79.47013895551936,-44.70395080574531,34.51,44.65,ZN2_20250608_181019,1749381019.6021788,46
-12.747324102627545,79.96942244792262,80.67808921763208,-44.40340008764133,34.51,44.6,ZN2_20250608_181019,1749381019.6021788,47
-13.30099335264299,81.39465042033316,82.10693168778471,-44.06815685253605,34.5,44.59,ZN2_20250608_181019,1749381019.6021788,48
-13.142133434320385,79.68044331222518,80.36146368613663,-46.27390491001756,34.49,44.67,ZN2_20250608_181019,1749381019.6021788,49
-13.396816963196898,79.68150539349335,80.3821615305178,-46.24848728339839,34.5,44.62,ZN2_20250608_181019,1749381019.6021788,50
-15.428758166714942,79.44379038454736,80.1405714780949,-46.30859742701932,34.5,44.63,ZN2_20250608_181019,1749381019.6021788,51
-14.854662602658664,81.8198783927428,81.53577415793734,-45.73291361743054,34.49,44.58,ZN2_20250608_181019,1749381019.6021788,52
-14.15364832379737,83.24404428388516,82.9439187837097,-45.423088008944205,34.47,44.62,ZN2_20250608_181019,1749381019.6021788,53
-14.217530730833232,82.76861426599226,82.4607386788648,-45.54330829618584,34.47,44.64,ZN2_20250608_181019,1749381019.6021788,54
-13.739258777331088,83.43155724734788,84.13117120144034,-45.14795491745963,34.46,44.62,ZN2_20250608_181019,1749381019.6021788,55
-14.102126905505884,84.38029312059825,85.0561357223678,-44.9583495962147,34.44,44.68,ZN2_20250608_181019,1749381019.6021788,56
-14.930905998438902,82.00526719367008,82.68163088690562,-45.50861577918431,34.46,44.68,ZN2_20250608_181019,1749381019.6021788,57
-13.65579615552133,85.80552109300788,86.48497819252043,-44.62310636110942,34.43,44.67,ZN2_20250608_181019,1749381019.6021788,58
-14.994788405474765,80.52983717577717,82.19845078206163,-46.62883606642595,34.46,44.7,ZN2_20250608_181019,1749381019.6021788,59
-14.8155021731111,83.61694604827608,85.27702793040862,-45.92365707921317,34.43,44.72,ZN2_20250608_181019,1749381019.6021788,60
-13.732039551301568,85.99090989393517,87.63083492148871,-45.39880852286319,34.4,44.77,ZN2_20250608_181019,1749381019.6021788,61
-14.98672308017808,85.99197197520425,86.6515327658708,-45.37339089624379,34.41,44.72,ZN2_20250608_181019,1749381019.6021788,62
-14.189885190763334,88.12928289318461,88.78444754890916,-44.88323485689534,34.39,44.73,ZN2_20250608_181019,1749381019.6021788,63
-14.189885190763334,87.12928289318461,88.78444754890916,-44.88323485689534,34.39,44.73,ZN2_20250608_181019,1749381019.6021788,64
-13.58469452245572,87.84030375748807,88.46782201741371,-44.75373967927135,34.37,44.8,ZN2_20250608_181019,1749381019.6021788,65
-14.266128586543346,88.3146716941119,88.93030427787653,-44.65893701864911,34.36,44.83,ZN2_20250608_181019,1749381019.6021788,66
-14.58469452245572,87.84030375748807,87.46782201741371,-44.75373967927135,34.37,44.8,ZN2_20250608_181019,1749381019.6021788,67
-13.118783557697725,91.1640655576648,90.76729137380153,-44.01386817505727,34.33,44.86,ZN2_20250608_181019,1749381019.6021788,68
-12.672452807713398,92.58929353007443,92.19613384395507,-44.67862493995199,34.32,44.85,ZN2_20250608_181019,1749381019.6021788,69
-13.054901150661863,91.6394955755568,91.25047147864643,-43.89364788781586,34.33,44.84,ZN2_20250608_181019,1749381019.6021788,70
-12.832158825303168,90.40071848534262,90.98818358184326,-44.97917565805574,34.32,44.9,ZN2_20250608_181019,1749381019.6021788,71
-12.385828075318841,91.82594645775225,92.41702605199498,-43.64393242295023,34.31,44.89,ZN2_20250608_181019,1749381019.6021788,72
-13.864100028820985,90.16300347639572,90.74659352942035,-45.03928580167667,34.32,44.91,ZN2_20250608_181019,1749381019.6021788,73
-12.876461017565362,91.8238222952159,92.37563036323263,-43.6947676761888,34.29,44.99,ZN2_20250608_181019,1749381019.6021788,74
-11.697174785201923,94.9109311677148,95.45420751158053,-42.989588688976255,34.26,45.01,ZN2_20250608_181019,1749381019.6021788,75
-12.20738794222234,92.01027317741136,93.54218493658209,-43.4450522113234,34.27,45.04,ZN2_20250608_181019,1749381019.6021788,76
-11.282785238735414,95.09844413117844,95.64145992931117,-42.71445559749145,34.25,45.01,ZN2_20250608_181019,1749381019.6021788,77
-12.25084403521737,95.33615914012444,95.88304998173408,-42.65434545387075,34.25,45.0,ZN2_20250608_181019,1749381019.6021788,78
-11.007675395817841,98.89869803051624,99.44480723492597,-41.82894617941656,34.22,45.0,ZN2_20250608_181019,1749381019.6021788,79
-10.115013895849188,101.74915397533641,102.30249217523124,-41.15845970920577,34.2,44.98,ZN2_20250608_181019,1749381019.6021788,80
-10.051131488813326,101.22458399322932,101.78567228007614,-41.038239421964136,34.2,44.96,ZN2_20250608_181019,1749381019.6021788,81
-10.86033036697222,100.74809189406824,101.28179433085097,-41.183877335824945,34.19,45.03,ZN2_20250608_181019,1749381019.6021788,82
-10.095433681075292,102.6476878031026,103.17311906146642,-40.7538314400972,34.17,45.05,ZN2_20250608_181019,1749381019.6021788,83
-9.394419402214226,104.07185369424496,104.58126368723879,-40.444005831610866,34.15,45.09,ZN2_20250608_181019,1749381019.6021788,84
-10.446786919772876,100.03282270469208,100.5156284848199,-41.41504301992563,34.17,45.16,ZN2_20250608_181019,1749381019.6021788,85
-9.406780390958374,105.73267251306515,106.21030052105198,-40.099487706123,34.12,45.17,ZN2_20250608_181019,1749381019.6021788,86
-9.789228733907066,104.78287455854752,105.26463815574334,-40.31451065398687,34.13,45.16,ZN2_20250608_181019,1749381019.6021788,87
-8.578001298025583,107.10769843999242,108.58480535651233,-39.54922152315362,34.1,45.17,ZN2_20250608_181019,1749381019.6021788,88
-8.291376565631253,107.34435136767024,107.80569756455316,-39.51452900615209,34.09,45.21,ZN2_20250608_181019,1749381019.6021788,89
-8.227494158595164,107.81978138556315,108.28887766939806,-39.39430871891045,34.09,45.19,ZN2_20250608_181019,1749381019.6021788,90
-7.940869426200379,108.05643431324188,108.5097698774398,-39.35961620190892,34.08,45.23,ZN2_20250608_181019,1749381019.6021788,91
-6.569935972728899,111.56983323941859,113.0378873403215,-38.29377635297169,34.05,45.19,ZN2_20250608_181019,1749381019.6021788,92
-6.21942883329848,112.28191618498931,113.74195965320723,-38.13886354872852,34.04,45.21,ZN2_20250608_181019,1749381019.6021788,93
-6.390649740365461,114.65694211191658,116.1164644886685,-37.58859736575914,34.02,45.21,ZN2_20250608_181019,1749381019.6021788,94
-6.582296961473276,113.23065205823787,113.66692417413378,-37.949258227483824,34.02,45.27,ZN2_20250608_181019,1749381019.6021788,95
-5.371069525591793,116.55547593968367,116.98709137490368,-37.18396909665057,33.99,45.28,ZN2_20250608_181019,1749381019.6021788,96
-5.180268403751143,116.0789838405226,116.4832134256776,-36.32960701051138,33.98,45.35,ZN2_20250608_181019,1749381019.6021788,97
-4.861702467838313,116.55335177714733,116.94569568614133,-37.23480434988892,33.97,45.38,ZN2_20250608_181019,1749381019.6021788,98
-5.18111450301808,113.17620168768372,114.52979516191772,-36.835905786096646,33.97,45.48,ZN2_20250608_181019,1749381019.6021788,99
-5.1926293924952915,116.73980265934279,118.11225025948988,-35.98508888502374,33.95,45.43,ZN2_20250608_181019,1749381019.6021788,100
0.0,0.0,0.0,0.0,34.49,48.53,ZN3_20250608_181748,1749381468.8018875,1
-1.7968378894147463,-2.1373109179803578,-2.132914783038359,-0.49015603934867613,34.51,48.52,ZN3_20250608_181748,1749381468.8018875,2
-1.8287790929327912,-2.3750259269272647,-2.3745048354612663,-0.5502661829693807,34.51,48.53,ZN3_20250608_181748,1749381468.8018875,3
-0.4143895464662819,-2.1875129634636323,-1.1872524177306332,-0.275133091484804,34.5,48.53,ZN3_20250608_181748,1749381468.8018875,4
-3.9007268252653375,-9.312590744247245,-8.310766924114432,-1.925931640392946,34.56,48.53,ZN3_20250608_181748,1749381468.8018875,5
-2.5617345753119025,-5.036906827015628,-3.02423951365472,-0.9202019350764203,34.53,48.5,ZN3_20250608_181748,1749381468.8018875,6
-3.0080653252964566,-6.462134799426167,-4.453081983808261,-1.255445170181929,34.54,48.51,ZN3_20250608_181748,1749381468.8018875,7
-3.8049032147114303,-7.599445717407434,-7.58599676684662,-1.745601209530605,34.56,48.5,ZN3_20250608_181748,1749381468.8018875,8
-2.49785216827604,-3.561476809123633,-2.541059408809815,-0.7999816478350112,34.53,48.48,ZN3_20250608_181748,1749381468.8018875,9
-2.5617345753119025,-4.036906827015628,-3.02423951365472,-0.9202019350764203,34.53,48.5,ZN3_20250608_181748,1749381468.8018875,10
-3.7729620111933855,-7.361730708461437,-6.344406714424622,-1.6854910659099005,34.56,48.49,ZN3_20250608_181748,1749381468.8018875,11
-2.8164181041886422,-4.035844745747454,-3.0035416692735453,-0.8947843084572469,34.54,48.45,ZN3_20250608_181748,1749381468.8018875,12
-2.741020807675568,-7.124015699515439,-6.102816662001715,-1.6253809222889686,34.56,48.48,ZN3_20250608_181748,1749381468.8018875,13
-1.8803005112245046,-4.511274763640358,-3.4867217741184504,-1.0150045956988833,34.54,48.47,ZN3_20250608_181748,1749381468.8018875,14
-2.9957043365520803,-7.122953618245447,-6.08211881762054,-1.5999632956697951,34.57,48.43,ZN3_20250608_181748,1749381468.8018875,15
-2.709079604157523,-6.8863006905685324,-6.861226609579717,-1.565270778668264,34.56,48.47,ZN3_20250608_181748,1749381468.8018875,16
-3.3462114759825,-7.835036563816175,-6.786191130506268,-1.7548760999129627,34.58,48.41,ZN3_20250608_181748,1749381468.8018875,17
-3.05958674358817,-7.5983836361392605,-6.565298922465445,-1.7201835829114316,34.57,48.45,ZN3_20250608_181748,1749381468.8018875,18
-3.4100938830183622,-8.310466581709989,-7.269371235351173,-1.8750963871543718,34.58,48.43,ZN3_20250608_181748,1749381468.8018875,19
-3.3781526795005448,-8.072751572763082,-8.027781182929175,-1.8149862435336672,34.58,48.42,ZN3_20250608_181748,1749381468.8018875,20
-4.1749905689155185,-10.210062490745258,-10.160695965968443,-2.3051422828823434,34.6,48.41,ZN3_20250608_181748,1749381468.8018875,21
-3.3462114759825,-7.835036563816175,-7.786191130506268,-1.7548760999129627,34.58,48.41,ZN3_20250608_181748,1749381468.8018875,22
-4.142203266130537,-9.06956532895856,-7.965687649784741,-1.7387333636761468,34.61,48.27,ZN3_20250608_181748,1749381468.8018875,23
-3.0856052522367463,4.483376424790549,5.867038871436307,1.7637977025660803,34.64,47.55,ZN3_20250608_181748,1749381468.8018875,24
-0.8497210059795179,21.123427051037652,21.77834254100526,-0.028492243979144405,34.64,46.85,ZN3_20250608_181748,1749381468.8018875,25
-0.6785652660250889,34.38526550655297,36.25304784196851,-5.44730125335127,34.63,46.3,ZN3_20250608_181748,1749381468.8018875,26
-0.5606231428964747,42.70529081967743,44.708699676752985,-9.343446226623882,34.63,45.95,ZN3_20250608_181748,1749381468.8018875,27
-1.3034013162184692,48.41257519692772,49.5482566236542,-15.84996752648658,34.65,45.61,ZN3_20250608_181748,1749381468.8018875,28
-2.3140701064289715,52.87895832142658,55.08412998498807,-18.49285184982773,34.64,45.43,ZN3_20250608_181748,1749381468.8018875,29
-2.0257531755000855,56.921175554783986,59.21185872055048,-22.445561781655215,34.65,45.21,ZN3_20250608_181748,1749381468.8018875,30
-2.8021647508742262,58.585180617408696,59.902989087507194,-25.0247907763096,34.65,45.14,ZN3_20250608_181748,1749381468.8018875,31
-3.5146939192125046,59.72461569792631,62.07729955930881,-27.483799483722578,34.65,45.05,ZN3_20250608_181748,1749381468.8018875,32
-5.279590605109888,57.82501978889195,60.18597482869245,-27.91384537945055,34.67,45.03,ZN3_20250608_181748,1749381468.8018875,33
-3.7808923375666836,63.289278750853555,65.68045250126397,-31.607564956030274,34.64,44.95,ZN3_20250608_181748,1749381468.8018875,34
-6.896296162894259,60.677599896248466,63.08505545776188,-33.192523656001185,34.67,44.91,ZN3_20250608_181748,1749381468.8018875,35
-7.374568116396631,59.01465691489193,60.414622935185434,-34.5878770347274,34.68,44.93,ZN3_20250608_181748,1749381468.8018875,36
-5.907811052371244,64.24120086790754,65.66751055533496,-34.34170675492783,34.65,44.86,ZN3_20250608_181748,1749381468.8018875,37
-6.907811052371244,64.24120086790754,65.66751055533496,-35.34170675492783,34.65,44.86,ZN3_20250608_181748,1749381468.8018875,38
-8.57688412771472,62.05474998571208,64.5009559819855,-37.59142221979346,34.67,44.81,ZN3_20250608_181748,1749381468.8018875,39
-8.544942924196675,62.292464994658985,64.7425460344084,-37.531312076172526,34.67,44.8,ZN3_20250608_181748,1749381468.8018875,40
-7.748105034781474,64.42977591263934,66.87546081744676,-38.04115603682385,34.65,44.81,ZN3_20250608_181748,1749381468.8018875,41
-10.119038488252954,59.91637698646264,61.347343354565055,-40.10699588576108,34.68,44.85,ZN3_20250608_181748,1749381468.8018875,42
-9.811987441817337,63.95434589474644,65.39228071260186,-40.161376324065486,34.65,44.83,ZN3_20250608_181748,1749381468.8018875,43
-10.80047255234058,60.39074492308737,61.809825615028785,-41.012193225138844,34.67,44.88,ZN3_20250608_181748,1749381468.8018875,44
-10.73659014530449,59.86617494098027,62.29300571987369,-40.89197293789721,34.67,44.86,ZN3_20250608_181748,1749381468.8018875,45
-11.640766534750583,60.579319967819174,63.01777587714059,-41.71164250703487,34.67,44.83,ZN3_20250608_181748,1749381468.8018875,46
-11.608825331232765,60.81703497676608,63.25936592956259,-41.65153236341416,34.67,44.82,ZN3_20250608_181748,1749381468.8018875,47
-10.811987441817337,62.95434589474644,65.39228071260186,-42.161376324065486,34.65,44.83,ZN3_20250608_181748,1749381468.8018875,48
-10.875869848853426,62.478915876853534,64.90910060775695,-42.28159661130712,34.65,44.85,ZN3_20250608_181748,1749381468.8018875,49
-11.4295390988691,63.904143849264074,66.3379430779105,-41.946353376201614,34.64,44.84,ZN3_20250608_181748,1749381468.8018875,50
-11.525362709423007,62.19099882242517,65.61317292064359,-42.126683807063955,34.64,44.87,ZN3_20250608_181748,1749381468.8018875,51
-12.557303912940824,61.953283813478265,65.37158286822068,-43.18679395068466,34.64,44.88,ZN3_20250608_181748,1749381468.8018875,52
-12.142914366474542,63.1407967769419,65.55883528595132,-42.91166085920008,34.63,44.88,ZN3_20250608_181748,1749381468.8018875,53
-12.206796773510405,62.66536675904899,64.07565518110641,-43.03188114644172,34.63,44.9,ZN3_20250608_181748,1749381468.8018875,54
-10.963628134110877,66.2279056494408,67.63741243429831,-42.206481871987535,34.6,44.9,ZN3_20250608_181748,1749381468.8018875,55
-11.505782494649111,64.08953265019227,65.48379980687878,-42.722055537955384,34.61,44.94,ZN3_20250608_181748,1749381468.8018875,56
-11.155275355218691,64.801615595763,66.1878721197636,-42.56714273371222,34.6,44.96,ZN3_20250608_181748,1749381468.8018875,57
-12.505782494649111,64.08953265019227,65.48379980687878,-42.722055537955384,34.61,44.94,ZN3_20250608_181748,1749381468.8018875,58
-10.912106715819391,68.3641544861548,69.7496293729564,-41.74174345925803,34.57,44.96,ZN3_20250608_181748,1749381468.8018875,59
-12.187216558736509,64.56390058681609,65.9462820673416,-42.62725287733292,34.6,44.97,ZN3_20250608_181748,1749381468.8018875,60
-10.975989122855253,67.8887244682619,69.2664492681115,-42.86196374649967,34.57,44.98,ZN3_20250608_181748,1749381468.8018875,61
-11.007930326373298,66.65100945931499,69.0248592156895,-42.92207389012037,34.57,44.99,ZN3_20250608_181748,1749381468.8018875,62
-10.880165512301346,67.6018694951008,69.9912194253784,-42.68163331563733,34.57,44.95,ZN3_20250608_181748,1749381468.8018875,63
-10.796702890491588,69.97583334075989,72.3450264164594,-42.15678475928712,34.54,45.0,ZN3_20250608_181748,1749381468.8018875,64
-11.625481983424606,67.60080741383172,68.97052158099814,-42.7070509422565,34.56,45.0,ZN3_20250608_181748,1749381468.8018875,65
-9.681299065164012,72.58751219536589,73.9404234599615,-41.57182605931621,34.51,45.04,ZN3_20250608_181748,1749381468.8018875,66
-11.020291315117447,68.31182827813518,69.65389604950178,-42.57755576463251,34.54,45.07,ZN3_20250608_181748,1749381468.8018875,67
-10.637842972168755,69.2616262326519,70.59955841481042,-42.362532816768635,34.53,45.08,ZN3_20250608_181748,1749381468.8018875,68
-10.936828693307689,69.68579212379518,72.00770304058187,-42.0527072082823,34.51,45.12,ZN3_20250608_181748,1749381468.8018875,69
-11.000711100343551,69.21036210590137,71.52452293573697,-42.172927495523936,34.51,45.14,ZN3_20250608_181748,1749381468.8018875,70
-10.714086367948994,69.4470150335801,71.74541514377779,-42.138234978522405,34.5,45.18,ZN3_20250608_181748,1749381468.8018875,71
-10.777968774984856,68.9715850156872,71.26223503893289,-42.25845526576404,34.5,45.2,ZN3_20250608_181748,1749381468.8018875,72
-9.02458697856514,74.43478189638063,76.73601486712323,-40.97759246896294,34.46,45.17,ZN3_20250608_181748,1749381468.8018875,73
-8.323572699704073,75.858947787523,78.1441594928956,-40.667766860476604,34.44,45.21,ZN3_20250608_181748,1749381468.8018875,74
-7.909183153237336,77.04646075098753,79.33141191062532,-40.3926337689918,34.43,45.21,ZN3_20250608_181748,1749381468.8018875,75
-7.176227670858225,78.7083416510759,80.9811465888206,-40.02269801688476,34.41,45.24,ZN3_20250608_181748,1749381468.8018875,76
-9.10083037434515,75.62017069730882,77.8818715960906,-40.75329463071648,34.43,45.27,ZN3_20250608_181748,1749381468.8018875,77
-7.9215441419817125,77.70727956980772,79.96044874443851,-40.048115643503934,34.4,45.29,ZN3_20250608_181748,1749381468.8018875,78
-8.081250159571482,76.51870452507501,78.7524984823267,-40.34866636160814,34.4,45.34,ZN3_20250608_181748,1749381468.8018875,79
-8.145132566607344,76.04327450718301,78.2693183774818,-40.46888664884955,34.4,45.36,ZN3_20250608_181748,1749381468.8018875,80
-6.965846334243679,79.130383379681,81.3478955258297,-39.763707661637,34.37,45.38,ZN3_20250608_181748,1749381468.8018875,81
-6.232890851864795,80.79226427976937,82.99763020402315,-39.39377190952996,34.35,45.41,ZN3_20250608_181748,1749381468.8018875,82
-6.26483205538284,80.55454927082246,82.75604015160025,-39.453882053150664,34.35,45.42,ZN3_20250608_181748,1749381468.8018875,83
-7.392596869454792,79.60368923503665,81.78967994191134,-39.69432262763394,34.35,45.46,ZN3_20250608_181748,1749381468.8018875,84
-7.456479276490654,79.12825921714466,80.30649983706553,-39.81454291487535,34.35,45.48,ZN3_20250608_181748,1749381468.8018875,85
-6.659641387075453,81.26557013512502,82.43941462010571,-39.3243868755269,34.33,45.49,ZN3_20250608_181748,1749381468.8018875,86
-5.926685904696569,81.92745103521338,84.08914929829825,-38.95445112341986,34.31,45.52,ZN3_20250608_181748,1749381468.8018875,87
-6.500781468752848,79.55136302701794,81.69394661845672,-39.53013493300841,34.32,45.57,ZN3_20250608_181748,1749381468.8018875,88
-6.022509515250476,81.21430600837448,83.36437914103135,-38.1347815542822,34.31,45.55,ZN3_20250608_181748,1749381468.8018875,89
-4.556598550492254,84.5380678085512,86.66384849742008,-37.39491005006812,34.27,45.61,ZN3_20250608_181748,1749381468.8018875,90
-4.014444189953792,86.67644080780065,88.81746112484052,-36.87933638410027,34.26,45.57,ZN3_20250608_181748,1749381468.8018875,91
-3.663937050523373,87.38852375337137,89.52153343772716,-36.7244235798571,34.25,45.59,ZN3_20250608_181748,1749381468.8018875,92
-2.962922771662079,88.81268964451374,90.92967806349861,-36.41459797137077,34.23,45.63,ZN3_20250608_181748,1749381468.8018875,93
-1.8475189463347306,91.42436849911883,93.5250751070007,-36.82963927140008,34.2,45.67,ZN3_20250608_181748,1749381468.8018875,94
-1.9433425568886378,90.71122347227993,91.8003049497338,-37.009969702262424,34.2,45.7,ZN3_20250608_181748,1749381468.8018875,95
-2.039166167442545,89.99807844544102,91.07553479246599,-37.190300133124765,34.2,45.73,ZN3_20250608_181748,1749381468.8018875,96
-3.134989777996452,89.28493341860121,90.35076463519908,-37.370630563987106,34.2,45.76,ZN3_20250608_181748,1749381468.8018875,97
-2.0834683597045114,91.4211822553143,92.46298157385627,-36.9058921512576,34.17,45.82,ZN3_20250608_181748,1749381468.8018875,98
-1.764902423791682,90.89555019193995,92.92546383432,-36.81108949063514,34.16,45.85,ZN3_20250608_181748,1749381468.8018875,99
-1.8607260343455891,90.18240516510014,92.2006936770531,-36.99141992149748,34.16,45.88,ZN3_20250608_181748,1749381468.8018875,100
0.0,0.0,0.0,0.0,35.12,47.99,ZN4_20250608_182635,1749381995.2325838,1
1.7010142788608391,0.4241658911414561,1.408144625771456,0.30982560848610774,35.1,48.03,ZN4_20250608_182635,1749381995.2325838,2
1.605190668306932,0.7110208643025544,0.6833744685045531,0.12949517762376672,35.1,48.06,ZN4_20250608_182635,1749381995.2325838,3
1.7329554823786566,1.6618809000874535,1.6497346781943634,0.3699357521068123,35.1,48.02,ZN4_20250608_182635,1749381995.2325838,4
1.7010142788608391,1.424165891141456,1.408144625771456,0.30982560848610774,35.1,48.03,ZN4_20250608_182635,1749381995.2325838,5
-0.38244834294891916,-0.9497979545167254,-0.9456623653077258,-0.21502294786409948,35.13,47.98,ZN4_20250608_182635,1749381995.2325838,6
0.7648966858967015,1.8995959090343604,1.8913247306163612,0.4300458957277442,35.1,48.01,ZN4_20250608_182635,1749381995.2325838,7
-0.47827195350282636,-1.6629429813565366,-1.6704325225755383,-0.3953533787264405,35.13,48.01,ZN4_20250608_182635,1749381995.2325838,8
0.9361175929639103,-0.4754300178929043,-0.48318010484490515,-0.12022028724163647,35.12,48.01,ZN4_20250608_182635,1749381995.2325838,9
0.5217280464971736,-1.6629429813565366,-1.6704325225755383,-0.3953533787264405,35.13,48.01,ZN4_20250608_182635,1749381995.2325838,10
0.6494928605691257,-0.712082945570728,-0.704072312885728,-0.15491280424316756,35.13,47.97,ZN4_20250608_182635,1749381995.2325838,11
0.6814340640869432,-0.47436793662473065,-0.4624822604637302,-0.09480266062246301,35.13,47.96,ZN4_20250608_182635,1749381995.2325838,12
1.0638824070358623,0.4754300178929043,0.48318010484490515,0.12022028724163647,35.12,47.97,ZN4_20250608_182635,1749381995.2325838,13
-0.38244834294891916,-0.9497979545167254,-0.9456623653077258,-0.21502294786409948,35.13,47.98,ZN4_20250608_182635,1749381995.2325838,14
-1.56173457531213,-4.036906827015628,-4.02423951365563,-0.9202019350764203,35.16,47.96,ZN4_20250608_182635,1749381995.2325838,15
-1.56173457531213,-4.036906827015628,-4.02423951365563,-0.9202019350764203,35.16,47.96,ZN4_20250608_182635,1749381995.2325838,16
-0.11540382532780313,-2.6116788546050884,-2.595397043502089,-0.5849586999709118,35.15,47.95,ZN4_20250608_182635,1749381995.2325838,17
-0.9122417147427768,-4.748989772587265,-4.728311826542267,-1.075114739319588,35.17,47.94,ZN4_20250608_182635,1749381995.2325838,18
0.8730812851947576,0.9519221170539822,0.9870580540709852,0.265858201102219,35.13,47.9,ZN4_20250608_182635,1749381995.2325838,19
-0.5617345753121299,-4.036906827015628,-4.02423951365563,-0.9202019350764203,35.16,47.96,ZN4_20250608_182635,1749381995.2325838,20
-0.05152141829194079,-2.1362488367130936,-2.112216938657184,-0.46473841272950267,35.15,47.93,ZN4_20250608_182635,1749381995.2325838,21
-1.5813147900857984,-5.935440654782724,-5.894866399890816,-1.324830204184991,35.19,47.89,ZN4_20250608_182635,1749381995.2325838,22
-0.33476175361852256,5.238226846965517,5.480563908343356,1.5257641726107067,35.2,47.37,ZN4_20250608_182635,1749381995.2325838,23
0.4858868469052595,17.787982356910106,18.25119689642088,1.9520423589954135,35.2,46.8,ZN4_20250608_182635,1749381995.2325838,24
2.2941744586848927,32.998556685675794,33.65086671831159,-2.2771613291320136,35.17,46.31,ZN4_20250608_182635,1749381995.2325838,25
1.0411831283422543,36.80518307262264,37.578401090214356,-8.239146151341856,35.2,46.0,ZN4_20250608_182635,1749381995.2325838,26
0.807772012773512,42.51034328733567,43.37656234835231,-13.796502704443128,35.2,45.76,ZN4_20250608_182635,1749381995.2325838,27
0.35077247257868294,46.551498439424904,46.48359323953264,-18.774630262890014,35.2,45.59,ZN4_20250608_182635,1749381995.2325838,28
-0.36175669575959546,47.69093351994252,48.657903711335166,-21.233638970302763,35.2,45.5,ZN4_20250608_182635,1749381995.2325838,29
-1.903064957030665,47.45534267353378,48.45770934767643,-25.24291386068512,35.22,45.41,ZN4_20250608_182635,1749381995.2325838,30
-3.7433589394408955,48.643917718265584,49.665659609788236,-26.942363142581144,35.22,45.36,ZN4_20250608_182635,1749381995.2325838,31
-3.6909914218824724,51.68294870781665,52.731294812205306,-27.971325954266376,35.2,45.29,ZN4_20250608_182635,1749381995.2325838,32
-6.953740276055441,46.221875989659566,47.29891067277822,-33.201353497828904,35.26,45.22,ZN4_20250608_182635,1749381995.2325838,33
-5.423946904261356,50.021067807729196,51.08156013401276,-32.341261706373416,35.22,45.26,ZN4_20250608_182635,1749381995.2325838,34
-7.507409526071115,47.647103962069195,48.72775314293176,-34.866110262723396,35.25,45.21,ZN4_20250608_182635,1749381995.2325838,35
-5.531285404292703,51.871523752548455,53.93924507431802,-35.6707752361624,35.2,45.24,ZN4_20250608_182635,1749381995.2325838,36
-5.957189840235969,54.2476117607448,56.334447754161374,-35.09509142657362,35.19,45.19,ZN4_20250608_182635,1749381995.2325838,37
-8.774454043692003,48.30898486215847,49.377487821126124,-37.496174510616356,35.23,45.24,ZN4_20250608_182635,1749381995.2325838,38
-8.296182090189404,49.971927843515004,51.04792034370257,-39.10082113189014,35.22,45.22,ZN4_20250608_182635,1749381995.2325838,39
-10.571291933106977,46.1716739441772,47.244573038086855,-39.98633054996503,35.25,45.23,ZN4_20250608_182635,1749381995.2325838,40
-10.710571636655914,48.78441488005137,49.86066792597194,-39.37595422337472,35.23,45.22,ZN4_20250608_182635,1749381995.2325838,41
-9.595167811328565,51.39609373465555,52.45606496947221,-39.790995523404035,35.2,45.26,ZN4_20250608_182635,1749381995.2325838,42
-10.200358479635497,50.685072870354816,51.772690500969475,-40.9204907010278,35.22,45.19,ZN4_20250608_182635,1749381995.2325838,43
-11.742512840173958,48.546699871105375,49.61907787354903,-41.436064366995424,35.23,45.23,ZN4_20250608_182635,1749381995.2325838,44
-10.40352059022075,51.822383788334264,53.905605284006924,-41.43033466167935,35.2,45.2,ZN4_20250608_182635,1749381995.2325838,45
-11.774454043692003,47.30898486215847,48.377487821126124,-43.496174510616356,35.23,45.24,ZN4_20250608_182635,1749381995.2325838,46
-12.296182090189404,48.971927843515004,49.04792034370257,-43.10082113189014,35.22,45.22,ZN4_20250608_182635,1749381995.2325838,47
-11.084954654307921,52.296751724959904,52.368087544471564,-42.33553200105666,35.19,45.23,ZN4_20250608_182635,1749381995.2325838,48
-12.116895857825966,52.059036716013,52.12649749204866,-42.395642144677595,35.19,45.24,ZN4_20250608_182635,1749381995.2325838,49
-12.116895857825966,52.059036716013,52.12649749204866,-43.395642144677595,35.19,45.24,ZN4_20250608_182635,1749381995.2325838,50
-12.180778264861829,51.58360669812009,51.64331738720466,-43.515862431919004,35.19,45.26,ZN4_20250608_182635,1749381995.2325838,51
-12.690991421882472,48.68294870781665,49.731294812205306,-43.971325954266376,35.2,45.29,ZN4_20250608_182635,1749381995.2325838,52
-12.4158815789649,52.48320260715536,53.53464211782011,-43.08581653619149,35.17,45.28,ZN4_20250608_182635,1749381995.2325838,53
-12.25702166064184,51.76899549904829,52.789174116172035,-43.291564593673,35.16,45.36,ZN4_20250608_182635,1749381995.2325838,54
-11.842632114175558,52.95650846251192,53.97642653390267,-43.0164315021882,35.15,45.36,ZN4_20250608_182635,1749381995.2325838,55
-11.109676631796674,54.61838936259937,55.62616121209612,-42.646495750081385,35.13,45.39,ZN4_20250608_182635,1749381995.2325838,56
-12.90651452121142,52.481078444619015,53.49324642905776,-43.136651789429834,35.15,45.38,ZN4_20250608_182635,1749381995.2325838,57
-12.97039692824751,51.00564842672611,52.01006632421286,-43.25687207667124,35.15,45.4,ZN4_20250608_182635,1749381995.2325838,58
-11.854993102919707,53.6173272813312,54.605463367715856,-42.67191337670033,35.12,45.44,ZN4_20250608_182635,1749381995.2325838,59
-11.547942056484544,57.655296189615,58.65040072575175,-42.726293815004965,35.09,45.42,ZN4_20250608_182635,1749381995.2325838,60
-10.368655824121106,60.74240506211481,61.728977874099655,-42.02111482779242,35.06,45.44,ZN4_20250608_182635,1749381995.2325838,61
-12.10161130649999,59.08052416202645,60.0792431959062,-42.39105057989923,35.08,45.41,ZN4_20250608_182635,1749381995.2325838,62
-12.133552510018035,58.84280915307954,59.837653143483294,-42.45116072352016,35.08,45.42,ZN4_20250608_182635,1749381995.2325838,63
-12.133552510018035,57.84280915307954,59.837653143483294,-42.45116072352016,35.08,45.42,ZN4_20250608_182635,1749381995.2325838,64
-11.304773417085244,60.21783508000681,62.21215797894365,-41.90089454055078,35.06,45.42,ZN4_20250608_182635,1749381995.2325838,65
-10.7945602600646,62.11849307031025,63.124180553943006,-41.445431018203635,35.05,45.39,ZN4_20250608_182635,1749381995.2325838,66
-9.743038841773114,64.25474190702244,65.23639749259928,-40.98069260547436,35.02,45.45,ZN4_20250608_182635,1749381995.2325838,67
-9.806921248808976,63.77931188912953,64.75321738775438,-41.100912892715996,35.02,45.47,ZN4_20250608_182635,1749381995.2325838,68
-10.349075609347437,61.64093888988009,62.59960476033393,-41.61648655868362,35.03,45.51,ZN4_20250608_182635,1749381995.2325838,69
-9.169789376983772,64.7280477623799,65.67818190868184,-40.91130757147107,35.0,45.53,ZN4_20250608_182635,1749381995.2325838,70
-8.831643226297274,67.10094952676991,68.01129105537984,-40.411876641740264,34.96,45.63,ZN4_20250608_182635,1749381995.2325838,71
-8.767760819261412,67.57637954466281,68.49447116022566,-40.29165635449863,34.96,45.61,ZN4_20250608_182635,1749381995.2325838,72
-8.863584429815319,66.86323451782391,67.76970100295785,-40.47198678536097,34.96,45.64,ZN4_20250608_182635,1749381995.2325838,73
-9.023290447405088,65.6746594730912,66.56175074084604,-40.772537503464946,34.96,45.69,ZN4_20250608_182635,1749381995.2325838,74
-8.545018493902944,66.33760245444773,67.23218326342158,-40.37718412473873,34.95,45.67,ZN4_20250608_182635,1749381995.2325838,75
-7.525438279129048,68.23613628221483,69.10281014965585,-39.97255585563016,34.92,45.74,ZN4_20250608_182635,1749381995.2325838,76
-7.429614668575141,68.94928130905373,69.82758030692366,-39.792225424767594,34.92,45.71,ZN4_20250608_182635,1749381995.2325838,77
-7.206872343216219,68.71050421884047,69.56529241012049,-39.8777531950077,34.91,45.77,ZN4_20250608_182635,1749381995.2325838,78
-7.824424000267982,69.6603021733572,70.51095477542913,-40.6627302471436,34.9,45.78,ZN4_20250608_182635,1749381995.2325838,79
-6.581255360868454,73.22284106374809,74.07271202862103,-38.83733097268964,34.87,45.78,ZN4_20250608_182635,1749381995.2325838,80
-6.9956449073351905,72.03532810028355,72.88545961088948,-39.112464064174446,34.88,45.78,ZN4_20250608_182635,1749381995.2325838,81
-6.613196564386271,72.9851260548021,73.83112197619812,-38.89744111631035,34.87,45.79,ZN4_20250608_182635,1749381995.2325838,82
-5.242263110915246,77.4985249809788,78.35923943907892,-38.831601267373344,34.84,45.75,ZN4_20250608_182635,1749381995.2325838,83
-4.22268289614135,78.3970588087459,80.22986632531502,-37.42697299826477,34.81,45.82,ZN4_20250608_182635,1749381995.2325838,84
-5.625557553130875,73.64594487362137,74.4601588100104,-38.55292299082271,34.84,45.87,ZN4_20250608_182635,1749381995.2325838,85
-4.223528995408515,76.4942766559061,77.27644806155513,-38.93327177385004,34.8,45.95,ZN4_20250608_182635,1749381995.2325838,86
-4.3193526059621945,75.7811316290672,76.55167790428823,-38.11360220471238,34.8,45.98,ZN4_20250608_182635,1749381995.2325838,87
-2.3751696877018276,80.76783641060047,81.52157978325158,-36.978377321772086,34.75,46.02,ZN4_20250608_182635,1749381995.2325838,88
-3.0566037517892255,81.24220434722429,81.9840620437135,-36.88357466114985,34.74,46.05,ZN4_20250608_182635,1749381995.2325838,89
-4.331713594706798,77.44195044788648,78.1807147380996,-37.76908407922474,34.77,46.06,ZN4_20250608_182635,1749381995.2325838,90
-3.662640519363549,78.62840133008285,79.34726931144996,-37.51936861435911,34.75,46.11,ZN4_20250608_182635,1749381995.2325838,91
-2.4833542869998837,81.71551020258084,82.42584645979696,-36.81418962714656,34.72,46.13,ZN4_20250608_182635,1749381995.2325838,92
-2.228670758123144,81.71444812131267,82.40514861541487,-36.83960725376596,34.71,46.18,ZN4_20250608_182635,1749381995.2325838,93
-1.8781636186929518,81.4265310668834,83.10922092829969,-36.684694449522794,34.7,46.2,ZN4_20250608_182635,1749381995.2325838,94
-1.1452081363133857,83.08841196697267,84.75895560649587,-36.314758697415755,34.68,46.23,ZN4_20250608_182635,1749381995.2325838,95
-1.9739872292466316,80.7133860400445,81.38445077103279,-36.865024880385135,34.7,46.23,ZN4_20250608_182635,1749381995.2325838,96
0.3207028284446096,86.41217376714849,87.05842496288278,-35.574887193201675,34.64,46.29,ZN4_20250608_182635,1749381995.2325838,97
0.703151171393074,87.36197172166521,88.00408732819142,-35.3598642453378,34.63,46.3,ZN4_20250608_182635,1749381995.2325838,98
1.372224246736323,88.54842260386158,89.17064190154179,-35.11014878047217,34.61,46.35,ZN4_20250608_182635,1749381995.2325838,99
1.244459432664371,87.59756256807577,88.20428169185197,-35.35058935495522,34.61,46.39,ZN4_20250608_182635,1749381995.2325838,100
0.0,0.0,0.0,0.0,35.55,47.88,con zn1_20250608_183936,1749382776.824886,1
0.8926614999688809,2.8504559448192595,1.857684940305262,0.6704864702107898,35.53,47.86,con zn1_20250608_183936,1749382776.824886,2
0.0,0.0,-1.0,0.0,35.55,47.88,con zn1_20250608_183936,1749382776.824886,3
0.542154360538234,2.1383729992485314,1.153612627419534,0.5155736659678496,35.54,47.84,con zn1_20250608_183936,1749382776.824886,4
0.6379779710921412,2.8515180260883426,1.878382784686437,0.6959040968301906,35.54,47.81,con zn1_20250608_183936,1749382776.824886,5
0.1916472211078144,1.4262900536778034,1.4495403145347154,-0.639339138275318,35.55,47.82,con zn1_20250608_183936,1749382776.824886,6
0.22358842462585926,1.6640050626247103,1.6911303669567133,-0.579228994654386,35.55,47.81,con zn1_20250608_183936,1749382776.824886,7
0.9246027034866984,3.088170953765257,3.09927499272726,-0.2694033861682783,35.53,47.85,con zn1_20250608_183936,1749382776.824886,8
0.15970601758999692,1.188575044731806,1.2079502621118081,0.3005507181039775,35.55,47.83,con zn1_20250608_183936,1749382776.824886,9
0.22358842462585926,1.6640050626247103,1.6911303669567133,0.42077100534561396,35.55,47.81,con zn1_20250608_183936,1749382776.824886,10
0.6379779710921412,2.8515180260883426,2.878382784686437,0.6959040968301906,35.54,47.81,con zn1_20250608_183936,1749382776.824886,11
0.2874708316617216,2.1394350805176146,2.1743104718016184,0.540991292587023,35.55,47.79,con zn1_20250608_183936,1749382776.824886,12
-0.669073075343249,-1.1864508821963682,-1.1665545733503677,-0.2497154648654032,35.57,47.83,con zn1_20250608_183936,1749382776.824886,13
-0.4454846507176171,1.477554180428342,0.5245757936063455,0.1710555404799834,35.57,47.76,con zn1_20250608_183936,1749382776.824886,14
0.0123609887443763,-0.6608188188201893,-1.6290368338131884,-0.3445181254878662,35.58,47.8,con zn1_20250608_183936,1749382776.824886,15
0.4267505352106582,-0.4733058553574665,-0.44178441608255525,-0.06938503400306217,35.57,47.8,con zn1_20250608_183936,1749382776.824886,16
-0.01958021477366856,-0.8985338277670962,-1.8706268862360957,-0.40462826910857075,35.58,47.81,con zn1_20250608_183936,1749382776.824886,17
0.10818459929805613,0.05232620801871235,-0.9042666765462855,-0.16418769462552518,35.58,47.77,con zn1_20250608_183936,1749382776.824886,18
0.1916472211078144,2.4262900536778034,1.4495403145347154,-0.639339138275318,35.55,47.82,con zn1_20250608_183936,1749382776.824886,19
-0.8918154007019439,0.05232620801871235,-0.9042666765462855,-1.1641876946255252,35.58,47.77,con zn1_20250608_183936,1749382776.824886,20
-1.3062049471686805,-1.1351867554458295,-2.091519094277828,-0.4393207861103292,35.59,47.77,con zn1_20250608_183936,1749382776.824886,21
-1.2423225401325908,-0.6597567375538347,-1.608338989432923,-0.3191004988689201,35.59,47.75,con zn1_20250608_183936,1749382776.824886,22
-1.3062049471686805,-2.1351867554458295,-2.091519094277828,-0.4393207861103292,35.59,47.77,con zn1_20250608_183936,1749382776.824886,23
-1.6239247838138908,-0.7067725392307693,-0.6005830909798533,-0.027824671147072877,35.61,47.61,con zn1_20250608_183936,1749382776.824886,24
-1.1742096367615886,8.329584044537114,8.64193243421505,2.3326136663004036,35.64,47.08,con zn1_20250608_183936,1749382776.824886,25
0.21968842855199,22.35264540983917,21.854349838376038,-0.17172311331182755,35.62,46.59,con zn1_20250608_183936,1749382776.824886,26
-0.5230897447706866,28.05992978708855,27.69390678527634,-7.6782444131747525,35.64,46.25,con zn1_20250608_183936,1749382776.824886,27
0.582491389614006,38.04077391903229,37.778595453874004,-11.229871260959499,35.61,45.98,con zn1_20250608_183936,1749382776.824886,28
-1.3208389005649224,39.65670109871098,39.4567838749017,-16.54324205451144,35.62,45.82,con zn1_20250608_183936,1749382776.824886,29
-1.9694856618673384,42.2715661971215,42.114274451548226,-21.88203047468278,35.62,45.71,con zn1_20250608_183936,1749382776.824886,30
-3.414970312585183,42.74912037755075,42.63885024515548,-24.710974934203023,35.64,45.59,con zn1_20250608_183936,1749382776.824886,31
-4.49036760909803,45.83729133131783,45.73812523788456,-26.980378320371074,35.62,45.56,con zn1_20250608_183936,1749382776.824886,32
-4.2667791844721705,47.50129639394254,46.42925560484127,-28.559607315025687,35.62,45.49,con zn1_20250608_183936,1749382776.824886,33
-6.967793463333692,45.07713050280017,45.02111097906891,-30.869432923512022,35.64,45.45,con zn1_20250608_183936,1749382776.824886,34
-6.871969852779785,45.790275529639075,45.74588113633581,-33.68910249264968,35.64,45.42,con zn1_20250608_183936,1749382776.824886,35
-9.179020899215175,41.752306621354364,41.700943778299916,-35.6347220543455,35.67,45.44,con zn1_20250608_183936,1749382776.824886,36
-8.967793463333692,45.07713050280017,45.02111097906891,-35.86943292351202,35.64,45.45,con zn1_20250608_183936,1749382776.824886,37
-9.99973466685151,44.839415493854176,43.779520926646,-38.92954306713273,35.64,45.46,con zn1_20250608_183936,1749382776.824886,38
-10.095558277405416,44.126270467014365,43.0547507693791,-40.10987349799507,35.64,45.49,con zn1_20250608_183936,1749382776.824886,39
-11.031675870369554,44.60170048490727,43.537930874224,-39.98965321075366,35.64,45.47,con zn1_20250608_183936,1749382776.824886,40
-12.306785713287127,40.801446585569465,39.734583568610105,-40.87516262882855,35.67,45.48,con zn1_20250608_183936,1749382776.824886,41
-11.47800662035388,42.17647251249764,42.10908840407137,-41.32489644585894,35.65,45.48,con zn1_20250608_183936,1749382776.824886,42
-11.139014370400446,46.45215642972835,46.395615814531084,-41.31916674054264,35.62,45.45,con zn1_20250608_183936,1749382776.824886,43
-13.286359399246066,43.60276256617544,43.55862871860609,-41.96423558413426,35.65,45.42,con zn1_20250608_183936,1749382776.824886,44
-13.222476992210204,44.07819258406835,44.04180882345099,-42.84401529689285,35.65,45.4,con zn1_20250608_183936,1749382776.824886,45
-12.915425945774587,47.11616149235306,47.0867461814878,-42.89839573519703,35.62,45.38,con zn1_20250608_183936,1749382776.824886,46
-13.808087445743922,44.26570554753198,44.229061241180716,-43.568882205408045,35.64,45.4,con zn1_20250608_183936,1749382776.824886,47
-12.405212788754397,49.01681948265468,48.99876875648624,-43.44293221285011,35.61,45.35,con zn1_20250608_183936,1749382776.824886,48
-13.81960233522068,47.82930651919196,47.81151633875561,-43.71806530433469,35.62,45.35,con zn1_20250608_183936,1749382776.824886,49
-13.576433695821834,51.39184540958195,51.37327359194569,-42.89266602988096,35.59,45.35,con zn1_20250608_183936,1749382776.824886,50
-13.353691370462684,51.153068319368685,50.11098569514343,-43.97819380012061,35.58,45.41,con zn1_20250608_183936,1749382776.824886,51
-14.417573777498546,50.67763830147578,49.62780559029852,-45.098414087362244,35.58,45.43,con zn1_20250608_183936,1749382776.824886,52
-14.194831452140079,50.4388612112607,49.36551769349444,-45.18394185760235,35.57,45.49,con zn1_20250608_183936,1749382776.824886,53
-13.493817173278785,50.863027102403066,50.773662319266805,-44.874116249116014,35.55,45.53,con zn1_20250608_183936,1749382776.824886,54
-14.226772655658124,49.2011462023147,49.12392764107244,-45.244052001223054,35.57,45.5,con zn1_20250608_183936,1749382776.824886,55
-15.386478673247893,48.01257115758199,47.915977378959724,-45.54460271932703,35.57,45.55,con zn1_20250608_183936,1749382776.824886,56
-14.46187596976074,51.10074211134997,51.01525237168971,-44.81400610549508,35.55,45.52,con zn1_20250608_183936,1749382776.824886,57
-15.546184690837663,46.82399611285018,46.708027116847916,-45.84515343743101,35.57,45.6,con zn1_20250608_183936,1749382776.824886,58
-14.303016051438135,50.38653500324199,50.269784370039815,-45.019754162976824,35.54,45.6,con zn1_20250608_183936,1749382776.824886,59
-13.155671022592514,53.235928866793984,52.10677146596572,-44.37468531938521,35.51,45.63,con zn1_20250608_183936,1749382776.824886,60
-13.02790620852079,54.18678890257979,53.07313167565553,-44.134244744901935,35.51,45.59,con zn1_20250608_183936,1749382776.824886,61
-13.77322267964405,53.18572682131162,53.05243383127254,-44.15966237152111,35.5,45.64,con zn1_20250608_183936,1749382776.824886,62
-12.848619976157124,56.273897775078694,56.15170882400162,-43.429065757689386,35.48,45.61,con zn1_20250608_183936,1749382776.824886,63
-13.81667877263908,56.51161278402469,56.393298876424524,-44.36895561406868,35.48,45.6,con zn1_20250608_183936,1749382776.824886,64
-13.498112836726477,56.98598072064942,56.855781136888254,-44.274152953446446,35.47,45.63,con zn1_20250608_183936,1749382776.824886,65
-12.286885400845222,60.31080460209341,60.175948337657246,-43.508863822612966,35.44,45.64,con zn1_20250608_183936,1749382776.824886,66
-12.382709011399129,59.59765957525451,59.45117818039034,-43.68919425347531,35.44,45.67,con zn1_20250608_183936,1749382776.824886,67
-13.382709011399129,59.59765957525451,59.45117818039034,-43.68919425347531,35.44,45.67,con zn1_20250608_183936,1749382776.824886,68
-13.382709011399129,59.59765957525451,58.45117818039034,-43.68919425347531,35.44,45.67,con zn1_20250608_183936,1749382776.824886,69
-12.490893610697185,60.5453333672358,59.35544485693663,-43.52500655884978,35.41,45.78,con zn1_20250608_183936,1749382776.824886,70
-12.586717221251092,58.8321883403969,58.630674699668816,-43.70533698971212,35.41,45.81,con zn1_20250608_183936,1749382776.824886,71
-12.61865842476891,58.59447333144999,58.38908464724682,-43.76544713333283,35.41,45.82,con zn1_20250608_183936,1749382776.824886,72
-12.36397489589217,58.593411250181816,58.368386802864734,-43.79086475995223,35.4,45.87,con zn1_20250608_183936,1749382776.824886,73
-12.013467756461978,59.305494195752544,59.07245911575046,-43.63595195570906,35.39,45.89,con zn1_20250608_183936,1749382776.824886,74
-11.93000513465222,61.679458041411635,61.426266106829644,-43.11110339935885,35.36,45.94,con zn1_20250608_183936,1749382776.824886,75
-12.440218291672409,59.7788000511091,58.51424353183302,-43.566566921706,35.37,45.97,con zn1_20250608_183936,1749382776.824886,76
-11.32481446634506,62.39047890571419,61.1096405753342,-42.98160822173509,35.34,46.01,con zn1_20250608_183936,1749382776.824886,77
-11.00624853043223,61.86484684233983,61.57212283579884,-42.886805561112624,35.33,46.04,con zn1_20250608_183936,1749382776.824886,78
-10.591858983965722,63.05235980580346,62.75937525352947,-42.61167246962805,35.32,46.04,con zn1_20250608_183936,1749382776.824886,79
-10.719623798037674,62.101499770017654,61.79301504383966,-42.85211304411109,35.32,46.08,con zn1_20250608_183936,1749382776.824886,80
-9.380631548084239,66.37718368724745,66.07954245429937,-41.84638333879457,35.29,46.05,con zn1_20250608_183936,1749382776.824886,81
-8.26522772275689,68.98886254185436,68.67493949780146,-41.261424638823655,35.26,46.09,con zn1_20250608_183936,1749382776.824886,82
-7.914720583326243,69.70094548742509,69.37901181068719,-42.10651183458049,35.25,46.11,con zn1_20250608_183936,1749382776.824886,83
-7.022059083357362,72.55140143224617,72.23669675099336,-41.43602536436947,35.23,46.09,con zn1_20250608_183936,1749382776.824886,84
-7.9901178798393175,72.78911644119216,71.47828680341627,-41.375915220748766,35.23,46.08,con zn1_20250608_183936,1749382776.824886,85
-8.086787589660162,70.17318926151347,68.80009838238857,-42.062544427196826,35.22,46.24,con zn1_20250608_183936,1749382776.824886,86
-8.118728793178207,69.93547425256747,68.55850832996657,-42.12265457081753,35.22,46.25,con zn1_20250608_183936,1749382776.824886,87
-6.206487078435657,73.68446402515292,73.28682015650611,-40.04753983149794,35.17,46.3,con zn1_20250608_183936,1749382776.824886,88
-7.1310897819223555,70.59629307138675,70.18754516377885,-40.77813644532944,35.19,46.33,con zn1_20250608_183936,1749382776.824886,89
-6.047627160112597,72.97025691704675,72.54135215485803,-40.25328788897946,35.16,46.38,con zn1_20250608_183936,1749382776.824886,90
-5.761002427718267,73.20690984472458,72.76224436289885,-40.2185953719777,35.15,46.42,con zn1_20250608_183936,1749382776.824886,91
-5.091929352375246,74.39336072692004,73.92879893624922,-39.96887990711252,35.13,46.47,con zn1_20250608_183936,1749382776.824886,92
-5.123870555893063,74.15564571797404,73.68720888382632,-40.02899005073323,35.13,46.48,con zn1_20250608_183936,1749382776.824886,93
-4.104290341119395,76.05417954573932,74.5578357700615,-39.62436178162466,35.1,46.55,con zn1_20250608_183936,1749382776.824886,94
-3.8815480157607,75.81540245552515,74.29554787325742,-39.70988955186476,35.09,46.61,con zn1_20250608_183936,1749382776.824886,95
-3.62686448688396,75.81434037425788,75.27485002887715,-39.73530717848371,35.08,46.66,con zn1_20250608_183936,1749382776.824886,96
-2.4475782545202946,78.90144924675587,77.35342717722415,-39.03012819127116,35.05,46.68,con zn1_20250608_183936,1749382776.824886,97
-2.140527208085132,82.93941815503968,81.39836453526004,-38.084508629575794,35.02,46.66,con zn1_20250608_183936,1749382776.824886,98
-2.491034347515779,82.22733520946895,80.6942922223734,-38.239421433818734,35.03,46.64,con zn1_20250608_183936,1749382776.824886,99
-2.586857958069686,81.51419018262914,79.9695220651065,-38.419751864681075,35.03,46.67,con zn1_20250608_183936,1749382776.824886,100
0.0,0.0,0.0,0.0,35.53,48.56,con zn2_20250608_184753,1749383273.5728734,1
-0.4143895464665093,-1.1875129634627228,-1.1872524177306332,0.7248669085154233,35.54,48.56,con zn2_20250608_184753,1749383273.5728734,2
-0.4143895464665093,-1.1875129634627228,-1.1872524177306332,-0.27513309148457665,35.54,48.56,con zn2_20250608_184753,1749383273.5728734,3
-0.3824483429484644,-0.9497979545167254,-0.9456623653077258,-0.21502294786364473,35.54,48.55,con zn2_20250608_184753,1749383273.5728734,4
-0.8287790929327912,-2.375025926926355,-2.374504835460357,-0.5502661829691533,35.55,48.56,con zn2_20250608_184753,1749383273.5728734,5
-1.4978521682762675,-3.5614768091227234,-3.5410594088107246,-0.7999816478347839,35.57,48.51,con zn2_20250608_184753,1749383273.5728734,6
-2.0080653252962293,-5.462134799425257,-5.453081983808261,-1.2554451701817015,35.58,48.54,con zn2_20250608_184753,1749383273.5728734,7
-1.4978521682762675,-3.5614768091227234,-3.5410594088107246,-0.7999816478347839,35.57,48.51,con zn2_20250608_184753,1749383273.5728734,8
-1.4339697612401778,-3.086046791229819,-3.0578793039658194,-0.6797613605933748,35.57,48.49,con zn2_20250608_184753,1749383273.5728734,9
-1.9122417147425494,-4.748989772586356,-4.728311826541358,-1.0751147393193605,35.58,48.51,con zn2_20250608_184753,1749383273.5728734,10
-1.9122417147425494,-4.748989772586356,-4.728311826541358,-1.0751147393193605,35.58,48.51,con zn2_20250608_184753,1749383273.5728734,11
-2.3905136682451484,-6.411932753943802,-6.3987443491178055,-1.470468118045801,35.59,48.53,con zn2_20250608_184753,1749383273.5728734,12
-1.9761241217784118,-5.22441979047926,-5.211491931386263,-1.195335026560997,35.58,48.53,con zn2_20250608_184753,1749383273.5728734,13
-3.05958674358817,-7.598383636138351,-7.565298922465445,-1.7201835829112042,35.61,48.48,con zn2_20250608_184753,1749383273.5728734,14
-1.9761241217784118,-5.22441979047926,-5.211491931386263,-1.195335026560997,35.58,48.53,con zn2_20250608_184753,1749383273.5728734,15
-2.1669252436195166,-4.7479276913190915,-4.707613982160183,-1.0496971127004144,35.59,48.46,con zn2_20250608_184753,1749383273.5728734,16
-1.8164181041886422,-4.0358447457465445,-4.003541669273545,-0.8947843084570195,35.58,48.48,con zn2_20250608_184753,1749383273.5728734,17
-2.963763133034263,-6.885238609299449,-6.840528765198542,-1.5398531520488632,35.61,48.45,con zn2_20250608_184753,1749383273.5728734,18
-3.442035086536407,-8.548181590655076,-8.51096128777408,-1.9352065307750763,35.62,48.47,con zn2_20250608_184753,1749383273.5728734,19
-2.1669252436195166,-4.7479276913190915,-4.707613982160183,-1.0496971127004144,35.59,48.46,con zn2_20250608_184753,1749383273.5728734,20
-2.963763133034263,-6.885238609299449,-6.840528765198542,-1.5398531520488632,35.61,48.45,con zn2_20250608_184753,1749383273.5728734,21
-4.206931772433791,-10.447777499691256,-10.40228601839135,-2.3652524265028205,35.64,48.45,con zn2_20250608_184753,1749383273.5728734,22
-2.8679395224803557,-6.172093582460548,-6.115758607931639,-1.3595227211865222,35.61,48.42,con zn2_20250608_184753,1749383273.5728734,23
-3.472284091520578,-4.980332293923311,-4.845714812676306,-0.9827191232250243,35.64,48.22,con zn2_20250608_184753,1749383273.5728734,24
-2.493621671940673,5.952433955075321,6.226031909993253,1.731512230092676,35.62,47.86,con zn2_20250608_184753,1749383273.5728734,25
-3.575392095216557,7.384034415093083,7.779061446433843,-4.780738775086547,35.67,47.55,con zn2_20250608_184753,1749383273.5728734,26
-1.9161417108164187,15.939650574628104,16.434907644878876,-10.667608857976802,35.65,47.29,con zn2_20250608_184753,1749383273.5728734,27
-3.53284726860079,17.79223068198462,18.333988273947398,-15.946287134527438,35.65,47.17,con zn2_20250608_184753,1749383273.5728734,28
-4.213435233421251,20.169380771448232,20.749888798171924,-20.345185698319483,35.65,47.07,con zn2_20250608_184753,1749383273.5728734,29
-5.62697868062105,20.88464996082348,21.516054644201176,-26.114020014218795,35.67,46.94,con zn2_20250608_184753,1749383273.5728734,30
-5.734317180651715,23.73510590564456,24.373739584508257,-27.443533544007778,35.65,46.92,con zn2_20250608_184753,1749383273.5728734,31
-7.307566645441284,23.261800050287093,23.931955168425702,-30.512918578011067,35.67,46.84,con zn2_20250608_184753,1749383273.5728734,32
-8.211743034887377,23.974945077126904,23.656725325692605,-33.332588147148726,35.67,46.81,con zn2_20250608_184753,1749383273.5728734,33
-9.083978220815652,23.925805112912713,24.623085535382415,-35.09214757266568,35.67,46.77,con zn2_20250608_184753,1749383273.5728734,34
-9.115919424333697,23.688090103965806,24.381495482959508,-37.152257716286385,35.67,46.78,con zn2_20250608_184753,1749383273.5728734,35
-12.30672054617412,24.164582203126884,24.885373432185588,-39.00661980242535,35.68,46.71,con zn2_20250608_184753,1749383273.5728734,36
-13.00773482503564,22.740416311985427,22.477228806414132,-40.31644541091191,35.7,46.67,con zn2_20250608_184753,1749383273.5728734,37
-11.9562134067437,24.87666514869761,24.589445745072226,-41.85170699818241,35.67,46.73,con zn2_20250608_184753,1749383273.5728734,38
-13.764566185635886,25.302955202376324,26.03898605960603,-41.491046136457726,35.67,46.67,con zn2_20250608_184753,1749383273.5728734,39
-13.860389796189793,24.589810175537423,25.31421590233913,-42.67137656732007,35.67,46.7,con zn2_20250608_184753,1749383273.5728734,40
-13.9562134067437,23.87666514869761,24.589445745072226,-44.85170699818241,35.67,46.73,con zn2_20250608_184753,1749383273.5728734,41
-16.199382046143228,20.314126258307624,21.027688491880326,-45.67710627263659,35.7,46.73,con zn2_20250608_184753,1749383273.5728734,42
-14.095493110292637,26.489406084572693,27.2055406329564,-45.241330671592095,35.65,46.72,con zn2_20250608_184753,1749383273.5728734,43
-15.127434313810454,26.251691075626695,26.963950580533492,-45.30144081521303,35.65,46.73,con zn2_20250608_184753,1749383273.5728734,44
-14.012030488482878,28.863369930232693,28.55934762403558,-45.71648211524189,35.62,46.77,con zn2_20250608_184753,1749383273.5728734,45
-17.147860627851514,22.450375095019808,22.13990543053751,-47.21236785990709,35.67,46.79,con zn2_20250608_184753,1749383273.5728734,46
-17.31908153491827,23.825401021947982,24.514410265999686,-47.66210167693771,35.65,46.79,con zn2_20250608_184753,1749383273.5728734,47
-17.03245680252394,24.062053949625806,24.7353024740396,-47.62740915993618,35.64,46.83,con zn2_20250608_184753,1749383273.5728734,48
-16.203677709590693,26.43707987655398,27.109807309501775,-47.07714297696657,35.62,46.83,con zn2_20250608_184753,1749383273.5728734,49
-16.82122936664223,27.386877831070706,28.0554696748095,-46.862120029102925,35.61,46.84,con zn2_20250608_184753,1749383273.5728734,50
-17.23561891310851,26.199364867607983,26.868217257078868,-47.137253120587275,35.62,46.84,con zn2_20250608_184753,1749383273.5728734,51
-17.23561891310851,26.199364867607983,26.868217257078868,-47.137253120587275,35.62,46.84,con zn2_20250608_184753,1749383273.5728734,52
-16.18409749481725,28.335613704319258,27.980434195736052,-46.67251470785823,35.59,46.9,con zn2_20250608_184753,1749383273.5728734,53
-17.18409749481725,28.335613704319258,27.980434195736052,-47.67251470785823,35.59,46.9,con zn2_20250608_184753,1749383273.5728734,54
-17.056332680745527,28.286473740105066,28.946794405424953,-47.43207413337518,35.59,46.86,con zn2_20250608_184753,1749383273.5728734,55
-17.833590355386377,27.047696649890895,27.68450650862269,-48.51760190361483,35.58,46.92,con zn2_20250608_184753,1749383273.5728734,56
-16.622362919504894,30.372520531336704,31.00467370939259,-47.75231277278158,35.55,46.93,con zn2_20250608_184753,1749383273.5728734,57
-17.45114201243814,27.99749460440853,28.630168873931325,-48.30257895575119,35.57,46.93,con zn2_20250608_184753,1749383273.5728734,58
-16.14409096600275,32.03546351269324,32.67510623196722,-47.356959394055366,35.54,46.91,con zn2_20250608_184753,1749383273.5728734,59
-17.674730437063772,26.33348954178382,26.939038506973702,-48.723349961096574,35.57,47.0,con zn2_20250608_184753,1749383273.5728734,60
-15.857466233607965,32.272116440370155,32.89599844000804,-47.322266877053835,35.53,46.95,con zn2_20250608_184753,1749383273.5728734,61
-16.52738540821815,29.182883405335815,29.7760256028987,-48.07828111750473,35.54,47.03,con zn2_20250608_184753,1749383273.5728734,62
-17.081054658233825,30.608111377745445,31.20486807305133,-47.74303788239945,35.53,47.02,con zn2_20250608_184753,1749383273.5728734,63
-15.90176842587016,32.69522025024435,34.283445221398324,-47.0378588951869,35.5,47.04,con zn2_20250608_184753,1749383273.5728734,64
-15.869827222352114,32.932935259190344,34.52503527382123,-46.97774875156597,35.5,47.03,con zn2_20250608_184753,1749383273.5728734,65
-16.06147444345993,31.50664520551163,33.075494959286516,-47.33840961329065,35.5,47.09,con zn2_20250608_184753,1749383273.5728734,66
-15.850247007578446,34.83146908695744,36.39566216005733,-46.5731204824574,35.47,47.1,con zn2_20250608_184753,1749383273.5728734,67
-15.435857461112164,36.01898205042107,36.58291457778796,-46.29798739097282,35.46,47.1,con zn2_20250608_184753,1749383273.5728734,68
-15.467798664630209,35.781267041475076,36.34132452536505,-46.358097534593526,35.46,47.11,con zn2_20250608_184753,1749383273.5728734,69
-14.288512432266543,38.86837591397307,39.41990167371205,-45.65291854738098,35.43,47.13,con zn2_20250608_184753,1749383273.5728734,70
-14.448218449856313,37.67980086924126,38.21195141160024,-46.953469265484955,35.43,47.18,con zn2_20250608_184753,1749383273.5728734,71
-15.54404206041022,36.96665584240145,37.487181254333336,-47.133799696347296,35.43,47.21,con zn2_20250608_184753,1749383273.5728734,72
-14.811086578031109,37.628536742490724,39.1369159325277,-46.76386394424003,35.41,47.24,con zn2_20250608_184753,1749383273.5728734,73
-14.588344252672414,37.38975965227564,38.87462803572271,-45.849391714480134,35.4,47.3,con zn2_20250608_184753,1749383273.5728734,74
-14.524461845636324,38.86518967016855,39.35780814056761,-45.729171427238725,35.4,47.28,con zn2_20250608_184753,1749383273.5728734,75
-12.994668473842466,42.66438148823818,43.140457601801245,-44.86907963578301,35.36,47.32,con zn2_20250608_184753,1749383273.5728734,76
-13.122433287914191,41.71352145245237,41.174097392111435,-45.10952021026628,35.36,47.36,con zn2_20250608_184753,1749383273.5728734,77
-13.282139305504188,40.52494640771965,39.96614712999872,-45.41007092837003,35.36,47.41,con zn2_20250608_184753,1749383273.5728734,78
-12.51724261960726,42.42454231675492,41.85747186061599,-44.98002503264229,35.34,47.43,con zn2_20250608_184753,1749383273.5728734,79
-12.13479427665834,42.37434027127256,42.80313422592462,-45.76500208477819,35.33,47.44,con zn2_20250608_184753,1749383273.5728734,80
-11.752345933709876,43.32413822579019,43.74879659123326,-45.549979136914544,35.32,47.45,con zn2_20250608_184753,1749383273.5728734,81
-11.880110747781828,42.373278190004385,42.78243638154345,-45.79041971139759,35.32,47.49,con zn2_20250608_184753,1749383273.5728734,82
-10.872045422485371,47.83541298942964,47.23551836535171,-44.53497454121566,35.27,47.51,con zn2_20250608_184753,1749383273.5728734,83
-10.840104218967326,48.07312799837655,47.47710841777371,-44.474864397594956,35.27,47.5,con zn2_20250608_184753,1749383273.5728734,84
-10.075207533070397,49.97272390741182,50.36843314839007,-44.044818501866985,35.25,47.52,con zn2_20250608_184753,1749383273.5728734,85
-9.47001686476301,49.68374477171437,50.05180761689553,-43.91532332424299,35.23,47.59,con zn2_20250608_184753,1749383273.5728734,86
-10.055627318296501,50.871257735178915,51.23906003462616,-43.640190232758414,35.22,47.59,con zn2_20250608_184753,1749383273.5728734,87
-10.62972288235278,48.49516972698257,48.84385735478372,-44.21587404234674,35.23,47.64,con zn2_20250608_184753,1749383273.5728734,88
-8.940223492968926,53.482936589784,53.83445707812825,-43.055231532787275,35.19,47.63,con zn2_20250608_184753,1749383273.5728734,89
-8.335032824661766,54.19395745408656,54.517831546631896,-42.92573635516351,35.17,47.7,con zn2_20250608_184753,1749383273.5728734,90
-9.22769432463042,51.34350150926639,51.660146606326634,-43.5962228253743,35.19,47.72,con zn2_20250608_184753,1749383273.5728734,91
-6.901063063421589,57.280004245317286,57.575710850598625,-42.24597499457036,35.13,47.77,con zn2_20250608_184753,1749383273.5728734,92
-8.208114109856751,53.242035337033485,53.53077349256182,-43.19159455626573,35.16,47.79,con zn2_20250608_184753,1749383273.5728734,93
-6.678320738062666,57.041227155102206,57.31342295379454,-42.33150276481024,35.12,47.83,con zn2_20250608_184753,1749383273.5728734,94
-6.742203145098756,56.5657971372093,56.83024284894964,-42.45172305205165,35.12,47.85,con zn2_20250608_184753,1749383273.5728734,95
-5.945365255683782,58.70310805519057,58.963157631988906,-41.9615670127032,35.1,47.86,con zn2_20250608_184753,1749383273.5728734,96
-5.276292180340533,59.88955893738694,60.129712205339274,-41.71185154783757,35.08,47.91,con zn2_20250608_184753,1749383273.5728734,97
-5.85038774439704,56.51347092918968,57.734509525495014,-41.28753535742635,35.09,47.96,con zn2_20250608_184753,1749383273.5728734,98
-4.352535576120772,60.07494773831331,61.27556893430665,-40.48755370959134,35.05,48.01,con zn2_20250608_184753,1749383273.5728734,99
-4.320594372602727,60.31266274726022,61.517158986729555,-40.427443565970634,35.05,48.0,con zn2_20250608_184753,1749383273.5728734,100
0.0,0.0,0.0,0.0,35.67,48.88,con zn3_20250608_185615,1749383775.2531893,1
-0.38244834294823704,-0.9497979545176349,-0.9456623653077258,-0.21502294786364473,35.68,48.87,con zn3_20250608_185615,1749383775.2531893,2
-1.1792862323636655,-2.087108872498902,-3.0785771483469944,0.29482101278767914,35.7,48.86,con zn3_20250608_185615,1749383775.2531893,3
-0.4143895464662819,-0.18751296346363233,-1.1872524177306332,-0.2751330914843493,35.68,48.88,con zn3_20250608_185615,1749383775.2531893,4
-0.38244834294823704,0.050202045482365065,-0.9456623653077258,-0.21502294786364473,35.68,48.87,con zn3_20250608_185615,1749383775.2531893,5
-1.6256169823479922,-3.512336844908532,-4.507419618499625,-0.04042222231782944,35.71,48.87,con zn3_20250608_185615,1749383775.2531893,6
-1.6894993893838546,-3.987766862801436,-4.9905997233445305,-0.1606425095594659,35.71,48.89,con zn3_20250608_185615,1749383775.2531893,7
-1.2751098429175727,-2.800253899337804,-3.8033473056138973,0.11449058192533812,35.7,48.89,con zn3_20250608_185615,1749383775.2531893,8
-1.848359307706687,-3.2735597546934514,-4.245131721696453,0.045105547922275946,35.72,48.81,con zn3_20250608_185615,1749383775.2531893,9
-1.4978521682760402,-2.5614768091227234,-3.541059408809815,0.2000183521654435,35.71,48.83,con zn3_20250608_185615,1749383775.2531893,10
-2.9122417147425494,-3.7489897725863557,-4.728311826540448,-1.0751147393193605,35.72,48.83,con zn3_20250608_185615,1749383775.2531893,11
-3.772962011193613,-6.361730708461437,-7.344406714424622,-1.6854910659094458,35.74,48.84,con zn3_20250608_185615,1749383775.2531893,12
-2.5617345753119025,-3.0369068270156276,-4.02423951365472,-0.920201935076193,35.71,48.85,con zn3_20250608_185615,1749383775.2531893,13
-2.8164181041886422,-3.035844745747454,-4.003541669273545,0.1052156915429805,35.72,48.8,con zn3_20250608_185615,1749383775.2531893,14
-3.645197197121661,-5.410870672675628,-6.378046504734812,-0.4450504914264002,35.74,48.8,con zn3_20250608_185615,1749383775.2531893,15
-1.720594493634735,-2.322699718907643,-3.2787715120066423,0.2855461224053215,35.72,48.77,con zn3_20250608_185615,1749383775.2531893,16
-1.4978521682760402,-2.5614768091227234,-3.541059408809815,0.2000183521654435,35.71,48.83,con zn3_20250608_185615,1749383775.2531893,17
-2.963763133034263,-5.885238609299449,-6.840528765198542,-0.5398531520486358,35.75,48.77,con zn3_20250608_185615,1749383775.2531893,18
-1.7844769006708248,-2.798129736800547,-3.761951616850638,0.16532583516391242,35.72,48.79,con zn3_20250608_185615,1749383775.2531893,19
-3.7606010224492366,-8.022549527281626,-8.97344354823781,-1.030009191397312,35.77,48.76,con zn3_20250608_185615,1749383775.2531893,20
-3.8244834294853263,-8.49797954517453,-9.456623653082715,-1.1502294786389484,35.77,48.78,con zn3_20250608_185615,1749383775.2531893,21
-2.963763133034263,-5.885238609299449,-6.840528765198542,-0.5398531520486358,35.75,48.77,con zn3_20250608_185615,1749383775.2531893,22
-5.067652068884399,-12.060518435564518,-13.018380906273705,-1.9756287530929058,35.8,48.78,con zn3_20250608_185615,1749383775.2531893,23
-4.205239573899462,-5.642213194011674,-6.49544949086885,-1.3526548753316092,35.8,48.51,con zn3_20250608_185615,1749383775.2531893,24
-3.31003977612977,2.916589209326048,2.2224902407187983,0.8367279216354291,35.81,48.1,con zn3_20250608_185615,1749383775.2531893,25
-3.160156449483111,11.474329531396506,10.919732127925272,-3.9993069080162513,35.81,47.74,con zn3_20250608_185615,1749383775.2531893,26
-2.138884036174886,17.178427664842275,16.69719554168296,-9.582081087736697,35.8,47.55,con zn3_20250608_185615,1749383775.2531893,27
-4.105250634123195,20.221706979466944,20.845622121625638,-15.509373392945008,35.82,47.28,con zn3_20250608_185615,1749383775.2531893,28
-5.817779802461473,22.36114205998456,22.019932593428166,-18.968382100357758,35.82,47.19,con zn3_20250608_185615,1749383775.2531893,29
-4.573765063794781,27.826463103216156,27.53510811038177,-22.63668405031831,35.8,47.06,con zn3_20250608_185615,1749383775.2531893,30
-6.860389796189793,27.589810175537423,27.31421590233913,-25.67137656731984,35.81,47.02,con zn3_20250608_185615,1749383775.2531893,31
-7.12658821454329,31.154473228465577,29.917368844295197,-27.795142039627308,35.8,46.92,con zn3_20250608_185615,1749383775.2531893,32
-8.509036557492209,30.20467527394794,28.971706478985652,-31.01016498749118,35.81,46.91,con zn3_20250608_185615,1749383775.2531893,33
-8.763720086368949,29.205737355216115,28.992404323367737,-31.984747360872007,35.82,46.86,con zn3_20250608_185615,1749383775.2531893,34
-8.902999789917658,31.818478291090287,31.60849921125191,-33.37437103428192,35.8,46.85,con zn3_20250608_185615,1749383775.2531893,35
-10.061859708240718,32.53268539919736,32.35396721289908,-34.16862297680041,35.81,46.77,con zn3_20250608_185615,1749383775.2531893,36
-11.54013166174309,30.869742417840826,30.68353469032445,-36.56397635552662,35.82,46.79,con zn3_20250608_185615,1749383775.2531893,37
-12.572072865261134,29.632027408894828,29.441944637901543,-37.624086499147325,35.82,46.8,con zn3_20250608_185615,1749383775.2531893,38
-12.348484440635275,31.29603247151954,31.133075004858256,-37.20331549380194,35.82,46.73,con zn3_20250608_185615,1749383775.2531893,39
-14.368910754676108,27.49471649091265,27.309029854863184,-39.114242538496,35.84,46.79,con zn3_20250608_185615,1749383775.2531893,40
-13.029918504722673,31.77040040814336,31.595557265321986,-39.108512833179475,35.81,46.76,con zn3_20250608_185615,1749383775.2531893,41
-14.093800911758763,31.294970390250455,31.11237716047708,-40.22873312042111,35.81,46.78,con zn3_20250608_185615,1749383775.2531893,42
-14.96603609768681,32.245830426036264,32.07873737016689,-39.98829254593784,35.81,46.74,con zn3_20250608_185615,1749383775.2531893,43
-15.029918504722673,31.77040040814336,31.595557265321986,-40.108512833179475,35.81,46.76,con zn3_20250608_185615,1749383775.2531893,44
-14.391940533630304,33.62191843423261,33.47394005001115,-40.412608736349284,35.8,46.69,con zn3_20250608_185615,1749383775.2531893,45
-16.74244767306095,32.909835488660974,32.769867737123604,-41.56752154059245,35.81,46.67,con zn3_20250608_185615,1749383775.2531893,46
-16.391940533630304,33.62191843423261,33.47394005001115,-41.412608736349284,35.8,46.69,con zn3_20250608_185615,1749383775.2531893,47
-15.212654301267094,36.709027306729695,36.552517198357236,-40.707429749136736,35.77,46.71,con zn3_20250608_185615,1749383775.2531893,48
-16.49927903366165,36.47237437905278,36.331624990315504,-40.742122266138495,35.78,46.67,con zn3_20250608_185615,1749383775.2531893,49
-16.543581225923845,37.89547818892606,37.719071771706695,-40.45771428427133,35.75,46.76,con zn3_20250608_185615,1749383775.2531893,50
-17.276536708302956,36.23359728883679,35.06933709351142,-41.82765003637837,35.77,46.73,con zn3_20250608_185615,1749383775.2531893,51
-16.352780104083195,37.418986089764985,36.215193822480614,-41.60335219813214,35.74,46.83,con zn3_20250608_185615,1749383775.2531893,52
-17.404301522374908,34.28273725305189,34.10297688382161,-43.068090610861645,35.77,46.77,con zn3_20250608_185615,1749383775.2531893,53
-16.479698818887982,37.37090820681897,37.2022518765516,-42.337493997029924,35.75,46.74,con zn3_20250608_185615,1749383775.2531893,54
-17.33235379004236,39.22030207037187,40.039238972476596,-41.69242515343808,35.72,46.77,con zn3_20250608_185615,1749383775.2531893,55
-17.460118604114086,38.26944203458606,39.072878762786786,-41.932865727921126,35.72,46.81,con zn3_20250608_185615,1749383775.2531893,56
-17.23737627875539,39.03066494437098,38.810590865982704,-42.01839349816123,35.71,46.87,con zn3_20250608_185615,1749383775.2531893,57
-17.555942214667994,37.55629700774716,38.34810860551988,-43.11319615878347,35.72,46.84,con zn3_20250608_185615,1749383775.2531893,58
-17.30125868579148,38.55523492647899,37.3274107611378,-43.13861378540287,35.71,46.89,con zn3_20250608_185615,1749383775.2531893,59
-18.11045756395083,38.078742827317,36.82353281191172,-43.28425169926368,35.7,46.96,con zn3_20250608_185615,1749383775.2531893,60
-16.611759296407627,42.543001789279515,42.31801048448324,-41.977971275843174,35.67,46.88,con zn3_20250608_185615,1749383775.2531893,61
-16.771465313997396,41.35442674454771,41.11006022237052,-42.27852199394715,35.67,46.93,con zn3_20250608_185615,1749383775.2531893,62
-16.73952411047935,41.592141753493706,41.35165027479343,-42.21841185032645,35.67,46.92,con zn3_20250608_185615,1749383775.2531893,63
-15.974627424582195,43.491737662528976,43.2429750054107,-40.788365954598476,35.65,46.94,con zn3_20250608_185615,1749383775.2531893,64
-15.63563517462876,47.767421579760594,47.5295024158695,-39.78263624928195,35.62,46.91,con zn3_20250608_185615,1749383775.2531893,65
-15.763399988700485,46.816561543974785,46.56314220617969,-40.02307682376522,35.62,46.95,con zn3_20250608_185615,1749383775.2531893,66
-15.859223599254392,46.103416517135884,45.83837204891279,-41.203407254627336,35.62,46.98,con zn3_20250608_185615,1749383775.2531893,67
-14.871584587998996,46.764235335954254,47.46740888272507,-40.858889129139925,35.59,47.06,con zn3_20250608_185615,1749383775.2531893,68
-15.553018652086166,47.238603272579894,46.9298911431888,-40.764086468517235,35.58,47.09,con zn3_20250608_185615,1749383775.2531893,69
-15.648842262640073,46.52545824574008,46.205120985921894,-40.944416899379576,35.58,47.12,con zn3_20250608_185615,1749383775.2531893,70
-15.298335123209654,47.23754119131172,46.90919329880762,-40.789504095136635,35.57,47.14,con zn3_20250608_185615,1749383775.2531893,71
-15.521923547835513,45.5735361286861,45.21806293185,-41.21027510048202,35.57,47.21,con zn3_20250608_185615,1749383775.2531893,72
-14.725085658420312,47.71084704666828,47.35097771489018,-40.720119061133346,35.55,47.22,con zn3_20250608_185615,1749383775.2531893,73
-12.888241240190837,55.54800777302171,55.178564534159705,-38.914407707982036,35.48,47.24,con zn3_20250608_185615,1749383775.2531893,74
-14.163351083108182,51.747753873682996,51.37521722854581,-39.799917126056926,35.51,47.25,con zn3_20250608_185615,1749383775.2531893,75
-14.960188972523383,49.61044295570173,49.24230244550563,-40.2900731654056,35.53,47.24,con zn3_20250608_185615,1749383775.2531893,76
-12.984064850744744,54.83486274618281,54.4537943768928,-39.094738138844605,35.48,47.27,con zn3_20250608_185615,1749383775.2531893,77
-12.9521236472267,54.072577755128805,54.6953844293148,-39.03462799522367,35.48,47.26,con zn3_20250608_185615,1749383775.2531893,78
-12.219168164847815,55.73445865521717,56.34511910750916,-38.66469224311663,35.46,47.29,con zn3_20250608_185615,1749383775.2531893,79
-12.378874182437585,54.54588361048536,54.137168845396445,-38.96524296122061,35.46,47.34,con zn3_20250608_185615,1749383775.2531893,80
-11.805624717648243,55.01918946584101,54.578953261479,-39.89585792721755,35.44,47.42,con zn3_20250608_185615,1749383775.2531893,81
-12.327352764145871,56.682132447197546,56.24938578405454,-39.50050454849111,35.43,47.4,con zn3_20250608_185615,1749383775.2531893,82
-11.75410329935653,57.15543830255501,56.691170200137094,-39.43111951448782,35.41,47.48,con zn3_20250608_185615,1749383775.2531893,83
-11.33971375289002,58.342951266017735,57.87842261786682,-39.15598642300347,35.4,47.48,con zn3_20250608_185615,1749383775.2531893,84
-10.160427520526355,61.43006013851573,59.95699976621472,-37.45080743579069,35.37,47.5,con zn3_20250608_185615,1749383775.2531893,85
-11.531360973997835,56.91666121233993,55.42888230333301,-38.51664728472815,35.4,47.54,con zn3_20250608_185615,1749383775.2531893,86
-10.415957148670032,58.52834006694502,58.02427934683601,-37.93168858475701,35.37,47.58,con zn3_20250608_185615,1749383775.2531893,87
-9.937685195167887,60.19128304830156,59.69471186940973,-37.5363352060308,35.36,47.56,con zn3_20250608_185615,1749383775.2531893,88
-10.00156760220375,59.71585303040865,59.211531764565734,-37.656555493272435,35.36,47.58,con zn3_20250608_185615,1749383775.2531893,89
-8.50371543392771,63.277329839532285,62.75259117337646,-36.85657384543765,35.32,47.63,con zn3_20250608_185615,1749383775.2531893,90
-7.292487998045999,66.60215372097628,66.07275837414636,-36.09128471460417,35.29,47.64,con zn3_20250608_185615,1749383775.2531893,91
-7.611900033225766,64.22500363151266,63.656857849921835,-36.692386150812126,35.29,47.74,con zn3_20250608_185615,1749383775.2531893,92
-7.611900033225766,63.225003631512664,63.656857849921835,-36.692386150812126,35.29,47.74,con zn3_20250608_185615,1749383775.2531893,93
-6.528437411416235,65.59896747717266,66.01066484100193,-36.16753759446192,35.26,47.79,con zn3_20250608_185615,1749383775.2531893,94
-7.114047864949725,66.7864804406363,67.19791725873256,-35.892404502977115,35.25,47.79,con zn3_20250608_185615,1749383775.2531893,95
-7.30569508605754,65.36019038695758,65.74837694419784,-36.2530653647018,35.25,47.85,con zn3_20250608_185615,1749383775.2531893,96
-6.444974789606476,67.97293132283176,68.36447183208293,-35.64268903811171,35.23,47.84,con zn3_20250608_185615,1749383775.2531893,97
-5.137923743171314,72.01090023111556,71.40940919011882,-34.69706947641612,35.2,47.82,con zn3_20250608_185615,1749383775.2531893,98
-3.9266963072896033,75.33572411256046,74.72957639088781,-33.931780345582865,35.17,47.83,con zn3_20250608_185615,1749383775.2531893,99
-5.329570964279128,70.58461017743684,69.9598688755841,-35.05773033814103,35.2,47.88,con zn3_20250608_185615,1749383775.2531893,100
0.0,0.0,0.0,0.0,35.93,48.56,con zn4_20250608_190452,1749384292.9006982,1
-0.03194120351804486,0.7622849910530931,-0.24159005242290732,-0.06011014362093192,35.93,48.57,con zn4_20250608_190452,1749384292.9006982,2
0.06388240703586234,0.4754300178929043,0.48318010484490515,0.12022028724163647,35.93,48.54,con zn4_20250608_190452,1749384292.9006982,3
-0.8287790929332459,-1.3750259269272647,-1.3745048354621758,-0.550266182969608,35.95,48.56,con zn4_20250608_190452,1749384292.9006982,4
-0.9680587964819551,1.2377150089459974,1.2415900524229073,0.06011014362070455,35.93,48.55,con zn4_20250608_190452,1749384292.9006982,5
-0.9041763894460928,1.7131450268389017,1.724770157266903,0.18033043086234102,35.93,48.53,con zn4_20250608_190452,1749384292.9006982,6
-1.7648966858971562,-0.8995959090343604,-0.8913247306172707,-0.4300458957279716,35.95,48.54,con zn4_20250608_190452,1749384292.9006982,7
-2.8803005112245046,-3.5112747636403583,-3.4867217741184504,-1.0150045956988833,35.98,48.5,con zn4_20250608_190452,1749384292.9006982,8
-1.7010142788612939,-0.4241658911423656,-0.40814462577236554,-0.3098256084865625,35.95,48.52,con zn4_20250608_190452,1749384292.9006982,9
-2.0195802147736686,-0.8985338277661867,-0.8706268862360957,-0.4046282691087981,35.96,48.49,con zn4_20250608_190452,1749384292.9006982,10
-1.0515214182917134,-1.1362488367130936,-1.1122169386580936,-0.46473841272950267,35.96,48.5,con zn4_20250608_190452,1749384292.9006982,11
-1.0834626218097583,-1.373963845659091,-1.3538069910810009,-0.5248485563504346,35.96,48.51,con zn4_20250608_190452,1749384292.9006982,12
-2.326631261209286,-4.9365027360508975,-4.9155642442729,-1.350247830804392,35.99,48.51,con zn4_20250608_190452,1749384292.9006982,13
-3.0080653252964566,-4.462134799425257,-4.453081983808261,-1.255445170181929,35.98,48.54,con zn4_20250608_190452,1749384292.9006982,14
-1.8164181041886422,-3.0358447457465445,-3.0035416692735453,-0.8947843084572469,35.98,48.48,con zn4_20250608_190452,1749384292.9006982,15
-1.8803005112245046,-3.5112747636403583,-3.4867217741184504,-1.0150045956988833,35.98,48.5,con zn4_20250608_190452,1749384292.9006982,16
-2.3585724647271036,-5.174217744996895,-5.157154296694898,-1.4103579744253238,35.99,48.52,con zn4_20250608_190452,1749384292.9006982,17
-2.230807650655379,-4.223357709211086,-4.190794087005088,-1.169917399942051,35.99,48.48,con zn4_20250608_190452,1749384292.9006982,18
-2.198866447137334,-3.985642700265089,-3.94920403458309,-1.1098072563213464,35.99,48.47,con zn4_20250608_190452,1749384292.9006982,19
-2.166925243619289,-2.7479276913190915,-3.707613982160183,-1.0496971127006418,35.99,48.46,con zn4_20250608_190452,1749384292.9006982,20
-3.442035086536862,-6.548181590655986,-7.51096128777499,-1.935206530775531,36.02,48.47,con zn4_20250608_190452,1749384292.9006982,21
-2.549373586567981,-3.6977256458367265,-4.653276347468818,-1.264720060564514,36.0,48.45,con zn4_20250608_190452,1749384292.9006982,22
-2.771269812659739,-1.5561664027818551,-2.4375701869039403,-0.6728935147391439,36.02,48.26,con zn4_20250608_190452,1749384292.9006982,23
-1.3330695550844212,11.043791152645099,10.387400435864947,1.538361723781918,36.03,47.68,con zn4_20250608_190452,1749384292.9006982,24
0.7307476848388887,27.156085552981494,26.71979067713437,5.790039184620582,36.0,47.11,con zn4_20250608_190452,1749384292.9006982,25
0.8929920002299241,34.05300705623176,32.787995730528564,5.609486229480808,36.03,46.67,con zn4_20250608_190452,1749384292.9006982,26
0.21409623394356458,39.23572145137496,39.11073278227377,5.223185216859747,36.05,46.31,con zn4_20250608_190452,1749384292.9006982,27
0.15997135073803292,48.02799053858689,47.98747118875872,6.371007650970796,36.02,46.09,con zn4_20250608_190452,1749384292.9006982,28
-1.5082556253378243,48.744321809231224,48.774334879170965,4.627590961691112,36.05,45.91,con zn4_20250608_190452,1749384292.9006982,29
-3.4435271190352523,50.1225339799621,51.210933247775756,4.254110024518013,36.06,45.76,con zn4_20250608_190452,1749384292.9006982,30
-2.7736079444246116,53.21176701499826,54.33090608488601,3.0101242649691358,36.05,45.68,con zn4_20250608_190452,1749384292.9006982,31
-4.028291473301579,53.21282909626552,54.351603929266275,2.035541891588082,36.06,45.63,con zn4_20250608_190452,1749384292.9006982,32
-4.486137112763117,55.35120209551587,55.50521655668854,2.551115557556159,36.05,45.59,con zn4_20250608_190452,1749384292.9006982,33
-4.740820641640084,55.35226417678314,55.5259144010688,-0.4234668158248951,36.06,45.54,con zn4_20250608_190452,1749384292.9006982,34
-4.0513212522560025,60.34003103958548,60.51651412441424,0.7371756937347982,36.02,45.53,con zn4_20250608_190452,1749384292.9006982,35
-5.401828391686649,59.627948094013846,59.812441811528515,-0.417737110508142,36.03,45.51,con zn4_20250608_190452,1749384292.9006982,36
-7.070901467029444,58.44149721181839,58.64588723817906,-1.6674525753735452,36.05,45.46,con zn4_20250608_190452,1749384292.9006982,37
-7.33794598465056,59.10337811190675,60.29562191637342,-1.297516823266733,36.03,45.49,con zn4_20250608_190452,1749384292.9006982,38
-7.17823996706079,60.291953156639465,61.50357217848614,-1.9969661051627554,36.03,45.44,con zn4_20250608_190452,1749384292.9006982,39
-7.6999680135584185,61.95489613799509,62.17400470106077,-1.6016127264367697,36.02,45.42,con zn4_20250608_190452,1749384292.9006982,40
-7.827732827630143,61.00403610221019,61.20764449137096,-1.8420533009198152,36.02,45.46,con zn4_20250608_190452,1749384292.9006982,41
-8.76385042059428,61.47946612010219,61.69082459621677,-1.7218330136781788,36.02,45.44,con zn4_20250608_190452,1749384292.9006982,42
-8.859674031148188,60.76632109326329,60.96605443894896,-2.9021634445405198,36.02,45.47,con zn4_20250608_190452,1749384292.9006982,43
-8.998953734697125,63.37906202913746,63.58214932683222,-3.2917871179504345,36.0,45.46,con zn4_20250608_190452,1749384292.9006982,44
-10.827732827630143,61.00403610221019,61.20764449137096,-4.842053300919815,36.02,45.46,con zn4_20250608_190452,1749384292.9006982,45
-9.680387798784523,62.85342996576128,64.04463158729595,-4.1969844573279715,35.99,45.49,con zn4_20250608_190452,1749384292.9006982,46
-10.998953734697125,62.37906202913746,63.58214932683222,-4.2917871179504345,36.0,45.46,con zn4_20250608_190452,1749384292.9006982,47
-10.265998252317786,64.04094292922582,64.2318840050275,-3.9218513658431675,35.98,45.49,con zn4_20250608_190452,1749384292.9006982,48
-10.393763066389738,63.09008289344001,63.265523795337685,-4.1622919403264405,35.98,45.53,con zn4_20250608_190452,1749384292.9006982,49
-9.46916036290304,66.17825384720709,66.36479878806495,-3.4316953264947188,35.96,45.5,con zn4_20250608_190452,1749384292.9006982,50
-10.596925176974992,65.22739381142128,65.39843857837604,-3.6721359009777643,35.96,45.54,con zn4_20250608_190452,1749384292.9006982,51
-10.62886638049281,63.98967880247528,65.15684852595405,-3.7322460445986962,35.96,45.55,con zn4_20250608_190452,1749384292.9006982,52
-10.660807584010854,64.75196379352838,64.91525847353114,-3.792356188219401,35.96,45.56,con zn4_20250608_190452,1749384292.9006982,53
-9.353756537575237,67.78993270181218,68.96019583156885,-2.8467366265235796,35.93,45.54,con zn4_20250608_190452,1749384292.9006982,54
-10.099073008698952,67.788870620544,68.93949798718677,-1.8721542531429805,35.92,45.59,con zn4_20250608_190452,1749384292.9006982,55
-11.481521351647189,66.83907266602637,67.99383562187904,-2.087177201006625,35.93,45.58,con zn4_20250608_190452,1749384292.9006982,56
-9.823963165781379,71.5891245198818,72.74284529280158,-0.9866448350678638,35.89,45.58,con zn4_20250608_190452,1749384292.9006982,57
-10.620801055196125,69.45181360190145,69.60993050976322,1.52319912558346,35.91,45.57,con zn4_20250608_190452,1749384292.9006982,58
-9.505397229869004,72.06349245650654,72.2053275532653,4.108157825554144,35.88,45.61,con zn4_20250608_190452,1749384292.9006982,59
-12.067131805180907,68.02658562949,68.18108803960877,5.187955890477724,35.92,45.58,con zn4_20250608_190452,1749384292.9006982,60
-9.16640497991557,75.33917637373634,76.49185496372411,8.113887530870898,35.85,45.58,con zn4_20250608_190452,1749384292.9006982,61
-9.612735729899896,73.91394840132762,75.06301249357057,9.778644295765162,35.86,45.59,con zn4_20250608_190452,1749384292.9006982,62
-8.051001154587993,77.95085522834324,79.0872520072262,10.698846230841582,35.82,45.62,con zn4_20250608_190452,1749384292.9006982,63
-9.007545061592737,74.62496926562926,75.74638696207512,9.908139473389156,35.84,45.66,con zn4_20250608_190452,1749384292.9006982,64
-8.796317625711254,77.94979314707416,79.06655416284502,9.673428604222408,35.81,45.67,con zn4_20250608_190452,1749384292.9006982,65
-9.338471986249488,74.81142014782472,76.91294153542458,9.157854938254559,35.82,45.71,con zn4_20250608_190452,1749384292.9006982,66
-9.019906050336886,75.28578808444945,77.3754237958874,9.252657598877022,35.81,45.74,con zn4_20250608_190452,1749384292.9006982,67
-9.733281317942101,75.52244101212818,76.59631600393004,9.287350115878553,35.8,45.78,con zn4_20250608_190452,1749384292.9006982,68
-9.829104928496008,74.80929598528928,75.87154584666314,9.107019685016212,35.8,45.81,con zn4_20250608_190452,1749384292.9006982,69
-9.191973056670804,75.75803185853783,76.79651036758878,9.29662500626091,35.78,45.87,con zn4_20250608_190452,1749384292.9006982,70
-9.223914260188849,75.52031684959184,76.55492031516587,9.236514862640206,35.78,45.88,con zn4_20250608_190452,1749384292.9006982,71
-7.4385912602513145,81.22122873923217,82.27029019577913,10.577487803062013,35.74,45.84,con zn4_20250608_190452,1749384292.9006982,72
-7.641753370836113,83.35853965721344,84.4032049788184,14.067643842410689,35.72,45.85,con zn4_20250608_190452,1749384292.9006982,73
-7.737576981390021,82.64539463037454,83.67843482155058,15.887313411548348,35.72,45.88,con zn4_20250608_190452,1749384292.9006982,74
-7.2912462314054665,84.07062260278417,85.10727729170412,17.222556646653857,35.71,45.87,con zn4_20250608_190452,1749384292.9006982,75
-6.972680295493092,84.5449905394089,85.56975955216694,19.317359307276092,35.7,45.9,con zn4_20250608_190452,1749384292.9006982,76
-6.239724813113753,86.20687143949726,86.2194942303613,22.687295059383132,35.68,45.93,con zn4_20250608_190452,1749384292.9006982,77
-7.303607220149843,84.73144142160436,85.7363141255164,22.567074772141723,35.68,45.95,con zn4_20250608_190452,1749384292.9006982,78
-6.124320987786177,87.81855029410326,88.8148912738643,26.27225375935427,35.65,45.97,con zn4_20250608_190452,1749384292.9006982,79
-6.02849737723227,88.53169532094307,89.53966143113212,26.452584190216612,35.65,45.94,con zn4_20250608_190452,1749384292.9006982,80
-4.594527615992092,91.61774211217198,92.59754073509794,27.13234555080976,35.61,46.01,con zn4_20250608_190452,1749384292.9006982,81
-3.8615721336132083,93.27962301226034,94.24727541329048,27.502281302916572,35.59,46.04,con zn4_20250608_190452,1749384292.9006982,82
-4.881998447653814,89.47830703165437,90.42323026329541,25.591354258222736,35.61,46.1,con zn4_20250608_190452,1749384292.9006982,83
-3.7985358258440556,91.85227087731437,92.7770372543755,25.116202814572944,35.58,46.15,con zn4_20250608_190452,1749384292.9006982,84
-2.4914847794086654,95.89023978559908,96.82197461241321,26.061822376268765,35.55,46.13,con zn4_20250608_190452,1749384292.9006982,85
-2.2048600470143356,96.1268927132769,96.04286682045313,25.096514893270296,35.54,46.17,con zn4_20250608_190452,1749384292.9006982,86
-1.9821177216554133,94.88811562306182,95.78057892364995,25.010987123029963,35.53,46.23,con zn4_20250608_190452,1749384292.9006982,87
-2.3965072681219226,93.7006026595991,94.59332650591932,23.735854031545614,35.54,46.23,con zn4_20250608_190452,1749384292.9006982,88
-2.918235314619551,95.36354564095473,96.26375902849395,24.1312074102716,35.53,46.21,con zn4_20250608_190452,1749384292.9006982,89
-2.2172210357584845,96.78771153209709,97.67190365426723,24.441033018757935,35.51,46.25,con zn4_20250608_190452,1749384292.9006982,90
-1.1337584139487262,99.16167537775709,100.02571064534641,24.965881575108142,35.48,46.3,con zn4_20250608_190452,1749384292.9006982,91
-0.2730381174978902,101.77441631363035,102.64180553323058,25.576257901698455,35.46,46.29,con zn4_20250608_190452,1749384292.9006982,92
-0.9429572921078488,98.6851832785951,99.52183269612033,24.820243661247332,35.47,46.37,con zn4_20250608_190452,1749384292.9006982,93
0.5868360796860088,102.48437509666473,103.30448215735305,25.680335452703048,35.43,46.41,con zn4_20250608_190452,1749384292.9006982,94
0.012740515629729998,100.10828708846839,100.90927947751061,25.104651643114494,35.44,46.46,con zn4_20250608_190452,1749384292.9006982,95
1.1600855444753506,102.95768095202129,103.74626657343651,24.74972048670611,35.41,46.49,con zn4_20250608_190452,1749384292.9006982,96
1.733335009264465,103.43098680737694,104.18805098951725,23.819105520709172,35.39,46.57,con zn4_20250608_190452,1749384292.9006982,97
2.530172898679666,105.5682977253582,106.32096577255652,24.30926156005785,35.37,46.58,con zn4_20250608_190452,1749384292.9006982,98
2.4662904916438038,104.0928677074653,105.83778566771252,23.18904127281644,35.37,46.6,con zn4_20250608_190452,1749384292.9006982,99
2.6890328170022713,103.85409061725113,105.57549777090753,22.103513502576334,35.36,46.66,con zn4_20250608_190452,1749384292.9006982,100
